distrito_id,seccion_id,seccion_nombre,ingresos,circuito_id
1,1,Comuna 01,154000.0,000001
1,1,Comuna 01,177000.0,000002
1,1,Comuna 01,135500.0,000003
1,1,Comuna 01,199000.0,000004
1,1,Comuna 01,42000.0,000005
1,1,Comuna 01,177000.0,000006
1,1,Comuna 01,181000.0,000007
1,1,Comuna 01,244000.0,000008
1,1,Comuna 01,213000.0,000009
1,1,Comuna 01,181000.0,000010
1,1,Comuna 01,190000.0,000011
1,1,Comuna 01,151000.0,000012
1,1,Comuna 01,177000.0,000013
1,1,Comuna 01,181000.0,000014
1,1,Comuna 01,151000.0,000015
1,1,Comuna 01,161000.0,000016
1,1,Comuna 01,147000.0,000017
1,1,Comuna 01,137000.0,000018
1,1,Comuna 01,112000.0,000019
1,2,Comuna 02,165000.0,000020
1,2,Comuna 02,181000.0,000021
1,2,Comuna 02,199000.0,000022
1,2,Comuna 02,190000.0,000023
1,2,Comuna 02,181000.0,000024
1,2,Comuna 02,185000.0,000025
1,2,Comuna 02,194000.0,000026
1,2,Comuna 02,177000.0,000027
1,2,Comuna 02,181000.0,000028
1,2,Comuna 02,190000.0,000029
1,3,Comuna 03,147000.0,000030
1,3,Comuna 03,147000.0,000031
1,3,Comuna 03,169000.0,000032
1,3,Comuna 03,161000.0,000033
1,3,Comuna 03,161000.0,000034
1,3,Comuna 03,151000.0,000035
1,3,Comuna 03,126500.0,000036
1,3,Comuna 03,169000.0,000037
1,3,Comuna 03,165000.0,000038
1,3,Comuna 03,169000.0,000039
1,3,Comuna 03,165000.0,000040
1,3,Comuna 03,151000.0,000041
1,3,Comuna 03,158000.0,000042
1,4,Comuna 04,137000.0,000043
1,4,Comuna 04,154000.0,000044
1,4,Comuna 04,83000.0,000045
1,4,Comuna 04,161000.0,000046
1,4,Comuna 04,42000.0,000047
1,4,Comuna 04,128000.0,000048
1,4,Comuna 04,109000.0,000049
1,4,Comuna 04,169000.0,000050
1,4,Comuna 04,147000.0,000051
1,4,Comuna 04,81000.0,000052
1,4,Comuna 04,83000.0,000053
1,4,Comuna 04,141000.0,000054
1,4,Comuna 04,91000.0,000055
1,4,Comuna 04,100000.0,000056
1,4,Comuna 04,114000.0,000057
1,5,Comuna 05,144000.0,000058
1,5,Comuna 05,144000.0,000059
1,5,Comuna 05,151000.0,000060
1,5,Comuna 05,177000.0,000061
1,5,Comuna 05,169000.0,000062
1,5,Comuna 05,165000.0,000063
1,5,Comuna 05,173000.0,000064
1,5,Comuna 05,173000.0,000065
1,5,Comuna 05,169000.0,000066
1,5,Comuna 05,177000.0,000067
1,6,Comuna 06,169000.0,000068
1,6,Comuna 06,181000.0,000069
1,6,Comuna 06,169000.0,000070
1,6,Comuna 06,181000.0,000071
1,6,Comuna 06,151000.0,000072
1,6,Comuna 06,173000.0,000073
1,6,Comuna 06,177000.0,000074
1,7,Comuna 07,165000.0,000075
1,7,Comuna 07,158000.0,000076
1,7,Comuna 07,131000.0,000077
1,7,Comuna 07,128000.0,000078
1,7,Comuna 07,151000.0,000079
1,7,Comuna 07,144000.0,000080
1,7,Comuna 07,125000.0,000081
1,7,Comuna 07,154000.0,000082
1,7,Comuna 07,156000.0,000083
1,7,Comuna 07,151000.0,000084
1,7,Comuna 07,151000.0,000085
1,7,Comuna 07,64000.0,000086
1,8,Comuna 08,49000.0,000087
1,8,Comuna 08,123500.0,000088
1,8,Comuna 08,79000.0,000089
1,8,Comuna 08,75000.0,000090
1,9,Comuna 09,37000.0,000091
1,9,Comuna 09,112000.0,000092
1,9,Comuna 09,128000.0,000093
1,9,Comuna 09,131000.0,000094
1,9,Comuna 09,144000.0,000095
1,9,Comuna 09,107000.0,000096
1,9,Comuna 09,122000.0,000097
1,9,Comuna 09,120000.0,000098
1,9,Comuna 09,147000.0,000099
1,9,Comuna 09,134000.0,000100
1,9,Comuna 09,151000.0,000101
1,10,Comuna 10,141000.0,000102
1,10,Comuna 10,151000.0,000103
1,10,Comuna 10,159500.0,000104
1,10,Comuna 10,144000.0,000105
1,10,Comuna 10,129500.0,000106
1,10,Comuna 10,141000.0,000107
1,10,Comuna 10,151000.0,000108
1,10,Comuna 10,151000.0,000109
1,10,Comuna 10,152500.0,000110
1,10,Comuna 10,151000.0,000111
1,10,Comuna 10,151000.0,000112
1,11,Comuna 11,137000.0,000113
1,11,Comuna 11,165000.0,000114
1,11,Comuna 11,144000.0,000115
1,11,Comuna 11,151000.0,000116
1,11,Comuna 11,161000.0,000117
1,11,Comuna 11,161000.0,000118
1,11,Comuna 11,151000.0,000119
1,11,Comuna 11,165000.0,000120
1,11,Comuna 11,144000.0,000121
1,11,Comuna 11,165000.0,000122
1,11,Comuna 11,144000.0,000123
1,12,Comuna 12,144000.0,000124
1,12,Comuna 12,161000.0,000125
1,12,Comuna 12,151000.0,000126
1,12,Comuna 12,169000.0,000127
1,12,Comuna 12,165000.0,000128
1,12,Comuna 12,165000.0,000129
1,12,Comuna 12,165000.0,000130
1,12,Comuna 12,151000.0,000131
1,12,Comuna 12,144000.0,000132
1,12,Comuna 12,158000.0,000133
1,13,Comuna 13,190000.0,000134
1,13,Comuna 13,181000.0,000135
1,13,Comuna 13,185000.0,000136
1,13,Comuna 13,190000.0,000137
1,13,Comuna 13,175000.0,000138
1,13,Comuna 13,190000.0,000139
1,13,Comuna 13,203000.0,000140
1,13,Comuna 13,161000.0,000141
1,13,Comuna 13,181000.0,000142
1,13,Comuna 13,213000.0,000143
1,13,Comuna 13,190000.0,000144
1,13,Comuna 13,173000.0,000145
1,13,Comuna 13,199000.0,000146
1,13,Comuna 13,181000.0,000147
1,14,Comuna 14,203000.0,000148
1,14,Comuna 14,190000.0,000149
1,14,Comuna 14,181000.0,000150
1,14,Comuna 14,203000.0,000151
1,14,Comuna 14,203000.0,000152
1,14,Comuna 14,181000.0,000153
1,14,Comuna 14,181000.0,000154
1,14,Comuna 14,177000.0,000155
1,14,Comuna 14,181000.0,000156
1,14,Comuna 14,181000.0,000157
1,15,Comuna 15,169000.0,000158
1,15,Comuna 15,165000.0,000159
1,15,Comuna 15,169000.0,000160
1,15,Comuna 15,165000.0,000161
1,15,Comuna 15,131000.0,000162
1,15,Comuna 15,147000.0,000163
1,15,Comuna 15,144000.0,000164
1,15,Comuna 15,169000.0,000165
1,15,Comuna 15,147000.0,000166
1,15,Comuna 15,147000.0,000167
2,1,Adolfo Alsina,97000.0,000001
2,1,Adolfo Alsina,80000.0,000002
2,1,Adolfo Alsina,117000.0,000003
2,1,Adolfo Alsina,87500.0,000004
2,1,Adolfo Alsina,63000.0,000005
2,1,Adolfo Alsina,95000.0,000006
2,1,Adolfo Alsina,100000.0,000007
2,2,Alberti,102000.0,000010
2,2,Alberti,20000.0,000011
2,2,Alberti,41500.0,000012
2,2,Alberti,97500.0,000013
2,2,Alberti,97000.0,000014
2,2,Alberti,93000.0,000015
2,3,Almirante Brown,134000.0,000017
2,3,Almirante Brown,89000.0,000018
2,3,Almirante Brown,66000.0,000019
2,3,Almirante Brown,81000.0,000020
2,3,Almirante Brown,60000.0,000021
2,3,Almirante Brown,45000.0,000022
2,3,Almirante Brown,51000.0,00020A
2,3,Almirante Brown,35500.0,00021A
2,3,Almirante Brown,53000.0,00022A
2,3,Almirante Brown,42000.0,00022B
2,3,Almirante Brown,74000.0,00590A
2,3,Almirante Brown,28000.0,00788A
2,3,Almirante Brown,18000.0,00788C
2,4,Avellaneda,137000.0,000023
2,4,Avellaneda,144000.0,000024
2,4,Avellaneda,78000.0,000025
2,4,Avellaneda,34000.0,000026
2,4,Avellaneda,81000.0,000027
2,4,Avellaneda,93000.0,000030
2,4,Avellaneda,89000.0,000031
2,4,Avellaneda,102000.0,000032
2,4,Avellaneda,107000.0,000033
2,4,Avellaneda,102000.0,000034
2,4,Avellaneda,89000.0,000037
2,4,Avellaneda,93000.0,000038
2,4,Avellaneda,83000.0,000039
2,4,Avellaneda,97000.0,000040
2,5,Ayacucho,89000.0,000046
2,5,Ayacucho,0.0,000048
2,5,Ayacucho,144000.0,000049
2,5,Ayacucho,53000.0,000050
2,5,Ayacucho,49000.0,000051
2,5,Ayacucho,55000.0,000052
2,5,Ayacucho,81000.0,000053
2,5,Ayacucho,85000.0,000054
2,5,Ayacucho,25500.0,000055
2,5,Ayacucho,147000.0,000056
2,5,Ayacucho,102000.0,000057
2,6,Azul,81000.0,000060
2,6,Azul,250000.0,000061
2,6,Azul,75000.0,000062
2,6,Azul,0.0,000063
2,6,Azul,0.0,000064
2,6,Azul,53000.0,000065
2,6,Azul,89000.0,000066
2,6,Azul,79000.0,000067
2,6,Azul,112000.0,000069
2,6,Azul,67500.0,00062A
2,6,Azul,66000.0,00062B
2,7,Bahía Blanca,125000.0,000072
2,7,Bahía Blanca,114000.0,000073
2,7,Bahía Blanca,81000.0,000074
2,7,Bahía Blanca,112000.0,000075
2,7,Bahía Blanca,69000.0,000076
2,7,Bahía Blanca,104500.0,000077
2,7,Bahía Blanca,107000.0,000078
2,7,Bahía Blanca,81000.0,000079
2,7,Bahía Blanca,83000.0,000080
2,7,Bahía Blanca,144000.0,000083
2,7,Bahía Blanca,147000.0,000084
2,7,Bahía Blanca,100000.0,000085
2,7,Bahía Blanca,95000.0,000086
2,7,Bahía Blanca,83000.0,000087
2,7,Bahía Blanca,53000.0,000088
2,7,Bahía Blanca,112000.0,000089
2,7,Bahía Blanca,53000.0,000090
2,7,Bahía Blanca,51000.0,000091
2,7,Bahía Blanca,75000.0,000092
2,7,Bahía Blanca,37000.0,000093
2,8,Balcarce,79000.0,000098
2,8,Balcarce,89000.0,000099
2,8,Balcarce,21000.0,000100
2,8,Balcarce,79000.0,000101
2,8,Balcarce,44000.0,000102
2,8,Balcarce,57000.0,000103
2,8,Balcarce,56500.0,000104
2,8,Balcarce,140500.0,00103A
2,9,Baradero,72000.0,000105
2,9,Baradero,84000.0,000106
2,9,Baradero,36000.0,000107
2,9,Baradero,0.0,000108
2,9,Baradero,0.0,000109
2,9,Baradero,102000.0,000110
2,9,Baradero,29000.0,000111
2,9,Baradero,57500.0,000113
2,9,Baradero,169000.0,000114
2,10,Arrecifes,85000.0,000117
2,10,Arrecifes,94000.0,000118
2,10,Arrecifes,18000.0,000120
2,10,Arrecifes,102000.0,00117A
2,10,Arrecifes,97000.0,00117B
2,11,Berazategui,64000.0,000789
2,11,Berazategui,66000.0,000790
2,11,Berazategui,51000.0,000792
2,11,Berazategui,52000.0,00789A
2,11,Berazategui,81000.0,00789B
2,11,Berazategui,93000.0,00789C
2,11,Berazategui,51000.0,00789D
2,11,Berazategui,81000.0,00789E
2,11,Berazategui,72000.0,00790A
2,11,Berazategui,45000.0,00792A
2,11,Berazategui,31000.0,00792B
2,11,Berazategui,70000.0,00792C
2,11,Berazategui,51000.0,00792D
2,12,Berisso,70000.0,000511
2,12,Berisso,75000.0,000512
2,12,Berisso,75000.0,000513
2,12,Berisso,72000.0,00513A
2,13,Bolívar,93000.0,000125
2,13,Bolívar,0.0,000126
2,13,Bolívar,0.0,000127
2,13,Bolívar,89000.0,000129
2,13,Bolívar,0.0,000130
2,13,Bolívar,79000.0,000131
2,13,Bolívar,112000.0,000132
2,13,Bolívar,63000.0,000133
2,13,Bolívar,26000.0,00125A
2,13,Bolívar,126500.0,00131A
2,14,Bragado,89000.0,000136
2,14,Bragado,60000.0,000137
2,14,Bragado,128000.0,000138
2,14,Bragado,213000.0,000139
2,14,Bragado,19000.0,000140
2,14,Bragado,120500.0,000141
2,14,Bragado,287000.0,000142
2,14,Bragado,81000.0,000143
2,14,Bragado,75000.0,000144
2,14,Bragado,104000.0,000145
2,15,Brandsen,70000.0,000148
2,15,Brandsen,128000.0,000149
2,15,Brandsen,75000.0,000150
2,15,Brandsen,85000.0,000151
2,15,Brandsen,73500.0,000152
2,15,Brandsen,52000.0,000153
2,15,Brandsen,95000.0,00153A
2,16,Campana,102000.0,000155
2,16,Campana,33000.0,000156
2,16,Campana,104000.0,00155A
2,16,Campana,45000.0,00156A
2,16,Campana,50500.0,00156B
2,17,Cañuelas,67000.0,000157
2,17,Cañuelas,75000.0,000158
2,17,Cañuelas,177000.0,000159
2,17,Cañuelas,114000.0,000160
2,17,Cañuelas,0.0,000161
2,17,Cañuelas,0.0,000162
2,17,Cañuelas,31000.0,00158A
2,17,Cañuelas,21000.0,00158B
2,18,Capitán Sarmiento,76000.0,000121
2,18,Capitán Sarmiento,70000.0,000122
2,19,Carlos Casares,89000.0,000164
2,19,Carlos Casares,10000.0,000165
2,19,Carlos Casares,0.0,000166
2,19,Carlos Casares,41000.0,000167
2,19,Carlos Casares,161000.0,00164A
2,19,Carlos Casares,190000.0,00165A
2,19,Carlos Casares,91000.0,00165B
2,19,Carlos Casares,57000.0,00167A
2,20,Carlos Tejedor,93000.0,000169
2,20,Carlos Tejedor,17500.0,000170
2,20,Carlos Tejedor,42000.0,000171
2,20,Carlos Tejedor,74000.0,000172
2,20,Carlos Tejedor,75000.0,000173
2,20,Carlos Tejedor,75000.0,00171A
2,21,Carmen De Areco,74000.0,000175
2,21,Carmen De Areco,50500.0,000176
2,21,Carmen De Areco,84000.0,000177
2,22,Patagones,75000.0,000729
2,22,Patagones,94000.0,000730
2,22,Patagones,99500.0,000731
2,22,Patagones,42000.0,000732
2,22,Patagones,87000.0,000733
2,22,Patagones,0.0,00731A
2,23,Castelli,81000.0,000185
2,23,Castelli,72000.0,000187
2,24,Colón,81000.0,000230
2,24,Colón,102000.0,000231
2,24,Colón,30500.0,00230A
2,24,Colón,0.0,00231A
2,25,Coronel Dorrego,97000.0,000232
2,25,Coronel Dorrego,169000.0,000233
2,25,Coronel Dorrego,50500.0,000234
2,25,Coronel Dorrego,181000.0,000235
2,25,Coronel Dorrego,85000.0,000236
2,25,Coronel Dorrego,81000.0,000237
2,25,Coronel Dorrego,91000.0,000238
2,25,Coronel Dorrego,0.0,00232A
2,25,Coronel Dorrego,34000.0,00236A
2,25,Coronel Dorrego,165000.0,00237A
2,26,Coronel Pringles,75000.0,000240
2,26,Coronel Pringles,63000.0,000241
2,26,Coronel Pringles,130000.0,000242
2,26,Coronel Pringles,0.0,000243
2,26,Coronel Pringles,128000.0,000244
2,26,Coronel Pringles,48000.0,000245
2,26,Coronel Pringles,205000.0,000246
2,27,Coronel Rosales,75000.0,000248
2,27,Coronel Rosales,75000.0,000249
2,27,Coronel Rosales,101000.0,00248A
2,27,Coronel Rosales,322000.0,00248B
2,27,Coronel Rosales,31500.0,00249A
2,28,Coronel Suárez,89000.0,000252
2,28,Coronel Suárez,85000.0,000253
2,28,Coronel Suárez,85000.0,000254
2,28,Coronel Suárez,0.0,000255
2,28,Coronel Suárez,0.0,000256
2,28,Coronel Suárez,125500.0,00256A
2,28,Coronel Suárez,95000.0,00258A
2,28,Coronel Suárez,31000.0,00258B
2,28,Coronel Suárez,151000.0,00258C
2,29,Chacabuco,83000.0,000189
2,29,Chacabuco,90000.0,000190
2,29,Chacabuco,86000.0,000191
2,29,Chacabuco,30000.0,000192
2,29,Chacabuco,0.0,000193
2,29,Chacabuco,50000.0,000194
2,29,Chacabuco,145500.0,000195
2,29,Chacabuco,0.0,000196
2,29,Chacabuco,86000.0,000197
2,29,Chacabuco,93000.0,000198
2,29,Chacabuco,86000.0,00196A
2,30,Chascomús,75000.0,000201
2,30,Chascomús,42000.0,000203
2,30,Chascomús,144000.0,000204
2,30,Chascomús,0.0,000205
2,30,Chascomús,64000.0,000206
2,30,Chascomús,169000.0,000208
2,30,Chascomús,72000.0,000209
2,30,Chascomús,77000.0,00207L
2,31,Chivilcoy,89000.0,000211
2,31,Chivilcoy,151000.0,000212
2,31,Chivilcoy,181000.0,000213
2,31,Chivilcoy,7000.0,000215
2,31,Chivilcoy,86000.0,000216
2,31,Chivilcoy,136000.0,000218
2,31,Chivilcoy,110500.0,000219
2,31,Chivilcoy,145000.0,000220
2,31,Chivilcoy,0.0,000221
2,31,Chivilcoy,87000.0,000222
2,31,Chivilcoy,75000.0,000224
2,31,Chivilcoy,0.0,000226
2,32,Daireaux,71000.0,000179
2,32,Daireaux,85000.0,000180
2,32,Daireaux,60500.0,000181
2,32,Daireaux,95500.0,000182
2,32,Daireaux,75000.0,000183
2,33,Dolores,75000.0,000282
2,33,Dolores,0.0,000283
2,33,Dolores,0.0,000284
2,33,Dolores,18500.0,000285
2,34,Ensenada,74000.0,000490
2,34,Ensenada,72000.0,000491
2,34,Ensenada,66500.0,000492
2,34,Ensenada,52000.0,00491A
2,35,Escobar,51000.0,000773
2,35,Escobar,72000.0,000774
2,35,Escobar,60000.0,000775
2,35,Escobar,51000.0,00773A
2,35,Escobar,42000.0,00773B
2,35,Escobar,117000.0,00775A
2,36,Esteban Echeverría,14000.0,000286
2,36,Esteban Echeverría,38000.0,000287
2,36,Esteban Echeverría,102000.0,000288
2,36,Esteban Echeverría,91000.0,000291
2,36,Esteban Echeverría,31000.0,00286A
2,36,Esteban Echeverría,38000.0,00287A
2,36,Esteban Echeverría,89000.0,00287B
2,36,Esteban Echeverría,27000.0,00287C
2,36,Esteban Echeverría,38000.0,00287D
2,36,Esteban Echeverría,97000.0,00288A
2,36,Esteban Echeverría,43000.0,00288B
2,36,Esteban Echeverría,63000.0,00291A
2,37,Exaltación De La Cruz,86000.0,000292
2,37,Exaltación De La Cruz,64000.0,000293
2,37,Exaltación De La Cruz,26000.0,000294
2,37,Exaltación De La Cruz,75000.0,000295
2,37,Exaltación De La Cruz,56000.0,000296
2,37,Exaltación De La Cruz,44000.0,000297
2,37,Exaltación De La Cruz,134000.0,000298
2,38,Florencio Varela,64000.0,000302
2,38,Florencio Varela,134000.0,000303
2,38,Florencio Varela,26000.0,00302A
2,38,Florencio Varela,23000.0,00302B
2,38,Florencio Varela,49000.0,00302C
2,38,Florencio Varela,43000.0,00302D
2,38,Florencio Varela,26000.0,00302E
2,38,Florencio Varela,34000.0,00302F
2,38,Florencio Varela,38000.0,00303A
2,38,Florencio Varela,13000.0,00303B
2,39,General Alvarado,72000.0,000305
2,39,General Alvarado,61000.0,000306
2,39,General Alvarado,81000.0,000307
2,39,General Alvarado,98500.0,000308
2,39,General Alvarado,151000.0,000309
2,40,General Alvear,81000.0,000310
2,40,General Alvear,0.0,000311
2,40,General Alvear,107000.0,000312
2,41,General Arenales,100000.0,000314
2,41,General Arenales,181000.0,000315
2,41,General Arenales,95000.0,000316
2,41,General Arenales,73500.0,000317
2,41,General Arenales,72000.0,000318
2,41,General Arenales,26000.0,00314A
2,41,General Arenales,107000.0,00316A
2,42,General Belgrano,83000.0,000320
2,42,General Belgrano,122500.0,000321
2,42,General Belgrano,109000.0,000322
2,42,General Belgrano,91000.0,000323
2,42,General Belgrano,49500.0,000324
2,43,General Guido,131000.0,000326
2,43,General Guido,59000.0,000327
2,43,General Guido,0.0,000328
2,44,General La Madrid,86000.0,000330
2,44,General La Madrid,0.0,000331
2,44,General La Madrid,104000.0,000332
2,44,General La Madrid,16000.0,000333
2,44,General La Madrid,104000.0,000334
2,44,General La Madrid,60000.0,000335
2,44,General La Madrid,125000.0,000336
2,45,General Las Heras,79000.0,000547
2,45,General Las Heras,53000.0,00548A
2,45,General Las Heras,104000.0,00548B
2,46,General Lavalle,81000.0,000338
2,46,General Lavalle,27000.0,00338A
2,47,General Madariaga,81000.0,000340
2,47,General Madariaga,31000.0,000341
2,47,General Madariaga,49000.0,000342
2,47,General Madariaga,0.0,000343
2,48,General Paz,81000.0,000345
2,48,General Paz,134000.0,000346
2,48,General Paz,42000.0,000347
2,48,General Paz,63000.0,000348
2,48,General Paz,31000.0,000349
2,48,General Paz,81000.0,000351
2,48,General Paz,107000.0,000352
2,49,General Pinto,74000.0,000354
2,49,General Pinto,0.0,000356
2,49,General Pinto,82000.0,000357
2,49,General Pinto,128000.0,000358
2,49,General Pinto,77000.0,000359
2,49,General Pinto,93000.0,000360
2,50,General Pueyrredón,81000.0,000364
2,50,General Pueyrredón,72000.0,000365
2,50,General Pueyrredón,141000.0,000366
2,50,General Pueyrredón,128000.0,000367
2,50,General Pueyrredón,51000.0,000368
2,50,General Pueyrredón,51000.0,000369
2,50,General Pueyrredón,52000.0,000370
2,50,General Pueyrredón,109000.0,00366A
2,51,General Rodríguez,42000.0,000374
2,52,General San Martín,128000.0,000376
2,52,General San Martín,102000.0,000377
2,52,General San Martín,85000.0,000378
2,52,General San Martín,107000.0,000379
2,52,General San Martín,128000.0,000380
2,52,General San Martín,83000.0,000381
2,52,General San Martín,125000.0,000382
2,52,General San Martín,134000.0,000383
2,52,General San Martín,89000.0,000384
2,52,General San Martín,70000.0,000388
2,52,General San Martín,79000.0,00377A
2,53,San Miguel,93000.0,000397
2,53,San Miguel,75000.0,000400
2,53,San Miguel,95000.0,000401
2,53,San Miguel,53000.0,000402
2,53,San Miguel,67000.0,00397A
2,53,San Miguel,45000.0,00397B
2,53,San Miguel,52000.0,00397C
2,53,San Miguel,89000.0,00401A
2,54,General Viamonte,81000.0,000404
2,54,General Viamonte,81000.0,000405
2,54,General Viamonte,42000.0,000406
2,54,General Viamonte,101000.0,000407
2,54,General Viamonte,85000.0,000408
2,54,General Viamonte,122500.0,000409
2,54,General Viamonte,0.0,000410
2,55,General Villegas,75000.0,000411
2,55,General Villegas,199000.0,000412
2,55,General Villegas,79000.0,000413
2,55,General Villegas,60000.0,000414
2,55,General Villegas,85000.0,000415
2,55,General Villegas,67000.0,000416
2,55,General Villegas,0.0,000417
2,55,General Villegas,75000.0,000418
2,55,General Villegas,74000.0,000419
2,55,General Villegas,31000.0,000420
2,55,General Villegas,83000.0,000421
2,55,General Villegas,0.0,000422
2,56,Adolfo Gonzales Chaves,79000.0,000424
2,56,Adolfo Gonzales Chaves,83000.0,000427
2,56,Adolfo Gonzales Chaves,53000.0,000428
2,57,Guamini,97000.0,000430
2,57,Guamini,89000.0,000431
2,57,Guamini,85000.0,000432
2,57,Guamini,91000.0,000433
2,57,Guamini,90000.0,000434
2,58,Hipólito Yrigoyen,75000.0,000742
2,58,Hipólito Yrigoyen,0.0,00742A
2,58,Hipólito Yrigoyen,128000.0,00742B
2,59,Benito Juárez,89000.0,000436
2,59,Benito Juárez,95500.0,000437
2,59,Benito Juárez,0.0,000438
2,59,Benito Juárez,103000.0,000439
2,59,Benito Juárez,58000.0,000440
2,59,Benito Juárez,18000.0,000441
2,59,Benito Juárez,122500.0,000442
2,60,Junín,91000.0,000444
2,60,Junín,49000.0,000445
2,60,Junín,88000.0,000446
2,60,Junín,56000.0,000447
2,60,Junín,92500.0,000448
2,60,Junín,52000.0,000450
2,60,Junín,75500.0,000451
2,60,Junín,0.0,000452
2,60,Junín,0.0,000456
2,61,La Matanza,107000.0,000626
2,61,La Matanza,87000.0,000627
2,61,La Matanza,128000.0,000628
2,61,La Matanza,64000.0,000629
2,61,La Matanza,128000.0,000630
2,61,La Matanza,83000.0,000631
2,61,La Matanza,89000.0,000632
2,61,La Matanza,72000.0,000633
2,61,La Matanza,85000.0,000634
2,61,La Matanza,42000.0,000635
2,61,La Matanza,75000.0,00626A
2,61,La Matanza,67000.0,00629A
2,61,La Matanza,51000.0,00629B
2,61,La Matanza,61000.0,00631A
2,61,La Matanza,102000.0,00631B
2,61,La Matanza,63000.0,00631C
2,61,La Matanza,51000.0,00631D
2,61,La Matanza,83000.0,00632A
2,61,La Matanza,89000.0,00632B
2,61,La Matanza,43000.0,00635A
2,61,La Matanza,53000.0,00635B
2,61,La Matanza,45000.0,00635C
2,61,La Matanza,23000.0,00635D
2,61,La Matanza,29000.0,00635E
2,62,Lanús,114000.0,000259
2,62,Lanús,120000.0,000260
2,62,Lanús,77000.0,000261
2,62,Lanús,57000.0,000262
2,62,Lanús,120000.0,000263
2,62,Lanús,114000.0,000264
2,62,Lanús,89000.0,000265
2,62,Lanús,107000.0,000271
2,62,Lanús,89000.0,000272
2,62,Lanús,72000.0,000273
2,62,Lanús,87000.0,000274
2,62,Lanús,107000.0,000275
2,62,Lanús,134000.0,000276
2,63,La Plata,154000.0,000460
2,63,La Plata,107000.0,000461
2,63,La Plata,147000.0,000462
2,63,La Plata,151000.0,000463
2,63,La Plata,161000.0,000464
2,63,La Plata,181000.0,000465
2,63,La Plata,131000.0,000466
2,63,La Plata,131000.0,000467
2,63,La Plata,128000.0,000468
2,63,La Plata,112000.0,000469
2,63,La Plata,104000.0,000471
2,63,La Plata,113000.0,000472
2,63,La Plata,181000.0,000473
2,63,La Plata,112000.0,000474
2,63,La Plata,147000.0,000475
2,63,La Plata,181000.0,000476
2,63,La Plata,128000.0,000477
2,63,La Plata,142500.0,000480
2,63,La Plata,151000.0,000481
2,63,La Plata,165000.0,000482
2,63,La Plata,128000.0,000483
2,63,La Plata,131000.0,000484
2,63,La Plata,144000.0,000485
2,63,La Plata,151000.0,000486
2,63,La Plata,161000.0,000487
2,63,La Plata,125000.0,000488
2,63,La Plata,215500.0,000493
2,63,La Plata,137000.0,000495
2,63,La Plata,147000.0,000496
2,63,La Plata,104000.0,000497
2,63,La Plata,17500.0,000498
2,63,La Plata,107000.0,000501
2,63,La Plata,95000.0,000502
2,63,La Plata,60000.0,000503
2,63,La Plata,83000.0,000504
2,63,La Plata,83000.0,000505
2,63,La Plata,74000.0,000508
2,63,La Plata,50000.0,000509
2,63,La Plata,137000.0,000516
2,63,La Plata,131000.0,000517
2,63,La Plata,147000.0,000518
2,63,La Plata,114000.0,000519
2,63,La Plata,114000.0,000520
2,63,La Plata,147000.0,000521
2,63,La Plata,45000.0,00496A
2,63,La Plata,58500.0,00496B
2,63,La Plata,63000.0,00496C
2,63,La Plata,55500.0,00496D
2,63,La Plata,20000.0,00497A
2,63,La Plata,102000.0,00497B
2,63,La Plata,31000.0,00497C
2,63,La Plata,63000.0,00497D
2,63,La Plata,45000.0,00497E
2,63,La Plata,43000.0,00497F
2,63,La Plata,53000.0,00503A
2,63,La Plata,85000.0,00504A
2,63,La Plata,65000.0,00505A
2,63,La Plata,31000.0,00505B
2,63,La Plata,81000.0,00508A
2,63,La Plata,27000.0,00508B
2,63,La Plata,27000.0,00508C
2,63,La Plata,38000.0,00508D
2,63,La Plata,55000.0,00508E
2,63,La Plata,66000.0,00509A
2,64,Laprida,82000.0,000524
2,64,Laprida,14000.0,000525
2,64,Laprida,134000.0,000526
2,64,Laprida,0.0,000527
2,64,Laprida,71500.0,000528
2,65,Las Flores,81000.0,000538
2,65,Las Flores,104000.0,000539
2,65,Las Flores,69000.0,000540
2,65,Las Flores,79000.0,000542
2,65,Las Flores,81000.0,000543
2,65,Las Flores,0.0,000544
2,65,Las Flores,0.0,000545
2,66,Leandro N. Alem,53000.0,000549
2,66,Leandro N. Alem,0.0,000550
2,66,Leandro N. Alem,79000.0,000551
2,66,Leandro N. Alem,64000.0,000552
2,66,Leandro N. Alem,95000.0,000553
2,67,Lincoln,85000.0,000554
2,67,Lincoln,139000.0,000555
2,67,Lincoln,37000.0,000556
2,67,Lincoln,145500.0,000557
2,67,Lincoln,31000.0,000558
2,67,Lincoln,74500.0,000559
2,67,Lincoln,110500.0,000560
2,67,Lincoln,79000.0,000561
2,67,Lincoln,49000.0,000562
2,67,Lincoln,56500.0,000563
2,67,Lincoln,42500.0,000564
2,67,Lincoln,71000.0,000565
2,67,Lincoln,100000.0,000566
2,67,Lincoln,0.0,000567
2,68,Loberia,83000.0,000568
2,68,Loberia,89000.0,000569
2,68,Loberia,26000.0,000570
2,68,Loberia,43500.0,000571
2,68,Loberia,95000.0,000572
2,68,Loberia,75000.0,00568A
2,68,Loberia,188000.0,00569A
2,69,Lobos,87000.0,000574
2,69,Lobos,57000.0,000575
2,69,Lobos,73000.0,000576
2,69,Lobos,5000.0,000577
2,69,Lobos,69500.0,000578
2,69,Lobos,29000.0,000579
2,69,Lobos,100000.0,000580
2,69,Lobos,63000.0,000581
2,69,Lobos,51000.0,00576A
2,70,Lomas De Zamora,49000.0,000583
2,70,Lomas De Zamora,134000.0,000584
2,70,Lomas De Zamora,135500.0,000585
2,70,Lomas De Zamora,147000.0,000586
2,70,Lomas De Zamora,83000.0,000587
2,70,Lomas De Zamora,134000.0,000588
2,70,Lomas De Zamora,89000.0,000589
2,70,Lomas De Zamora,117000.0,000590
2,70,Lomas De Zamora,120000.0,000591
2,70,Lomas De Zamora,100000.0,000592
2,70,Lomas De Zamora,83000.0,000593
2,70,Lomas De Zamora,60000.0,00590A
2,70,Lomas De Zamora,107000.0,00593A
2,71,Luján,114000.0,000596
2,71,Luján,52000.0,000597
2,71,Luján,66000.0,000598
2,71,Luján,70000.0,000599
2,71,Luján,24000.0,000600
2,71,Luján,31000.0,000601
2,71,Luján,73500.0,000602
2,71,Luján,54000.0,000603
2,72,Magdalena,68500.0,000604
2,72,Magdalena,72000.0,000605
2,72,Magdalena,63000.0,000606
2,72,Magdalena,0.0,000608
2,72,Magdalena,63000.0,000609
2,72,Magdalena,63000.0,000610
2,73,Maipú,90000.0,000615
2,73,Maipú,114000.0,000616
2,73,Maipú,104500.0,000617
2,73,Maipú,32000.0,00617A
2,74,Mar Chiquita,61000.0,000619
2,74,Mar Chiquita,77000.0,000620
2,74,Mar Chiquita,0.0,000621
2,74,Mar Chiquita,60000.0,000622
2,74,Mar Chiquita,89000.0,00622A
2,74,Mar Chiquita,89000.0,00622B
2,75,Marcos Paz,38000.0,000624
2,75,Marcos Paz,47000.0,00624A
2,76,Mercedes,102000.0,000638
2,76,Mercedes,52000.0,000639
2,76,Mercedes,75000.0,000640
2,76,Mercedes,72000.0,000641
2,76,Mercedes,64000.0,000642
2,76,Mercedes,64000.0,000643
2,76,Mercedes,89000.0,000644
2,76,Mercedes,37000.0,000645
2,76,Mercedes,35500.0,000646
2,76,Mercedes,6000.0,000647
2,76,Mercedes,34000.0,000648
2,77,Merlo,81000.0,000652
2,77,Merlo,43000.0,000653
2,77,Merlo,21000.0,000654
2,77,Merlo,89000.0,000655
2,77,Merlo,44000.0,00652A
2,77,Merlo,31000.0,00655A
2,78,Monte,63000.0,000656
2,78,Monte,25000.0,000657
2,78,Monte,147000.0,000658
2,78,Monte,93000.0,000659
2,78,Monte,91000.0,000660
2,78,Monte,66000.0,000661
2,78,Monte,83000.0,000662
2,79,Moreno,85000.0,000663
2,79,Moreno,36000.0,000664
2,79,Moreno,56000.0,00663A
2,79,Moreno,29000.0,00663B
2,79,Moreno,42000.0,00663C
2,79,Moreno,29000.0,00663D
2,79,Moreno,42000.0,00664A
2,79,Moreno,31000.0,00664B
2,80,Morón,89000.0,000665
2,80,Morón,141000.0,000669
2,80,Morón,120000.0,000670
2,80,Morón,112000.0,000671
2,80,Morón,120000.0,000672
2,80,Morón,97000.0,000673
2,81,Navarro,60000.0,000675
2,81,Navarro,0.0,000676
2,81,Navarro,49000.0,000677
2,81,Navarro,90000.0,000678
2,81,Navarro,33500.0,000680
2,81,Navarro,70500.0,000681
2,81,Navarro,0.0,000682
2,81,Navarro,81000.0,000683
2,81,Navarro,89000.0,00681A
2,82,Necochea,83000.0,000686
2,82,Necochea,85000.0,000687
2,82,Necochea,182000.0,000688
2,82,Necochea,75000.0,000691
2,82,Necochea,0.0,000692
2,82,Necochea,44000.0,00686A
2,82,Necochea,0.0,00691A
2,83,Nueve De Julio,83000.0,000696
2,83,Nueve De Julio,133000.0,000697
2,83,Nueve De Julio,107000.0,000698
2,83,Nueve De Julio,37000.0,000699
2,83,Nueve De Julio,42000.0,000700
2,83,Nueve De Julio,71500.0,000701
2,83,Nueve De Julio,102000.0,000703
2,83,Nueve De Julio,81000.0,000704
2,83,Nueve De Julio,61000.0,000706
2,83,Nueve De Julio,147000.0,000707
2,83,Nueve De Julio,144000.0,000708
2,83,Nueve De Julio,109000.0,000709
2,83,Nueve De Julio,120500.0,00701A
2,83,Nueve De Julio,125000.0,00705A
2,84,Olavarría,114000.0,000711
2,84,Olavarría,27500.0,000712
2,84,Olavarría,169000.0,000713
2,84,Olavarría,0.0,000714
2,84,Olavarría,70000.0,000715
2,84,Olavarría,129500.0,000716
2,84,Olavarría,93000.0,000717
2,84,Olavarría,122500.0,000718
2,84,Olavarría,66000.0,000719
2,84,Olavarría,114000.0,000720
2,84,Olavarría,91000.0,000721
2,84,Olavarría,10500.0,000722
2,84,Olavarría,70000.0,000723
2,84,Olavarría,169000.0,000724
2,84,Olavarría,52000.0,000725
2,84,Olavarría,104000.0,000726
2,84,Olavarría,114000.0,00711A
2,84,Olavarría,79000.0,00711B
2,84,Olavarría,89000.0,00711C
2,84,Olavarría,75000.0,00711D
2,84,Olavarría,63000.0,00711E
2,84,Olavarría,42500.0,00718A
2,84,Olavarría,120000.0,00719A
2,84,Olavarría,83000.0,00723A
2,85,Pehuajó,86000.0,000734
2,85,Pehuajó,63000.0,000735
2,85,Pehuajó,90000.0,000736
2,85,Pehuajó,81000.0,000738
2,85,Pehuajó,79000.0,000739
2,85,Pehuajó,69000.0,000740
2,85,Pehuajó,79000.0,000741
2,85,Pehuajó,0.0,00734A
2,85,Pehuajó,0.0,00738A
2,86,Pellegrini,100000.0,000743
2,87,Pergamino,97000.0,000747
2,87,Pergamino,112000.0,000748
2,87,Pergamino,95000.0,000749
2,87,Pergamino,41000.0,000750
2,87,Pergamino,72000.0,000751
2,87,Pergamino,63000.0,000752
2,87,Pergamino,81000.0,000753
2,87,Pergamino,91500.0,000754
2,87,Pergamino,64000.0,000755
2,87,Pergamino,77000.0,000756
2,87,Pergamino,84000.0,000757
2,87,Pergamino,44500.0,000758
2,87,Pergamino,105500.0,000759
2,87,Pergamino,112000.0,00747A
2,87,Pergamino,72000.0,00748A
2,87,Pergamino,81000.0,00748B
2,87,Pergamino,58000.0,00748C
2,87,Pergamino,81000.0,00748D
2,87,Pergamino,144000.0,00753A
2,87,Pergamino,101000.0,00754A
2,88,Pila,44000.0,000765
2,88,Pila,80000.0,000766
2,88,Pila,0.0,00765A
2,89,Pilar,51000.0,000768
2,89,Pilar,51000.0,000769
2,89,Pilar,41000.0,000770
2,89,Pilar,51000.0,000771
2,89,Pilar,43000.0,000772
2,89,Pilar,64000.0,00770A
2,90,Pinamar,97000.0,000339
2,90,Pinamar,43000.0,00339A
2,90,Pinamar,62000.0,00339B
2,90,Pinamar,109500.0,00339C
2,91,Puan,112000.0,000776
2,91,Puan,113000.0,000777
2,91,Puan,181000.0,000778
2,91,Puan,130500.0,000779
2,91,Puan,128000.0,000780
2,91,Puan,74500.0,000781
2,91,Puan,130500.0,000782
2,91,Puan,114000.0,00777A
2,92,Quilmes,147000.0,000783
2,92,Quilmes,107000.0,000784
2,92,Quilmes,120000.0,000785
2,92,Quilmes,75000.0,000786
2,92,Quilmes,128000.0,000787
2,92,Quilmes,41000.0,000788
2,92,Quilmes,89000.0,000791
2,92,Quilmes,26000.0,00783A
2,92,Quilmes,93000.0,00785A
2,92,Quilmes,70000.0,00785B
2,92,Quilmes,87000.0,00786A
2,92,Quilmes,128000.0,00787A
2,92,Quilmes,44500.0,00788A
2,92,Quilmes,51000.0,00788B
2,92,Quilmes,31000.0,00788C
2,92,Quilmes,63000.0,00791A
2,92,Quilmes,53000.0,00791B
2,93,Ramallo,70000.0,000797
2,93,Ramallo,34500.0,000800
2,93,Ramallo,91500.0,000801
2,93,Ramallo,232000.0,000802
2,93,Ramallo,74000.0,000803
2,93,Ramallo,36000.0,000804
2,94,Rauch,100000.0,000806
2,94,Rauch,0.0,000807
2,94,Rauch,128000.0,000808
2,94,Rauch,0.0,000809
2,94,Rauch,160000.0,000810
2,94,Rauch,53500.0,000811
2,94,Rauch,27000.0,000812
2,94,Rauch,94500.0,000813
2,95,Rivadavia,74000.0,000815
2,95,Rivadavia,0.0,000816
2,95,Rivadavia,85000.0,000817
2,95,Rivadavia,0.0,000818
2,95,Rivadavia,91000.0,000819
2,95,Rivadavia,47000.0,000820
2,95,Rivadavia,75000.0,000821
2,96,Rojas,80000.0,000823
2,96,Rojas,0.0,000824
2,96,Rojas,25500.0,000825
2,96,Rojas,94000.0,000826
2,96,Rojas,36000.0,000827
2,96,Rojas,100000.0,000828
2,96,Rojas,0.0,000829
2,96,Rojas,92000.0,000830
2,97,Roque Pérez,72000.0,000832
2,97,Roque Pérez,134000.0,000833
2,97,Roque Pérez,107000.0,000834
2,97,Roque Pérez,39000.0,000835
2,97,Roque Pérez,23500.0,000836
2,97,Roque Pérez,91000.0,000837
2,98,Saavedra,84000.0,000839
2,98,Saavedra,97000.0,000840
2,98,Saavedra,69000.0,000841
2,98,Saavedra,102000.0,000842
2,98,Saavedra,54000.0,000843
2,98,Saavedra,93000.0,000844
2,99,Saladillo,83000.0,000846
2,99,Saladillo,85000.0,000847
2,99,Saladillo,90000.0,000848
2,99,Saladillo,58000.0,000849
2,99,Saladillo,35500.0,000850
2,99,Saladillo,74500.0,000851
2,99,Saladillo,81000.0,000852
2,99,Saladillo,82000.0,00849A
2,100,Salliqueló,89000.0,000746
2,100,Salliqueló,75000.0,00746A
2,101,Salto,72000.0,000854
2,101,Salto,82000.0,000855
2,101,Salto,72000.0,000856
2,101,Salto,81000.0,000857
2,101,Salto,18000.0,000858
2,101,Salto,81000.0,00855A
2,101,Salto,101000.0,00857A
2,101,Salto,104000.0,00857B
2,102,San Andrés De Giles,13000.0,000601
2,102,San Andrés De Giles,285500.0,000648
2,102,San Andrés De Giles,70000.0,000860
2,102,San Andrés De Giles,46000.0,000861
2,102,San Andrés De Giles,95000.0,000862
2,102,San Andrés De Giles,55500.0,000863
2,102,San Andrés De Giles,34500.0,000864
2,102,San Andrés De Giles,61500.0,00862A
2,102,San Andrés De Giles,15000.0,00863A
2,103,San Antonio De Areco,81000.0,000866
2,103,San Antonio De Areco,151000.0,000867
2,103,San Antonio De Areco,50000.0,000868
2,103,San Antonio De Areco,89000.0,000869
2,103,San Antonio De Areco,20500.0,000870
2,104,San Cayetano,83000.0,000871
2,104,San Cayetano,168500.0,00871A
2,104,San Cayetano,110500.0,00871B
2,104,San Cayetano,36000.0,00871C
2,105,San Fernando,154000.0,000872
2,105,San Fernando,105500.0,000873
2,105,San Fernando,120000.0,000874
2,105,San Fernando,97000.0,000875
2,105,San Fernando,64000.0,000876
2,105,San Fernando,81000.0,000877
2,105,San Fernando,70000.0,000878
2,105,San Fernando,83000.0,000879
2,105,San Fernando,141000.0,000880
2,105,San Fernando,60000.0,000881
2,105,San Fernando,30000.0,000882
2,105,San Fernando,63000.0,00878A
2,105,San Fernando,61000.0,00879A
2,105,San Fernando,71000.0,00880A
2,105,San Fernando,49000.0,00882A
2,106,San Isidro,144000.0,000887
2,106,San Isidro,144000.0,000888
2,106,San Isidro,102000.0,000889
2,106,San Isidro,132500.0,000890
2,106,San Isidro,144000.0,000891
2,106,San Isidro,85000.0,000892
2,106,San Isidro,75000.0,000893
2,106,San Isidro,181000.0,000894
2,106,San Isidro,169000.0,000895
2,106,San Isidro,101000.0,00892A
2,107,San Nicolás,107000.0,000901
2,107,San Nicolás,74000.0,000902
2,107,San Nicolás,35500.0,000903
2,107,San Nicolás,51000.0,000904
2,107,San Nicolás,26000.0,000905
2,107,San Nicolás,66000.0,000906
2,107,San Nicolás,73000.0,000907
2,107,San Nicolás,66500.0,000909
2,107,San Nicolás,75000.0,000910
2,107,San Nicolás,103000.0,000911
2,107,San Nicolás,56000.0,00901A
2,107,San Nicolás,79000.0,00901B
2,108,San Pedro,64000.0,000913
2,108,San Pedro,11500.0,000914
2,108,San Pedro,71000.0,000915
2,108,San Pedro,72000.0,000916
2,108,San Pedro,67000.0,000917
2,108,San Pedro,93000.0,000918
2,108,San Pedro,133000.0,000919
2,108,San Pedro,151500.0,000920
2,108,San Pedro,64000.0,000922
2,109,San Vicente,59000.0,000924
2,109,San Vicente,31000.0,000925
2,109,San Vicente,31000.0,000926
2,109,San Vicente,134000.0,000927
2,110,Suipacha,69000.0,000929
2,110,Suipacha,0.0,000930
2,110,Suipacha,20000.0,000931
2,110,Suipacha,134500.0,00929A
2,111,Tandil,95000.0,000933
2,111,Tandil,71000.0,000934
2,111,Tandil,29000.0,000935
2,111,Tandil,0.0,000936
2,111,Tandil,81000.0,000937
2,111,Tandil,97000.0,000938
2,111,Tandil,77500.0,000939
2,111,Tandil,91000.0,000940
2,112,Tapalqué,79000.0,000944
2,112,Tapalqué,67500.0,000945
2,112,Tapalqué,144000.0,000946
2,112,Tapalqué,117000.0,000947
2,112,Tapalqué,0.0,000948
2,112,Tapalqué,39000.0,000949
2,113,Tigre,81000.0,000530
2,113,Tigre,95000.0,000533
2,113,Tigre,53000.0,000534
2,113,Tigre,64000.0,000535
2,113,Tigre,63000.0,000536
2,113,Tigre,70000.0,00534A
2,113,Tigre,66000.0,00535A
2,113,Tigre,53000.0,00536A
2,114,Tornquist,89000.0,000953
2,114,Tornquist,109000.0,000954
2,114,Tornquist,95000.0,000955
2,114,Tornquist,259000.0,000956
2,114,Tornquist,89000.0,00955A
2,115,Trenque Lauquen,83000.0,000957
2,115,Trenque Lauquen,93000.0,000958
2,115,Trenque Lauquen,0.0,000959
2,115,Trenque Lauquen,114500.0,000960
2,115,Trenque Lauquen,81000.0,000961
2,115,Trenque Lauquen,75000.0,00959A
2,115,Trenque Lauquen,42000.0,00961A
2,115,Trenque Lauquen,0.0,00961B
2,115,Trenque Lauquen,47000.0,00961C
2,116,Tordillo,55000.0,000951
2,117,Tres Arroyos,87000.0,000964
2,117,Tres Arroyos,112500.0,000968
2,117,Tres Arroyos,68000.0,000969
2,117,Tres Arroyos,65000.0,000970
2,117,Tres Arroyos,42000.0,000972
2,117,Tres Arroyos,187500.0,000973
2,117,Tres Arroyos,88000.0,000974
2,117,Tres Arroyos,67000.0,000975
2,117,Tres Arroyos,257000.0,000976
2,117,Tres Arroyos,105500.0,000977
2,117,Tres Arroyos,117000.0,00973A
2,117,Tres Arroyos,13000.0,00975A
2,117,Tres Arroyos,91000.0,00975B
2,118,Tres De Febrero,125000.0,000389
2,118,Tres De Febrero,137000.0,000390
2,118,Tres De Febrero,112000.0,000391
2,118,Tres De Febrero,63000.0,000392
2,118,Tres De Febrero,100000.0,000393
2,118,Tres De Febrero,79000.0,000394
2,118,Tres De Febrero,89000.0,000395
2,118,Tres De Febrero,151000.0,00394A
2,119,La Costa,81000.0,000337
2,119,La Costa,70000.0,00337A
2,119,La Costa,85000.0,00337B
2,119,La Costa,83000.0,00337C
2,119,La Costa,75000.0,00337D
2,119,La Costa,66000.0,00337E
2,120,Monte Hermoso,81000.0,000239
2,121,25 De Mayo,79000.0,000980
2,121,25 De Mayo,0.0,000981
2,121,25 De Mayo,75000.0,000982
2,121,25 De Mayo,71000.0,000983
2,121,25 De Mayo,81000.0,000984
2,121,25 De Mayo,61000.0,000985
2,121,25 De Mayo,107000.0,000986
2,121,25 De Mayo,134000.0,000987
2,121,25 De Mayo,64000.0,000988
2,121,25 De Mayo,30000.0,000989
2,121,25 De Mayo,151500.0,000990
2,121,25 De Mayo,0.0,000991
2,122,Vicente López,144000.0,000993
2,122,Vicente López,181000.0,000994
2,122,Vicente López,151000.0,000995
2,122,Vicente López,131000.0,000996
2,122,Vicente López,144000.0,000997
2,122,Vicente López,144000.0,000998
2,122,Vicente López,102000.0,000999
2,122,Vicente López,122000.0,001000
2,122,Vicente López,128000.0,001001
2,123,Villa Gesell,63000.0,000344
2,124,Villarino,75000.0,001007
2,124,Villarino,81000.0,001008
2,124,Villarino,42500.0,001009
2,124,Villarino,11000.0,001010
2,124,Villarino,30000.0,001011
2,124,Villarino,58000.0,01011A
2,125,Zárate,102000.0,001013
2,125,Zárate,59000.0,001014
2,125,Zárate,100000.0,001015
2,125,Zárate,73000.0,001016
2,125,Zárate,15000.0,001017
2,125,Zárate,74000.0,001018
2,125,Zárate,62500.0,001019
2,125,Zárate,131000.0,001020
2,125,Zárate,56500.0,001021
2,125,Zárate,131000.0,01013A
2,126,Tres Lomas,95000.0,000744
2,126,Tres Lomas,17000.0,000745
2,127,F. Ameghino,63000.0,000361
2,127,F. Ameghino,0.0,000362
2,127,F. Ameghino,89000.0,00361A
2,128,Presidente Perón,38000.0,000304
2,128,Presidente Perón,35000.0,00304A
2,128,Presidente Perón,31000.0,00304B
2,128,Presidente Perón,17500.0,00304C
2,129,J. C. Paz,47000.0,000398
2,129,J. C. Paz,33000.0,00398A
2,129,J. C. Paz,53000.0,00398B
2,130,Malvinas Argentinas,53000.0,000399
2,130,Malvinas Argentinas,48500.0,00399A
2,130,Malvinas Argentinas,56000.0,00399B
2,130,Malvinas Argentinas,24000.0,00399C
2,130,Malvinas Argentinas,72000.0,00399D
2,130,Malvinas Argentinas,67000.0,00399E
2,130,Malvinas Argentinas,72000.0,00399F
2,130,Malvinas Argentinas,21000.0,00399G
2,131,Punta Indio,55000.0,000611
2,131,Punta Indio,122000.0,000612
2,131,Punta Indio,79000.0,000613
2,131,Punta Indio,75000.0,00613A
2,131,Punta Indio,79000.0,00613B
2,132,Ezeiza,56000.0,000289
2,132,Ezeiza,38000.0,000290
2,132,Ezeiza,29000.0,00290A
2,133,Ituzaingo,79000.0,000666
2,133,Ituzaingo,117000.0,000667
2,133,Ituzaingo,87000.0,00666A
2,134,Hurlingham,102000.0,000668
2,134,Hurlingham,75000.0,00668A
2,134,Hurlingham,89000.0,00668B
3,1,Capital,104000.0,000001
3,1,Capital,87000.0,000002
3,1,Capital,42000.0,000003
3,1,Capital,93000.0,000004
3,1,Capital,44500.0,000005
3,1,Capital,59500.0,000006
3,1,Capital,53000.0,000007
3,1,Capital,45000.0,000008
3,1,Capital,13000.0,000009
3,1,Capital,75000.0,000072
3,2,Capayan,23000.0,000010
3,2,Capayan,13500.0,000011
3,2,Capayan,22000.0,000012
3,2,Capayan,11000.0,000013
3,2,Capayan,27000.0,000014
3,2,Capayan,43000.0,000015
3,2,Capayan,38000.0,000016
3,2,Capayan,0.0,000017
3,2,Capayan,0.0,000018
3,2,Capayan,28000.0,000020
3,3,La Paz,0.0,000023
3,3,La Paz,53000.0,000024
3,3,La Paz,26500.0,000025
3,3,La Paz,0.0,000026
3,3,La Paz,45000.0,000027
3,3,La Paz,0.0,000028
3,3,La Paz,31000.0,000030
3,3,La Paz,42000.0,000032
3,4,Ancasti,61500.0,000033
3,4,Ancasti,0.0,000034
3,4,Ancasti,0.0,000035
3,4,Ancasti,0.0,000037
3,4,Ancasti,70000.0,000038
3,4,Ancasti,0.0,000039
3,4,Ancasti,65500.0,000040
3,4,Ancasti,107000.0,000041
3,4,Ancasti,0.0,000042
3,4,Ancasti,88000.0,000043
3,5,El Alto,0.0,000044
3,5,El Alto,0.0,000045
3,5,El Alto,24500.0,000046
3,5,El Alto,75000.0,000047
3,5,El Alto,0.0,000048
3,5,El Alto,0.0,000049
3,5,El Alto,73000.0,000050
3,5,El Alto,0.0,00044A
3,6,Santa Rosa,72000.0,000051
3,6,Santa Rosa,13000.0,000052
3,6,Santa Rosa,13000.0,000053
3,6,Santa Rosa,0.0,000054
3,6,Santa Rosa,35000.0,000055
3,6,Santa Rosa,45000.0,000056
3,6,Santa Rosa,40000.0,000057
3,6,Santa Rosa,0.0,000058
3,6,Santa Rosa,30000.0,000060
3,6,Santa Rosa,29000.0,000061
3,7,Paclin,0.0,000062
3,7,Paclin,64000.0,000063
3,7,Paclin,57500.0,000064
3,7,Paclin,44000.0,000065
3,7,Paclin,89000.0,000066
3,7,Paclin,59500.0,000067
3,7,Paclin,64000.0,000068
3,8,Valle Viejo,0.0,000008
3,8,Valle Viejo,85000.0,000069
3,8,Valle Viejo,0.0,000070
3,8,Valle Viejo,51000.0,000071
3,8,Valle Viejo,42000.0,000072
3,8,Valle Viejo,30500.0,000074
3,8,Valle Viejo,36000.0,000075
3,8,Valle Viejo,26000.0,000076
3,9,Fray Mamerto Esquiú,0.0,000062
3,9,Fray Mamerto Esquiú,45000.0,000067
3,9,Fray Mamerto Esquiú,31000.0,000074
3,9,Fray Mamerto Esquiú,47500.0,000077
3,9,Fray Mamerto Esquiú,129500.0,000078
3,9,Fray Mamerto Esquiú,42500.0,000080
3,9,Fray Mamerto Esquiú,53000.0,000081
3,10,Ambato,0.0,000082
3,10,Ambato,71000.0,000083
3,10,Ambato,7000.0,000084
3,10,Ambato,85000.0,000086
3,10,Ambato,60000.0,000087
3,10,Ambato,0.0,000088
3,10,Ambato,56000.0,000089
3,11,Pomán,45000.0,000090
3,11,Pomán,0.0,000091
3,11,Pomán,21000.0,000092
3,11,Pomán,61500.0,000093
3,11,Pomán,67000.0,000094
3,11,Pomán,75000.0,000095
3,11,Pomán,7000.0,000096
3,11,Pomán,0.0,000097
3,11,Pomán,29500.0,000098
3,12,Andalgalá,0.0,000085
3,12,Andalgalá,41500.0,000099
3,12,Andalgalá,0.0,000100
3,12,Andalgalá,75000.0,000101
3,12,Andalgalá,39000.0,000102
3,12,Andalgalá,0.0,000103
3,12,Andalgalá,63000.0,000104
3,12,Andalgalá,33500.0,000106
3,12,Andalgalá,84000.0,000109
3,13,Belén,151000.0,000110
3,13,Belén,0.0,000111
3,13,Belén,49000.0,000112
3,13,Belén,34000.0,000113
3,13,Belén,27500.0,000114
3,13,Belén,60000.0,000115
3,13,Belén,0.0,000116
3,13,Belén,53000.0,000117
3,13,Belén,12000.0,000118
3,13,Belén,15000.0,000119
3,13,Belén,56000.0,000120
3,13,Belén,67500.0,000121
3,13,Belén,161000.0,000122
3,13,Belén,37000.0,000123
3,13,Belén,46000.0,000124
3,13,Belén,0.0,000125
3,14,Antofagasta De La Sierra,19500.0,000126
3,14,Antofagasta De La Sierra,0.0,000127
3,15,Tinogasta,116000.0,000119
3,15,Tinogasta,63000.0,000129
3,15,Tinogasta,43000.0,000131
3,15,Tinogasta,63000.0,000132
3,15,Tinogasta,190000.0,000133
3,15,Tinogasta,28500.0,000134
3,15,Tinogasta,43500.0,000135
3,15,Tinogasta,31000.0,000136
3,15,Tinogasta,31000.0,000137
3,15,Tinogasta,57500.0,000138
3,15,Tinogasta,0.0,000139
3,15,Tinogasta,44000.0,000140
3,15,Tinogasta,0.0,000142
3,15,Tinogasta,74000.0,000143
3,16,Santa María,52000.0,000144
3,16,Santa María,50500.0,000145
3,16,Santa María,55500.0,000146
3,16,Santa María,89000.0,000148
3,16,Santa María,0.0,000149
3,16,Santa María,120000.0,000150
3,16,Santa María,60000.0,000151
3,16,Santa María,75000.0,000152
3,16,Santa María,4000.0,000153
3,16,Santa María,40000.0,000154
4,1,Capital,147000.0,000001
4,1,Capital,137000.0,000002
4,1,Capital,151000.0,000003
4,1,Capital,120000.0,000004
4,1,Capital,68000.0,000005
4,1,Capital,81000.0,000006
4,1,Capital,45000.0,000007
4,1,Capital,128000.0,000009
4,1,Capital,79000.0,000010
4,1,Capital,60500.0,000011
4,1,Capital,40000.0,000012
4,1,Capital,102000.0,000013
4,1,Capital,128000.0,000014
4,1,Capital,31000.0,000035
4,1,Capital,102000.0,00004A
4,1,Capital,97000.0,00004B
4,1,Capital,27000.0,00004C
4,1,Capital,38000.0,00004D
4,1,Capital,41000.0,00005A
4,1,Capital,29500.0,00005B
4,1,Capital,85000.0,00005C
4,1,Capital,52000.0,00005D
4,1,Capital,47000.0,00005E
4,1,Capital,35000.0,00005F
4,1,Capital,83000.0,00005G
4,1,Capital,30000.0,00006A
4,1,Capital,26000.0,00006B
4,1,Capital,151000.0,00006C
4,1,Capital,131000.0,00006D
4,1,Capital,89000.0,00006F
4,1,Capital,27000.0,00007A
4,1,Capital,109000.0,00007B
4,1,Capital,7000.0,00007C
4,1,Capital,144000.0,00007D
4,1,Capital,76000.0,00007E
4,1,Capital,67000.0,00007F
4,1,Capital,64000.0,00007G
4,1,Capital,51000.0,00008A
4,1,Capital,86000.0,00008B
4,1,Capital,75000.0,00008C
4,1,Capital,117000.0,00009A
4,1,Capital,120000.0,00009B
4,1,Capital,87000.0,00009C
4,1,Capital,107000.0,00009D
4,1,Capital,144000.0,00009E
4,1,Capital,104000.0,00009F
4,1,Capital,107000.0,00009G
4,1,Capital,29500.0,00010A
4,1,Capital,102000.0,00010B
4,1,Capital,44500.0,00010C
4,1,Capital,42000.0,00010D
4,1,Capital,74000.0,00010E
4,1,Capital,79000.0,00010F
4,1,Capital,107000.0,00010G
4,1,Capital,91000.0,00010H
4,1,Capital,72000.0,00010I
4,1,Capital,60000.0,00010J
4,1,Capital,38000.0,00010L
4,1,Capital,91000.0,00011A
4,1,Capital,75000.0,00011B
4,1,Capital,97000.0,00011C
4,1,Capital,104000.0,00011D
4,1,Capital,68500.0,00011E
4,1,Capital,75000.0,00011F
4,1,Capital,40000.0,00011G
4,1,Capital,85000.0,00011H
4,1,Capital,43000.0,00011I
4,1,Capital,114000.0,00011J
4,1,Capital,55500.0,00011K
4,1,Capital,43000.0,00012A
4,1,Capital,89000.0,00012B
4,1,Capital,45000.0,00012C
4,1,Capital,51000.0,00012D
4,1,Capital,43000.0,00012E
4,1,Capital,81000.0,00012F
4,1,Capital,60000.0,00012G
4,1,Capital,51000.0,00012H
4,1,Capital,87000.0,00013A
4,1,Capital,8000.0,00013B
4,1,Capital,89000.0,00013C
4,1,Capital,49000.0,00013D
4,1,Capital,10500.0,00013E
4,1,Capital,75000.0,00013F
4,1,Capital,51000.0,00013G
4,1,Capital,70000.0,00013H
4,1,Capital,42000.0,00013I
4,1,Capital,63000.0,00013J
4,1,Capital,54500.0,00013K
4,1,Capital,0.0,00013L
4,1,Capital,17000.0,00013M
4,1,Capital,61000.0,00013N
4,1,Capital,31000.0,00014A
4,1,Capital,89000.0,00014B
4,1,Capital,89000.0,00014C
4,1,Capital,147000.0,00014D
4,1,Capital,64000.0,00014E
4,1,Capital,87000.0,00014F
4,1,Capital,56500.0,00014G
4,1,Capital,38000.0,00014H
4,1,Capital,107000.0,00014I
4,1,Capital,125000.0,00014J
4,1,Capital,47000.0,00014K
4,1,Capital,114000.0,00014L
4,1,Capital,147000.0,00014M
4,1,Capital,43000.0,00014N
4,1,Capital,50000.0,00014O
4,1,Capital,64000.0,00014P
4,1,Capital,26000.0,00014Q
4,2,Calamuchita,49000.0,000015
4,2,Calamuchita,0.0,000017
4,2,Calamuchita,79000.0,000018
4,2,Calamuchita,81000.0,000019
4,2,Calamuchita,74000.0,000020
4,2,Calamuchita,36000.0,000021
4,2,Calamuchita,70000.0,000022
4,2,Calamuchita,57000.0,000023
4,2,Calamuchita,177000.0,000024
4,2,Calamuchita,16500.0,000025
4,2,Calamuchita,75000.0,000026
4,2,Calamuchita,100000.0,00015A
4,2,Calamuchita,78000.0,00016B
4,2,Calamuchita,18000.0,00016C
4,2,Calamuchita,98000.0,00018A
4,2,Calamuchita,0.0,00018C
4,2,Calamuchita,53500.0,00018D
4,2,Calamuchita,83000.0,00020A
4,2,Calamuchita,114000.0,00020B
4,2,Calamuchita,84000.0,00024A
4,2,Calamuchita,47500.0,00025A
4,2,Calamuchita,33000.0,00025B
4,2,Calamuchita,0.0,00026A
4,2,Calamuchita,103500.0,00026B
4,2,Calamuchita,91000.0,00328A
4,3,Colón,73000.0,000027
4,3,Colón,21000.0,000028
4,3,Colón,74000.0,000029
4,3,Colón,60000.0,000030
4,3,Colón,72000.0,000031
4,3,Colón,61000.0,000032
4,3,Colón,72000.0,000033
4,3,Colón,0.0,000034
4,3,Colón,32000.0,000035
4,3,Colón,27000.0,000036
4,3,Colón,79000.0,000037
4,3,Colón,67000.0,000038
4,3,Colón,67000.0,000039
4,3,Colón,66000.0,000040
4,3,Colón,81000.0,000041
4,3,Colón,79000.0,00014P
4,3,Colón,85000.0,00014Q
4,3,Colón,66000.0,00028A
4,3,Colón,54000.0,00029A
4,3,Colón,87000.0,00031A
4,3,Colón,0.0,00031B
4,3,Colón,52000.0,00035A
4,3,Colón,35000.0,00040A
4,3,Colón,49000.0,00041A
4,4,Cruz Del Eje,0.0,000042
4,4,Cruz Del Eje,78000.0,000043
4,4,Cruz Del Eje,47000.0,000044
4,4,Cruz Del Eje,0.0,000045
4,4,Cruz Del Eje,0.0,000048
4,4,Cruz Del Eje,0.0,000049
4,4,Cruz Del Eje,51000.0,000050
4,4,Cruz Del Eje,54000.0,000051
4,4,Cruz Del Eje,85000.0,000054
4,4,Cruz Del Eje,42000.0,000055
4,4,Cruz Del Eje,63000.0,000056
4,4,Cruz Del Eje,0.0,000057
4,4,Cruz Del Eje,52000.0,00043A
4,4,Cruz Del Eje,49000.0,00044A
4,4,Cruz Del Eje,42000.0,00046B
4,4,Cruz Del Eje,42000.0,00050A
4,4,Cruz Del Eje,0.0,00051A
4,4,Cruz Del Eje,89000.0,00053A
4,4,Cruz Del Eje,42000.0,00054A
4,4,Cruz Del Eje,50000.0,00055A
4,4,Cruz Del Eje,14000.0,zonagris
4,5,General Roca,0.0,000058
4,5,General Roca,80000.0,000059
4,5,General Roca,66000.0,000060
4,5,General Roca,72000.0,000061
4,5,General Roca,93000.0,000062
4,5,General Roca,84000.0,000063
4,5,General Roca,100000.0,000066
4,5,General Roca,118500.0,000067
4,5,General Roca,104000.0,000068
4,5,General Roca,0.0,000069
4,5,General Roca,75000.0,000070
4,5,General Roca,0.0,000071
4,5,General Roca,71000.0,000072
4,6,General San Martín,87000.0,000073
4,6,General San Martín,94000.0,000074
4,6,General San Martín,25500.0,000075
4,6,General San Martín,75000.0,000076
4,6,General San Martín,83000.0,000077
4,6,General San Martín,53000.0,000078
4,6,General San Martín,52000.0,000079
4,6,General San Martín,24000.0,000080
4,6,General San Martín,31000.0,000081
4,6,General San Martín,83000.0,000082
4,6,General San Martín,72000.0,000083
4,6,General San Martín,16500.0,000084
4,6,General San Martín,53000.0,000086
4,6,General San Martín,43000.0,000087
4,6,General San Martín,85000.0,000089
4,6,General San Martín,64000.0,000090
4,6,General San Martín,31000.0,00088A
4,6,General San Martín,56500.0,00088B
4,7,Ischilin,63000.0,000091
4,7,Ischilin,118500.0,000092
4,7,Ischilin,61000.0,000093
4,7,Ischilin,7000.0,000094
4,7,Ischilin,31000.0,000095
4,7,Ischilin,95000.0,000097
4,7,Ischilin,223000.0,000098
4,7,Ischilin,31000.0,000099
4,7,Ischilin,11500.0,000100
4,7,Ischilin,102000.0,000101
4,7,Ischilin,45500.0,00096A
4,8,Juárez Celman,65000.0,000102
4,8,Juárez Celman,0.0,000103
4,8,Juárez Celman,34000.0,000105
4,8,Juárez Celman,73000.0,000106
4,8,Juárez Celman,8000.0,000107
4,8,Juárez Celman,85000.0,000108
4,8,Juárez Celman,87000.0,000109
4,8,Juárez Celman,84000.0,000110
4,8,Juárez Celman,79000.0,000111
4,8,Juárez Celman,75000.0,000112
4,8,Juárez Celman,53000.0,000113
4,8,Juárez Celman,57000.0,000114
4,8,Juárez Celman,56000.0,000116
4,8,Juárez Celman,75000.0,000117
4,8,Juárez Celman,75000.0,000118
4,8,Juárez Celman,84000.0,000162
4,8,Juárez Celman,0.0,00110A
4,8,Juárez Celman,87500.0,00116A
4,9,Marcos Juárez,56000.0,000119
4,9,Marcos Juárez,89000.0,000120
4,9,Marcos Juárez,135500.0,000121
4,9,Marcos Juárez,53000.0,000122
4,9,Marcos Juárez,95000.0,000123
4,9,Marcos Juárez,81000.0,000124
4,9,Marcos Juárez,91000.0,000125
4,9,Marcos Juárez,101000.0,000126
4,9,Marcos Juárez,91000.0,000127
4,9,Marcos Juárez,81000.0,000128
4,9,Marcos Juárez,67000.0,000129
4,9,Marcos Juárez,74000.0,000130
4,9,Marcos Juárez,91000.0,000131
4,9,Marcos Juárez,79000.0,000132
4,9,Marcos Juárez,89000.0,000133
4,9,Marcos Juárez,98500.0,000134
4,9,Marcos Juárez,30500.0,000135
4,9,Marcos Juárez,76000.0,000136
4,9,Marcos Juárez,81000.0,000137
4,9,Marcos Juárez,99500.0,00128A
4,10,Minas,75000.0,000138
4,10,Minas,25000.0,000141
4,10,Minas,43000.0,000142
4,10,Minas,0.0,00138A
4,10,Minas,120000.0,00138B
4,10,Minas,46000.0,00138C
4,10,Minas,77000.0,00139A
4,10,Minas,36000.0,00140A
4,11,Pocho,75000.0,000144
4,11,Pocho,42000.0,000145
4,11,Pocho,74000.0,000146
4,11,Pocho,44000.0,00144A
4,11,Pocho,90000.0,00144B
4,11,Pocho,90000.0,00145A
4,11,Pocho,50000.0,00146A
4,12,Punilla,64000.0,000147
4,12,Punilla,83000.0,000148
4,12,Punilla,40000.0,000149
4,12,Punilla,75000.0,000150
4,12,Punilla,44000.0,000151
4,12,Punilla,70000.0,000152
4,12,Punilla,91000.0,000153
4,12,Punilla,79000.0,000154
4,12,Punilla,91000.0,000155
4,12,Punilla,81000.0,000156
4,12,Punilla,66000.0,000157
4,12,Punilla,66000.0,000158
4,12,Punilla,72000.0,000159
4,12,Punilla,56000.0,00147A
4,12,Punilla,98500.0,00147B
4,12,Punilla,38000.0,00152A
4,12,Punilla,68000.0,00155A
4,12,Punilla,84000.0,00156A
4,12,Punilla,0.0,00156B
4,12,Punilla,73500.0,00156C
4,12,Punilla,89000.0,00156D
4,12,Punilla,89000.0,00158A
4,12,Punilla,72000.0,00158B
4,12,Punilla,83000.0,00158C
4,12,Punilla,185000.0,00326C
4,13,Río Cuarto,53000.0,000160
4,13,Río Cuarto,89000.0,000161
4,13,Río Cuarto,79000.0,000162
4,13,Río Cuarto,62000.0,000163
4,13,Río Cuarto,79000.0,000164
4,13,Río Cuarto,72000.0,000165
4,13,Río Cuarto,85000.0,000166
4,13,Río Cuarto,75000.0,000167
4,13,Río Cuarto,72000.0,000168
4,13,Río Cuarto,80000.0,000169
4,13,Río Cuarto,97500.0,000170
4,13,Río Cuarto,107000.0,000171
4,13,Río Cuarto,61000.0,000172
4,13,Río Cuarto,89000.0,000173
4,13,Río Cuarto,0.0,000174
4,13,Río Cuarto,44000.0,000175
4,13,Río Cuarto,87000.0,000176
4,13,Río Cuarto,69000.0,000177
4,13,Río Cuarto,85000.0,000178
4,13,Río Cuarto,75000.0,000179
4,13,Río Cuarto,0.0,000180
4,13,Río Cuarto,84000.0,000181
4,13,Río Cuarto,102000.0,000182
4,13,Río Cuarto,55000.0,000183
4,13,Río Cuarto,72000.0,000184
4,13,Río Cuarto,100000.0,000185
4,13,Río Cuarto,72000.0,000186
4,13,Río Cuarto,64000.0,000187
4,13,Río Cuarto,95000.0,000188
4,13,Río Cuarto,89000.0,000189
4,13,Río Cuarto,93000.0,000190
4,13,Río Cuarto,74000.0,000191
4,13,Río Cuarto,45500.0,000192
4,13,Río Cuarto,57000.0,000193
4,13,Río Cuarto,0.0,000194
4,13,Río Cuarto,63000.0,00160A
4,13,Río Cuarto,69000.0,00178A
4,13,Río Cuarto,29000.0,00184A
4,13,Río Cuarto,45000.0,00191A
4,14,Río Primero,64000.0,000195
4,14,Río Primero,144000.0,000196
4,14,Río Primero,51000.0,000197
4,14,Río Primero,29500.0,000198
4,14,Río Primero,78000.0,000199
4,14,Río Primero,51000.0,000200
4,14,Río Primero,47000.0,000201
4,14,Río Primero,23000.0,000202
4,14,Río Primero,0.0,000203
4,14,Río Primero,64000.0,000204
4,14,Río Primero,137000.0,000206
4,14,Río Primero,43000.0,000207
4,14,Río Primero,26000.0,000208
4,14,Río Primero,0.0,000209
4,14,Río Primero,87000.0,000210
4,14,Río Primero,47000.0,000211
4,14,Río Primero,53000.0,000212
4,14,Río Primero,17000.0,000213
4,14,Río Primero,66000.0,000214
4,14,Río Primero,31000.0,000215
4,14,Río Primero,0.0,000217
4,14,Río Primero,51000.0,000218
4,14,Río Primero,54000.0,000219
4,14,Río Primero,56000.0,000220
4,14,Río Primero,75000.0,000222
4,14,Río Primero,55000.0,00201A
4,14,Río Primero,0.0,00212B
4,14,Río Primero,85000.0,00215A
4,15,Río Seco,0.0,000224
4,15,Río Seco,42000.0,000225
4,15,Río Seco,30000.0,000226
4,15,Río Seco,66500.0,000227
4,15,Río Seco,8000.0,000228
4,15,Río Seco,53000.0,000229
4,15,Río Seco,63000.0,000360
4,15,Río Seco,27000.0,00225A
4,15,Río Seco,36000.0,00227A
4,15,Río Seco,75000.0,00227C
4,15,Río Seco,68500.0,00229A
4,16,Río Segundo,70000.0,000230
4,16,Río Segundo,113500.0,000231
4,16,Río Segundo,53000.0,000232
4,16,Río Segundo,63000.0,000233
4,16,Río Segundo,0.0,000234
4,16,Río Segundo,81000.0,000235
4,16,Río Segundo,52000.0,000236
4,16,Río Segundo,89000.0,000237
4,16,Río Segundo,0.0,000238
4,16,Río Segundo,89000.0,000239
4,16,Río Segundo,58000.0,000240
4,16,Río Segundo,79000.0,000241
4,16,Río Segundo,47000.0,000242
4,16,Río Segundo,53000.0,000243
4,16,Río Segundo,67000.0,000244
4,16,Río Segundo,75000.0,000245
4,16,Río Segundo,56000.0,00230A
4,16,Río Segundo,97500.0,00236A
4,16,Río Segundo,62500.0,00237A
4,16,Río Segundo,147000.0,00237B
4,16,Río Segundo,74000.0,00242A
4,16,Río Segundo,79000.0,00244A
4,17,Roque Sáenz Peña,75000.0,000248
4,17,Roque Sáenz Peña,69500.0,000249
4,17,Roque Sáenz Peña,42000.0,000251
4,17,Roque Sáenz Peña,89000.0,000252
4,17,Roque Sáenz Peña,101000.0,000253
4,17,Roque Sáenz Peña,107000.0,000254
4,17,Roque Sáenz Peña,107000.0,000255
4,17,Roque Sáenz Peña,85000.0,000256
4,17,Roque Sáenz Peña,87000.0,000257
4,17,Roque Sáenz Peña,41000.0,000258
4,18,San Alberto,0.0,000250
4,18,San Alberto,67000.0,000259
4,18,San Alberto,51000.0,000261
4,18,San Alberto,67000.0,000262
4,18,San Alberto,47000.0,000263
4,18,San Alberto,74500.0,000264
4,18,San Alberto,47000.0,000265
4,18,San Alberto,43000.0,000266
4,18,San Alberto,63000.0,00260A
4,18,San Alberto,64000.0,00261A
4,18,San Alberto,0.0,00261B
4,18,San Alberto,75000.0,00263B
4,18,San Alberto,61500.0,00263C
4,18,San Alberto,22000.0,00263D
4,18,San Alberto,46000.0,00263E
4,18,San Alberto,0.0,00264A
4,18,San Alberto,42000.0,00265A
4,18,San Alberto,52000.0,00265B
4,18,San Alberto,13500.0,00265C
4,18,San Alberto,41000.0,00266A
4,19,San Javier,42000.0,000267
4,19,San Javier,64000.0,000268
4,19,San Javier,44000.0,000269
4,19,San Javier,56000.0,000270
4,19,San Javier,61000.0,000271
4,19,San Javier,53000.0,000272
4,19,San Javier,41000.0,000273
4,19,San Javier,50000.0,000274
4,19,San Javier,49500.0,000275
4,19,San Javier,40000.0,00269A
4,19,San Javier,3500.0,00269B
4,19,San Javier,0.0,00274A
4,19,San Javier,28000.0,00275A
4,20,San Justo,52000.0,000277
4,20,San Justo,72000.0,000278
4,20,San Justo,67000.0,000279
4,20,San Justo,53000.0,000280
4,20,San Justo,51000.0,000282
4,20,San Justo,53000.0,000283
4,20,San Justo,89000.0,000285
4,20,San Justo,0.0,000286
4,20,San Justo,75000.0,000288
4,20,San Justo,67000.0,000289
4,20,San Justo,68500.0,000290
4,20,San Justo,75000.0,000291
4,20,San Justo,0.0,000292
4,20,San Justo,63000.0,000293
4,20,San Justo,72000.0,000294
4,20,San Justo,43000.0,000295
4,20,San Justo,72000.0,000296
4,20,San Justo,86000.0,000297
4,20,San Justo,75000.0,000298
4,20,San Justo,79000.0,000299
4,20,San Justo,52000.0,000300
4,20,San Justo,93000.0,000301
4,20,San Justo,77000.0,000303
4,20,San Justo,75000.0,000304
4,20,San Justo,85000.0,000305
4,20,San Justo,88000.0,000306
4,20,San Justo,93500.0,000307
4,20,San Justo,75000.0,000308
4,20,San Justo,66000.0,000309
4,20,San Justo,100000.0,000310
4,20,San Justo,53000.0,000311
4,20,San Justo,61000.0,000313
4,20,San Justo,66500.0,000314
4,20,San Justo,72000.0,000315
4,20,San Justo,107000.0,00279A
4,20,San Justo,46500.0,00283A
4,20,San Justo,60000.0,00288A
4,20,San Justo,12000.0,00294A
4,20,San Justo,75000.0,00295A
4,20,San Justo,86000.0,00310A
4,20,San Justo,91000.0,sindatos
4,21,Santa María,25000.0,00010E
4,21,Santa María,0.0,00025B
4,21,Santa María,67000.0,000316
4,21,Santa María,8000.0,000317
4,21,Santa María,49000.0,000318
4,21,Santa María,0.0,000319
4,21,Santa María,81000.0,000323
4,21,Santa María,19000.0,000324
4,21,Santa María,60000.0,000325
4,21,Santa María,44000.0,000326
4,21,Santa María,0.0,000327
4,21,Santa María,89000.0,000328
4,21,Santa María,0.0,000329
4,21,Santa María,47500.0,000330
4,21,Santa María,51000.0,000331
4,21,Santa María,51000.0,00316A
4,21,Santa María,117000.0,00316D
4,21,Santa María,102000.0,00316E
4,21,Santa María,10000.0,00316G
4,21,Santa María,109000.0,00316H
4,21,Santa María,74000.0,00316I
4,21,Santa María,21000.0,00316J
4,21,Santa María,38000.0,00326C
4,21,Santa María,98500.0,00328B
4,21,Santa María,71000.0,00330A
4,22,Sobremonte,63500.0,000332
4,22,Sobremonte,26000.0,000333
4,22,Sobremonte,70500.0,000334
4,22,Sobremonte,63000.0,000335
4,22,Sobremonte,13000.0,zonagris
4,23,Tercero Arriba,60000.0,000336
4,23,Tercero Arriba,44500.0,000337
4,23,Tercero Arriba,31000.0,000338
4,23,Tercero Arriba,81000.0,000339
4,23,Tercero Arriba,93000.0,000340
4,23,Tercero Arriba,66000.0,000341
4,23,Tercero Arriba,112000.0,000342
4,23,Tercero Arriba,81000.0,000343
4,23,Tercero Arriba,87000.0,000344
4,23,Tercero Arriba,95000.0,000345
4,23,Tercero Arriba,77000.0,000346
4,23,Tercero Arriba,0.0,000347
4,23,Tercero Arriba,81000.0,000348
4,23,Tercero Arriba,75000.0,000349
4,23,Tercero Arriba,0.0,00337A
4,23,Tercero Arriba,76000.0,00349A
4,23,Tercero Arriba,0.0,sindatos
4,24,Totoral,70000.0,000027
4,24,Totoral,14000.0,000092
4,24,Totoral,51000.0,000350
4,24,Totoral,28500.0,000351
4,24,Totoral,46000.0,000352
4,24,Totoral,0.0,000353
4,24,Totoral,0.0,000354
4,24,Totoral,66000.0,000356
4,24,Totoral,23500.0,000357
4,24,Totoral,62000.0,000358
4,24,Totoral,51000.0,000359
4,24,Totoral,14000.0,00351A
4,24,Totoral,0.0,00352A
4,25,Tulumba,49500.0,000360
4,25,Tulumba,0.0,000361
4,25,Tulumba,64500.0,000362
4,25,Tulumba,0.0,000363
4,25,Tulumba,70000.0,000364
4,25,Tulumba,0.0,000365
4,25,Tulumba,31000.0,000366
4,25,Tulumba,74000.0,000367
4,25,Tulumba,0.0,000368
4,25,Tulumba,26500.0,000369
4,25,Tulumba,0.0,000370
4,25,Tulumba,65000.0,000371
4,25,Tulumba,50000.0,00370A
4,26,Unión,69000.0,000372
4,26,Unión,70000.0,000373
4,26,Unión,91000.0,000374
4,26,Unión,89000.0,000375
4,26,Unión,81000.0,000376
4,26,Unión,112000.0,000377
4,26,Unión,69000.0,000378
4,26,Unión,78000.0,000381
4,26,Unión,54000.0,000382
4,26,Unión,47000.0,000384
4,26,Unión,102000.0,000385
4,26,Unión,61500.0,000386
4,26,Unión,50000.0,000387
4,26,Unión,81000.0,000389
4,26,Unión,67000.0,000390
4,26,Unión,83000.0,000391
4,26,Unión,71000.0,000392
4,26,Unión,75000.0,000393
4,26,Unión,60500.0,000394
4,26,Unión,85000.0,000395
4,26,Unión,91000.0,000396
4,26,Unión,64000.0,000397
4,26,Unión,63000.0,000400
4,26,Unión,27000.0,000401
4,26,Unión,70000.0,000402
4,26,Unión,0.0,00372A
4,26,Unión,169000.0,00396A
4,26,Unión,70000.0,00397A
5,1,Capital,102000.0,000001
5,1,Capital,61000.0,000002
5,1,Capital,107000.0,000003
5,1,Capital,90000.0,000004
5,1,Capital,72000.0,000005
5,1,Capital,60000.0,000006
5,1,Capital,75000.0,000007
5,1,Capital,42000.0,000008
5,1,Capital,40000.0,000009
5,1,Capital,0.0,000010
5,1,Capital,45000.0,000011
5,1,Capital,44000.0,00002A
5,1,Capital,44000.0,00005A
5,1,Capital,53000.0,00005B
5,1,Capital,23000.0,00005C
5,1,Capital,36000.0,00007A
5,1,Capital,44000.0,00007B
5,1,Capital,0.0,00009A
5,1,Capital,1000.0,00011A
5,1,Capital,244000.0,000128
5,2,Goya,75000.0,000012
5,2,Goya,38000.0,000013
5,2,Goya,36000.0,000014
5,2,Goya,42000.0,000015
5,2,Goya,25500.0,000016
5,2,Goya,95000.0,00012A
5,2,Goya,49000.0,00012B
5,2,Goya,38000.0,00012C
5,2,Goya,51000.0,00013A
5,3,Curuzú Cuatiá,40000.0,000017
5,3,Curuzú Cuatiá,47000.0,000018
5,3,Curuzú Cuatiá,51000.0,000019
5,3,Curuzú Cuatiá,64000.0,000020
5,3,Curuzú Cuatiá,38000.0,000021
5,3,Curuzú Cuatiá,27000.0,000022
5,4,Mercedes,27000.0,000023
5,4,Mercedes,0.0,000024
5,4,Mercedes,24000.0,000025
5,4,Mercedes,1000.0,000026
5,4,Mercedes,44000.0,000027
5,4,Mercedes,57000.0,000028
5,4,Mercedes,91000.0,000029
5,5,Esquina,38000.0,000030
5,5,Esquina,45000.0,000031
5,5,Esquina,47000.0,000032
5,5,Esquina,42000.0,000033
5,5,Esquina,0.0,000034
5,5,Esquina,55000.0,000035
5,5,Esquina,38000.0,00032A
5,6,Lavalle,15500.0,000013
5,6,Lavalle,21000.0,000036
5,6,Lavalle,42000.0,000037
5,6,Lavalle,38000.0,000038
5,6,Lavalle,1500.0,000039
5,6,Lavalle,52000.0,00037A
5,6,Lavalle,30000.0,00037B
5,7,Santo Tomé,42000.0,000040
5,7,Santo Tomé,30000.0,000041
5,7,Santo Tomé,39000.0,000042
5,7,Santo Tomé,0.0,000043
5,7,Santo Tomé,0.0,000044
5,7,Santo Tomé,38000.0,000045
5,7,Santo Tomé,22000.0,000046
5,7,Santo Tomé,109000.0,000047
5,7,Santo Tomé,0.0,000048
5,8,Paso De Los Libres,49000.0,000049
5,8,Paso De Los Libres,0.0,000050
5,8,Paso De Los Libres,8500.0,000051
5,8,Paso De Los Libres,51000.0,000052
5,8,Paso De Los Libres,29000.0,000053
5,8,Paso De Los Libres,19000.0,000054
5,9,Monte Caseros,47000.0,000055
5,9,Monte Caseros,12000.0,000056
5,9,Monte Caseros,27000.0,000057
5,9,Monte Caseros,87000.0,000058
5,9,Monte Caseros,39000.0,000059
5,9,Monte Caseros,50000.0,00059A
5,10,San Luis Del Palmar,51000.0,000060
5,10,San Luis Del Palmar,34000.0,000061
5,10,San Luis Del Palmar,14000.0,000062
5,10,San Luis Del Palmar,41000.0,000063
5,10,San Luis Del Palmar,0.0,000064
5,10,San Luis Del Palmar,31000.0,000065
5,10,San Luis Del Palmar,0.0,000066
5,11,Bella Vista,41000.0,000067
5,11,Bella Vista,33000.0,000068
5,11,Bella Vista,107000.0,000069
5,11,Bella Vista,14000.0,000070
5,11,Bella Vista,53000.0,000071
5,12,Empedrado,40000.0,000072
5,12,Empedrado,35000.0,000073
5,12,Empedrado,24000.0,000074
5,12,Empedrado,91000.0,000075
5,12,Empedrado,43000.0,000076
5,12,Empedrado,42000.0,00073A
5,13,San Roque,13000.0,000077
5,13,San Roque,21000.0,000078
5,13,San Roque,30500.0,000079
5,13,San Roque,45000.0,000080
5,13,San Roque,0.0,000081
5,13,San Roque,14000.0,000082
5,14,General Paz,38000.0,000083
5,14,General Paz,20500.0,000084
5,14,General Paz,52000.0,000085
5,14,General Paz,0.0,000086
5,14,General Paz,33500.0,000087
5,14,General Paz,3000.0,000088
5,14,General Paz,49000.0,000090
5,14,General Paz,0.0,00087A
5,15,Saladas,30000.0,000091
5,15,Saladas,14000.0,000092
5,15,Saladas,5000.0,000093
5,15,Saladas,29000.0,000094
5,15,Saladas,19000.0,000095
5,16,San Martín,0.0,000050
5,16,San Martín,55000.0,000096
5,16,San Martín,10000.0,000097
5,16,San Martín,35000.0,000098
5,16,San Martín,28500.0,000099
5,16,San Martín,21000.0,000100
5,16,San Martín,64000.0,00100A
5,17,Concepción,0.0,000080
5,17,Concepción,31000.0,000102
5,17,Concepción,51000.0,000103
5,17,Concepción,0.0,000104
5,17,Concepción,0.0,000105
5,17,Concepción,0.0,000106
5,17,Concepción,0.0,00105A
5,17,Concepción,83000.0,000107
5,18,Mburucuya,8000.0,000108
5,18,Mburucuya,36000.0,000109
5,18,Mburucuya,0.0,000110
5,18,Mburucuya,15000.0,000111
5,19,Ituzaingo,45000.0,000112
5,19,Ituzaingo,13000.0,000113
5,19,Ituzaingo,45000.0,000114
5,19,Ituzaingo,10500.0,000115
5,19,Ituzaingo,51000.0,000116
5,19,Ituzaingo,38000.0,000117
5,19,Ituzaingo,0.0,000118
5,19,Ituzaingo,0.0,000119
5,19,Ituzaingo,93000.0,000120
5,19,Ituzaingo,14000.0,00117A
5,20,Sauce,47000.0,000121
5,20,Sauce,29000.0,000122
5,20,Sauce,53000.0,000123
5,20,Sauce,91000.0,000124
5,20,Sauce,0.0,000125
5,21,San Cosme,26000.0,000126
5,21,San Cosme,0.0,000127
5,21,San Cosme,60000.0,000128
5,21,San Cosme,53000.0,000129
5,21,San Cosme,44000.0,000130
5,21,San Cosme,51000.0,000131
5,21,San Cosme,41000.0,00128A
5,21,San Cosme,21000.0,00130A
5,22,General Alvear,57000.0,000132
5,22,General Alvear,55000.0,000133
5,22,General Alvear,0.0,000134
5,23,San Miguel,0.0,000114
5,23,San Miguel,30500.0,000137
5,23,San Miguel,45000.0,000138
5,23,San Miguel,31000.0,000139
5,23,San Miguel,44000.0,000140
5,24,Itati,0.0,000141
5,24,Itati,5000.0,000142
5,24,Itati,0.0,000143
5,24,Itati,34500.0,000144
5,25,Berón De Astrada,49000.0,000084
5,25,Berón De Astrada,44000.0,000145
5,25,Berón De Astrada,79500.0,000146
5,25,Berón De Astrada,89000.0,000147
6,1,San Fernando,107000.0,000001
6,1,San Fernando,102000.0,000002
6,1,San Fernando,81000.0,000003
6,1,San Fernando,89000.0,000004
6,1,San Fernando,72000.0,000006
6,1,San Fernando,44000.0,000009
6,1,San Fernando,63500.0,000010
6,1,San Fernando,20500.0,000012
6,1,San Fernando,53000.0,000014
6,1,San Fernando,40000.0,000015
6,1,San Fernando,85000.0,000017
6,1,San Fernando,73000.0,000018
6,1,San Fernando,42000.0,000020
6,1,San Fernando,29000.0,000021
6,1,San Fernando,34000.0,000023
6,1,San Fernando,15000.0,000024
6,1,San Fernando,0.0,000025
6,1,San Fernando,13000.0,000026
6,1,San Fernando,36000.0,000027
6,1,San Fernando,66000.0,00005A
6,1,San Fernando,42000.0,00005B
6,1,San Fernando,44000.0,00007A
6,1,San Fernando,38000.0,00007B
6,1,San Fernando,30000.0,00008A
6,1,San Fernando,53000.0,00008B
6,1,San Fernando,48500.0,00011A
6,1,San Fernando,33500.0,00011B
6,1,San Fernando,51000.0,00013A
6,1,San Fernando,18000.0,00013B
6,1,San Fernando,31000.0,00016A
6,1,San Fernando,63000.0,00016B
6,1,San Fernando,64000.0,00016C
6,1,San Fernando,102000.0,00019A
6,1,San Fernando,51000.0,00019B
6,1,San Fernando,32000.0,00022A
6,1,San Fernando,29000.0,00022B
6,2,Primero De Mayo,5000.0,000028
6,2,Primero De Mayo,45000.0,000029
6,2,Primero De Mayo,48500.0,000030
6,2,Primero De Mayo,114000.0,000031
6,3,Libertad,31000.0,000032
6,3,Libertad,85000.0,000033
6,3,Libertad,0.0,000034
6,3,Libertad,49500.0,000035
6,4,General Donovan,38000.0,000037
6,4,General Donovan,34000.0,000038
6,4,General Donovan,57000.0,000039
6,4,General Donovan,11000.0,000040
6,5,Sargento Cabral,29000.0,000041
6,5,Sargento Cabral,41000.0,000042
6,5,Sargento Cabral,31000.0,000043
6,5,Sargento Cabral,45000.0,000044
6,6,Pcia. De La Plaza,60000.0,000045
6,6,Pcia. De La Plaza,12000.0,000046
6,6,Pcia. De La Plaza,12000.0,000047
6,6,Pcia. De La Plaza,89000.0,000048
6,7,Bermejo,13000.0,000049
6,7,Bermejo,53000.0,000050
6,7,Bermejo,33000.0,000052
6,7,Bermejo,31000.0,000053
6,7,Bermejo,47500.0,000054
6,7,Bermejo,59500.0,000056
6,7,Bermejo,48500.0,000057
6,7,Bermejo,27000.0,00055A
6,7,Bermejo,53000.0,00055B
6,8,Lib. Gral. San Martín,0.0,000031
6,8,Lib. Gral. San Martín,75000.0,000058
6,8,Lib. Gral. San Martín,53000.0,000059
6,8,Lib. Gral. San Martín,0.0,000060
6,8,Lib. Gral. San Martín,38000.0,000061
6,8,Lib. Gral. San Martín,30000.0,000062
6,8,Lib. Gral. San Martín,20000.0,000063
6,8,Lib. Gral. San Martín,0.0,000064
6,8,Lib. Gral. San Martín,8000.0,000065
6,8,Lib. Gral. San Martín,46000.0,000066
6,8,Lib. Gral. San Martín,0.0,000067
6,9,Tapenaga,31000.0,000068
6,9,Tapenaga,48500.0,000069
6,9,Tapenaga,0.0,000070
6,9,Tapenaga,15000.0,000071
6,9,Tapenaga,6500.0,000072
6,10,San Lorenzo,2000.0,000073
6,10,San Lorenzo,44500.0,000074
6,10,San Lorenzo,8000.0,000075
6,11,Mayor L. J. Fontana,21500.0,000076
6,11,Mayor L. J. Fontana,30000.0,000077
6,11,Mayor L. J. Fontana,38000.0,000078
6,11,Mayor L. J. Fontana,36000.0,000079
6,11,Mayor L. J. Fontana,31000.0,000080
6,11,Mayor L. J. Fontana,0.0,000081
6,11,Mayor L. J. Fontana,33500.0,000082
6,12,O'Higgins,0.0,000083
6,12,O'Higgins,18000.0,000084
6,12,O'Higgins,25000.0,000085
6,12,O'Higgins,0.0,000086
6,13,Comandante Fernández,15000.0,000087
6,13,Comandante Fernández,89000.0,000088
6,13,Comandante Fernández,53000.0,000089
6,13,Comandante Fernández,41000.0,000090
6,13,Comandante Fernández,43000.0,000091
6,13,Comandante Fernández,36000.0,000092
6,13,Comandante Fernández,51000.0,000093
6,13,Comandante Fernández,56000.0,000094
6,13,Comandante Fernández,53000.0,000095
6,13,Comandante Fernández,60000.0,000096
6,13,Comandante Fernández,43000.0,000097
6,14,Quitilipi,31000.0,000098
6,14,Quitilipi,1500.0,000099
6,14,Quitilipi,36000.0,000100
6,14,Quitilipi,0.0,000101
6,15,25 De Mayo,52500.0,000102
6,15,25 De Mayo,43000.0,000103
6,15,25 De Mayo,31000.0,000104
6,15,25 De Mayo,0.0,000105
6,15,25 De Mayo,51500.0,000106
6,16,Maipú,49500.0,000107
6,16,Maipú,12000.0,000108
6,16,Maipú,39000.0,000109
6,17,Independencia,0.0,000110
6,17,Independencia,0.0,000111
6,17,Independencia,8000.0,000112
6,17,Independencia,13000.0,000113
6,17,Independencia,0.0,000114
6,18,General Belgrano,9000.0,000115
6,18,General Belgrano,59000.0,000116
6,19,9 De Julio,45000.0,000117
6,19,9 De Julio,36000.0,000118
6,20,Chacabuco,36000.0,000119
6,20,Chacabuco,49000.0,000120
6,21,12 De Octubre,30000.0,000121
6,21,12 De Octubre,31000.0,000122
6,21,12 De Octubre,60000.0,000123
6,21,12 De Octubre,37000.0,000124
6,21,12 De Octubre,23000.0,000125
6,22,2 De Abril,32500.0,000126
6,22,2 De Abril,66000.0,000129
6,23,Fray J. Sta. María De Oro,64000.0,000126
6,23,Fray J. Sta. María De Oro,0.0,000127
6,23,Fray J. Sta. María De Oro,38000.0,000128
6,23,Fray J. Sta. María De Oro,28500.0,000129
6,24,Almirante Brown,0.0,000130
6,24,Almirante Brown,38000.0,000131
6,24,Almirante Brown,26000.0,000132
6,24,Almirante Brown,25000.0,000133
6,25,General Güemes,31000.0,000136
6,25,General Güemes,51000.0,000137
6,25,General Güemes,0.0,000139
6,25,General Güemes,10000.0,00134A
6,25,General Güemes,0.0,00134B
6,25,General Güemes,0.0,00134C
6,25,General Güemes,0.0,00134D
6,25,General Güemes,0.0,00135A
6,25,General Güemes,8000.0,00135B
6,25,General Güemes,0.0,00135C
6,25,General Güemes,0.0,00138A
6,25,General Güemes,0.0,00138B
7,1,Rawson,89000.0,000002
7,1,Rawson,64000.0,000003
7,1,Rawson,74000.0,000004
7,1,Rawson,128000.0,000005
7,1,Rawson,115500.0,000006
7,1,Rawson,97000.0,000007
7,1,Rawson,80000.0,000008
7,1,Rawson,27000.0,000009
7,1,Rawson,75000.0,000010
7,1,Rawson,89000.0,000011
7,1,Rawson,118500.0,000012
7,1,Rawson,145500.0,000013
7,1,Rawson,89000.0,000014
7,1,Rawson,31000.0,000015
7,1,Rawson,147000.0,000016
7,1,Rawson,161000.0,000017
7,1,Rawson,151000.0,000018
7,1,Rawson,102000.0,000019
7,1,Rawson,169000.0,000020
7,1,Rawson,85000.0,000021
7,1,Rawson,0.0,000022
7,1,Rawson,0.0,000023
7,1,Rawson,70000.0,000024
7,1,Rawson,107000.0,000025
7,2,Biedma,109000.0,000026
7,2,Biedma,139000.0,000027
7,2,Biedma,15000.0,000028
7,2,Biedma,95000.0,000029
7,2,Biedma,53000.0,000030
7,2,Biedma,70000.0,000031
7,2,Biedma,190000.0,000032
7,3,Telsen,107000.0,000033
7,3,Telsen,122000.0,000034
7,4,Gastre,61000.0,000035
7,4,Gastre,42000.0,00036A
7,4,Gastre,48500.0,00036B
7,5,Cushamen,74500.0,000037
7,5,Cushamen,80000.0,000039
7,5,Cushamen,35000.0,000040
7,5,Cushamen,61000.0,000041
7,5,Cushamen,15000.0,000042
7,5,Cushamen,107000.0,000043
7,5,Cushamen,107000.0,000057
7,5,Cushamen,102000.0,00044A
7,6,Futaleufú,81000.0,000046
7,6,Futaleufú,91000.0,000047
7,6,Futaleufú,95000.0,000048
7,6,Futaleufú,144000.0,000049
7,6,Futaleufú,105500.0,000051
7,6,Futaleufú,177000.0,000052
7,6,Futaleufú,0.0,000053
7,6,Futaleufú,50500.0,00050A
7,6,Futaleufú,117000.0,00050B
7,6,Futaleufú,36000.0,00054A
7,6,Futaleufú,0.0,00054B
7,7,Languiñeo,0.0,000055
7,7,Languiñeo,0.0,000056
7,7,Languiñeo,0.0,000057
7,7,Languiñeo,45000.0,000058
7,7,Languiñeo,122000.0,00058A
7,8,Tehuelches,0.0,000059
7,8,Tehuelches,98500.0,000060
7,8,Tehuelches,90000.0,000061
7,8,Tehuelches,0.0,000062
7,9,Paso De Indios,41000.0,000063
7,9,Paso De Indios,0.0,00063A
7,10,Mártires,79000.0,000066
7,11,F. Ameghino,109000.0,000067
7,12,Gaiman,125000.0,000068
7,12,Gaiman,78000.0,000069
7,12,Gaiman,70000.0,000070
7,12,Gaiman,225500.0,000071
7,12,Gaiman,28500.0,000072
7,12,Gaiman,78000.0,000073
7,13,Río Senguer,151000.0,000074
7,13,Río Senguer,65000.0,000075
7,13,Río Senguer,98000.0,000077
7,13,Río Senguer,51000.0,000078
7,13,Río Senguer,0.0,000079
7,13,Río Senguer,29000.0,000080
7,13,Río Senguer,190000.0,000081
7,14,Sarmiento,95000.0,000082
7,14,Sarmiento,101000.0,000083
7,14,Sarmiento,53000.0,000084
7,15,Escalante,161000.0,000086
7,15,Escalante,79000.0,000087
7,15,Escalante,91000.0,000088
7,15,Escalante,169000.0,000089
7,15,Escalante,0.0,000090
7,15,Escalante,38000.0,000091
7,15,Escalante,78000.0,000092
7,15,Escalante,39500.0,000093
7,15,Escalante,0.0,000094
7,15,Escalante,27000.0,000095
7,15,Escalante,89000.0,000096
7,15,Escalante,134000.0,000097
7,15,Escalante,144000.0,000098
7,15,Escalante,165000.0,000099
7,15,Escalante,177000.0,000100
7,15,Escalante,102000.0,000101
7,15,Escalante,132500.0,000102
7,15,Escalante,81000.0,000103
7,15,Escalante,77000.0,000104
7,15,Escalante,75000.0,000105
7,15,Escalante,151000.0,000106
7,15,Escalante,73000.0,000107
7,15,Escalante,75000.0,000108
7,15,Escalante,0.0,000109
8,1,Paraná,137000.0,000001
8,1,Paraná,144000.0,000002
8,1,Paraná,112000.0,000003
8,1,Paraná,147500.0,000004
8,1,Paraná,67000.0,000005
8,1,Paraná,19000.0,000006
8,1,Paraná,51000.0,000007
8,1,Paraná,87000.0,000008
8,1,Paraná,36000.0,000009
8,1,Paraná,53000.0,000010
8,1,Paraná,51000.0,000011
8,1,Paraná,91000.0,000012
8,1,Paraná,69500.0,000013
8,1,Paraná,38000.0,000014
8,1,Paraná,83000.0,000015
8,1,Paraná,95000.0,000016
8,1,Paraná,51000.0,000017
8,1,Paraná,53000.0,000018
8,1,Paraná,42000.0,000019
8,1,Paraná,102000.0,000020
8,1,Paraná,75000.0,000021
8,1,Paraná,57000.0,000022
8,1,Paraná,49000.0,000023
8,1,Paraná,55000.0,000024
8,1,Paraná,42000.0,000025
8,1,Paraná,67000.0,000027
8,1,Paraná,48500.0,000029
8,1,Paraná,20000.0,000030
8,1,Paraná,0.0,000031
8,1,Paraná,79000.0,000032
8,1,Paraná,65000.0,000033
8,1,Paraná,13000.0,000034
8,1,Paraná,51000.0,000035
8,1,Paraná,100000.0,000036
8,1,Paraná,70000.0,000037
8,1,Paraná,0.0,000038
8,1,Paraná,83000.0,000039
8,1,Paraná,56000.0,000040
8,1,Paraná,67000.0,000041
8,1,Paraná,91000.0,000042
8,1,Paraná,64000.0,000043
8,1,Paraná,77000.0,000044
8,1,Paraná,93000.0,000045
8,1,Paraná,64000.0,000046
8,1,Paraná,75000.0,000047
8,1,Paraná,75000.0,000048
8,1,Paraná,24000.0,000049
8,1,Paraná,64000.0,000050
8,1,Paraná,107000.0,000051
8,1,Paraná,144000.0,000052
8,1,Paraná,91000.0,000053
8,1,Paraná,0.0,000054
8,1,Paraná,75000.0,000055
8,1,Paraná,79000.0,000056
8,1,Paraná,58000.0,000057
8,1,Paraná,63500.0,000058
8,1,Paraná,93000.0,00023A
8,3,La Paz,42000.0,000059
8,3,La Paz,40000.0,000060
8,3,La Paz,0.0,000061
8,3,La Paz,63000.0,000062
8,3,La Paz,72000.0,000063
8,3,La Paz,33500.0,000064
8,3,La Paz,70000.0,000065
8,3,La Paz,75000.0,000066
8,3,La Paz,104000.0,000067
8,3,La Paz,72000.0,000068
8,3,La Paz,52500.0,000069
8,3,La Paz,63000.0,000070
8,3,La Paz,56000.0,000071
8,3,La Paz,0.0,000072
8,3,La Paz,144000.0,000073
8,3,La Paz,0.0,000074
8,3,La Paz,14000.0,000075
8,3,La Paz,77000.0,000076
8,4,Diamante,81000.0,000077
8,4,Diamante,47000.0,000078
8,4,Diamante,13000.0,000079
8,4,Diamante,81000.0,000080
8,4,Diamante,50000.0,000081
8,4,Diamante,77000.0,000082
8,4,Diamante,72000.0,000083
8,4,Diamante,72000.0,000084
8,4,Diamante,45000.0,000085
8,4,Diamante,114000.0,000086
8,4,Diamante,77000.0,000087
8,4,Diamante,49500.0,000088
8,4,Diamante,19000.0,000089
8,4,Diamante,89000.0,000090
8,4,Diamante,43000.0,000091
8,4,Diamante,100000.0,000092
8,4,Diamante,89000.0,000093
8,4,Diamante,63000.0,000094
8,4,Diamante,72000.0,000096
8,4,Diamante,56500.0,000097
8,5,Victoria,44000.0,000098
8,5,Victoria,75000.0,000099
8,5,Victoria,38000.0,000101
8,5,Victoria,0.0,000102
8,5,Victoria,42000.0,000103
8,5,Victoria,57000.0,000104
8,5,Victoria,47000.0,000105
8,5,Victoria,63000.0,000106
8,5,Victoria,149000.0,000107
8,5,Victoria,102000.0,000109
8,5,Victoria,97000.0,000110
8,6,Nogoyá,74000.0,000111
8,6,Nogoyá,36000.0,000112
8,6,Nogoyá,116000.0,000113
8,6,Nogoyá,78000.0,000114
8,6,Nogoyá,85000.0,000115
8,6,Nogoyá,122000.0,000116
8,6,Nogoyá,61500.0,000117
8,6,Nogoyá,38000.0,000118
8,6,Nogoyá,65000.0,000119
8,6,Nogoyá,89000.0,000120
8,6,Nogoyá,25000.0,000121
8,6,Nogoyá,81000.0,000122
8,6,Nogoyá,42000.0,000123
8,6,Nogoyá,75000.0,000124
8,6,Nogoyá,75000.0,000125
8,6,Nogoyá,87000.0,000126
8,6,Nogoyá,42000.0,000127
8,7,Gualeguay,63000.0,000128
8,7,Gualeguay,59000.0,000129
8,7,Gualeguay,42000.0,000130
8,7,Gualeguay,0.0,000131
8,7,Gualeguay,61500.0,000132
8,7,Gualeguay,75000.0,000133
8,7,Gualeguay,30000.0,000134
8,7,Gualeguay,70000.0,000135
8,7,Gualeguay,75000.0,000136
8,7,Gualeguay,0.0,000137
8,7,Gualeguay,23000.0,000138
8,7,Gualeguay,128000.0,000139
8,7,Gualeguay,50000.0,000140
8,8,Tala,69000.0,000141
8,8,Tala,0.0,000142
8,8,Tala,85000.0,000143
8,8,Tala,20000.0,000144
8,8,Tala,51000.0,000145
8,8,Tala,77000.0,000146
8,8,Tala,147000.0,000147
8,8,Tala,102000.0,000148
8,8,Tala,68000.0,000149
8,8,Tala,79500.0,000150
8,8,Tala,42000.0,000151
8,8,Tala,14000.0,000152
8,8,Tala,0.0,000153
8,8,Tala,128000.0,000154
8,8,Tala,51000.0,000155
8,8,Tala,69000.0,000156
8,9,Uruguay,89000.0,000157
8,9,Uruguay,103000.0,000158
8,9,Uruguay,73000.0,000159
8,9,Uruguay,77000.0,000160
8,9,Uruguay,64000.0,000161
8,9,Uruguay,74000.0,000162
8,9,Uruguay,0.0,000163
8,9,Uruguay,55000.0,000164
8,9,Uruguay,91000.0,000165
8,9,Uruguay,79000.0,000166
8,9,Uruguay,95000.0,000167
8,9,Uruguay,47000.0,000168
8,9,Uruguay,79000.0,000169
8,9,Uruguay,64000.0,000170
8,9,Uruguay,93000.0,000171
8,9,Uruguay,0.0,000172
8,9,Uruguay,102000.0,000173
8,9,Uruguay,72000.0,000174
8,9,Uruguay,66500.0,000175
8,9,Uruguay,70000.0,000178
8,9,Uruguay,94000.0,000179
8,9,Uruguay,60000.0,000180
8,9,Uruguay,84000.0,000181
8,9,Uruguay,81000.0,00166A
8,9,Uruguay,107000.0,00174A
8,10,Gualeguaychú,85000.0,000182
8,10,Gualeguaychú,102000.0,000183
8,10,Gualeguaychú,55500.0,000184
8,10,Gualeguaychú,50000.0,000185
8,10,Gualeguaychú,53000.0,000186
8,10,Gualeguaychú,89000.0,000187
8,10,Gualeguaychú,107000.0,000188
8,10,Gualeguaychú,49000.0,000189
8,10,Gualeguaychú,28000.0,000190
8,10,Gualeguaychú,85000.0,000191
8,10,Gualeguaychú,51000.0,000192
8,10,Gualeguaychú,53000.0,000193
8,10,Gualeguaychú,58500.0,000194
8,10,Gualeguaychú,48000.0,000196
8,10,Gualeguaychú,0.0,000197
8,10,Gualeguaychú,81000.0,000198
8,10,Gualeguaychú,117500.0,000199
8,10,Gualeguaychú,85000.0,000200
8,10,Gualeguaychú,20500.0,000201
8,10,Gualeguaychú,70000.0,000202
8,10,Gualeguaychú,63000.0,000203
8,10,Gualeguaychú,70000.0,000204
8,10,Gualeguaychú,69500.0,000205
8,10,Gualeguaychú,53000.0,000206
8,10,Gualeguaychú,0.0,000207
8,10,Gualeguaychú,38000.0,00195A
8,10,Gualeguaychú,87500.0,00202A
8,11,Islas Del Ibicuy,60000.0,000208
8,11,Islas Del Ibicuy,0.0,000209
8,11,Islas Del Ibicuy,0.0,000210
8,11,Islas Del Ibicuy,40000.0,000211
8,11,Islas Del Ibicuy,14000.0,000212
8,11,Islas Del Ibicuy,10500.0,000213
8,11,Islas Del Ibicuy,0.0,00213A
8,12,Villaguay,70000.0,000214
8,12,Villaguay,26000.0,000215
8,12,Villaguay,20000.0,000216
8,12,Villaguay,12500.0,000217
8,12,Villaguay,0.0,000218
8,12,Villaguay,15500.0,000219
8,12,Villaguay,160500.0,000220
8,12,Villaguay,38000.0,000221
8,12,Villaguay,49000.0,000222
8,12,Villaguay,0.0,000223
8,12,Villaguay,49000.0,000224
8,12,Villaguay,95000.0,000225
8,12,Villaguay,0.0,000226
8,12,Villaguay,55000.0,000227
8,12,Villaguay,0.0,000228
8,12,Villaguay,0.0,000229
8,13,Concordia,55000.0,000230
8,13,Concordia,59000.0,000231
8,13,Concordia,100000.0,000232
8,13,Concordia,75000.0,000233
8,13,Concordia,0.0,000234
8,13,Concordia,29000.0,000235
8,13,Concordia,66000.0,000236
8,13,Concordia,49000.0,000237
8,13,Concordia,42000.0,000238
8,13,Concordia,0.0,000239
8,13,Concordia,35000.0,000240
8,13,Concordia,67000.0,000241
8,13,Concordia,56000.0,000242
8,13,Concordia,0.0,000243
8,13,Concordia,30000.0,000244
8,13,Concordia,102000.0,000245
8,13,Concordia,20000.0,000246
8,13,Concordia,0.0,000247
8,13,Concordia,78500.0,000248
8,13,Concordia,51500.0,000249
8,13,Concordia,61500.0,000250
8,13,Concordia,15000.0,000251
8,14,Federal,42000.0,000252
8,14,Federal,8000.0,000253
8,14,Federal,7000.0,000254
8,14,Federal,0.0,000255
8,14,Federal,34500.0,000256
8,14,Federal,74000.0,000257
8,14,Federal,63500.0,000258
8,14,Federal,48000.0,000259
8,14,Federal,118000.0,000260
8,14,Federal,93500.0,000261
8,14,Federal,67500.0,000262
8,14,Federal,75000.0,000263
8,14,Federal,33000.0,000264
8,14,Federal,54000.0,000265
8,15,Colón,81000.0,000266
8,15,Colón,50000.0,000267
8,15,Colón,72000.0,000268
8,15,Colón,29000.0,000269
8,15,Colón,53000.0,000270
8,15,Colón,98500.0,000271
8,15,Colón,0.0,000272
8,15,Colón,100000.0,000273
8,15,Colón,89000.0,000274
8,15,Colón,108000.0,000275
8,15,Colón,79000.0,000276
8,15,Colón,47000.0,000277
8,15,Colón,135500.0,000278
8,15,Colón,28500.0,000279
8,15,Colón,68500.0,000280
8,15,Colón,117000.0,000281
8,15,Colón,115500.0,000282
8,15,Colón,77000.0,000283
8,15,Colón,107000.0,000285
8,15,Colón,164000.0,000286
8,15,Colón,42000.0,000287
8,16,Feliciano,5000.0,000288
8,16,Feliciano,14000.0,000289
8,16,Feliciano,53000.0,000290
8,16,Feliciano,0.0,000291
8,16,Feliciano,17500.0,000292
8,16,Feliciano,0.0,000293
8,16,Feliciano,29000.0,000294
8,17,Federación,0.0,000295
8,17,Federación,53000.0,000296
8,17,Federación,156500.0,000297
8,17,Federación,19000.0,000298
8,17,Federación,59000.0,000299
8,17,Federación,50000.0,000300
8,17,Federación,70000.0,000301
8,17,Federación,0.0,000302
8,17,Federación,60000.0,000303
8,17,Federación,70000.0,000304
8,17,Federación,63000.0,000305
8,17,Federación,51000.0,000306
8,17,Federación,42000.0,000307
8,17,Federación,38000.0,000308
8,17,Federación,0.0,000309
8,17,Federación,28000.0,00304A
8,18,San Salvador,55000.0,000310
8,18,San Salvador,75000.0,000311
8,18,San Salvador,96000.0,000312
8,18,San Salvador,102000.0,000313
8,18,San Salvador,63000.0,000314
8,18,San Salvador,239000.0,000315
9,1,Formosa,64000.0,000001
9,1,Formosa,85000.0,000002
9,1,Formosa,60000.0,000003
9,1,Formosa,64000.0,000004
9,1,Formosa,0.0,000005
9,1,Formosa,30000.0,000006
9,1,Formosa,40000.0,000007
9,1,Formosa,43000.0,000008
9,1,Formosa,20000.0,000009
9,1,Formosa,0.0,000011
9,1,Formosa,75000.0,000016
9,1,Formosa,75000.0,000017
9,1,Formosa,50500.0,000018
9,1,Formosa,31000.0,000019
9,1,Formosa,74500.0,000020
9,1,Formosa,0.0,000021
9,1,Formosa,0.0,00005A
9,1,Formosa,41000.0,00008A
9,1,Formosa,31000.0,00017A
9,1,Formosa,66000.0,00017B
9,1,Formosa,45000.0,00021A
9,2,Laishi,47000.0,000022
9,2,Laishi,3000.0,00022A
9,2,Laishi,36000.0,00022B
9,2,Laishi,0.0,00023A
9,2,Laishi,0.0,00023C
9,2,Laishi,0.0,00024A
9,2,Laishi,63000.0,00024B
9,3,Pilcomayo,1500.0,000026
9,3,Pilcomayo,0.0,000028
9,3,Pilcomayo,26000.0,000029
9,3,Pilcomayo,36000.0,000030
9,3,Pilcomayo,49000.0,000032
9,3,Pilcomayo,2000.0,00028B
9,3,Pilcomayo,60000.0,00030A
9,3,Pilcomayo,51000.0,00031A
9,3,Pilcomayo,46500.0,00031B
9,3,Pilcomayo,70500.0,00032A
9,3,Pilcomayo,0.0,00032B
9,4,Pirané,31000.0,000034
9,4,Pirané,40000.0,000035
9,4,Pirané,35000.0,000036
9,4,Pirané,42000.0,000037
9,4,Pirané,41000.0,000038
9,4,Pirané,23000.0,000039
9,4,Pirané,107000.0,000040
9,4,Pirané,30500.0,000041
9,4,Pirané,28500.0,000042
9,4,Pirané,24000.0,00034A
9,4,Pirané,100500.0,00035A
9,4,Pirané,55000.0,00036A
9,4,Pirané,70000.0,00036B
9,4,Pirané,14000.0,00037B
9,4,Pirané,31000.0,00037C
9,4,Pirané,500.0,00037D
9,4,Pirané,12000.0,00037G
9,5,Pilagas,13000.0,000043
9,5,Pilagas,27000.0,000044
9,5,Pilagas,84000.0,000045
9,5,Pilagas,20500.0,00043A
9,5,Pilagas,2000.0,00043B
9,5,Pilagas,44000.0,00043C
9,5,Pilagas,0.0,00043F
9,5,Pilagas,74500.0,00044A
9,6,Patiño,46500.0,000047
9,6,Patiño,63000.0,000049
9,6,Patiño,38000.0,000050
9,6,Patiño,171000.0,000051
9,6,Patiño,3000.0,000054
9,6,Patiño,47000.0,000056
9,6,Patiño,137500.0,000057
9,6,Patiño,0.0,000060
9,6,Patiño,3000.0,000064
9,6,Patiño,102000.0,000065
9,6,Patiño,23000.0,000067
9,6,Patiño,0.0,000068
9,6,Patiño,0.0,000069
9,6,Patiño,9500.0,000070
9,6,Patiño,23000.0,000071
9,6,Patiño,0.0,00050B
9,6,Patiño,13000.0,00051A
9,6,Patiño,0.0,00059A
9,6,Patiño,43000.0,00064A
9,6,Patiño,0.0,00064B
9,7,Bermejo,0.0,000073
9,7,Bermejo,43000.0,000074
9,7,Bermejo,0.0,000075
9,7,Bermejo,77500.0,000076
9,7,Bermejo,48000.0,000077
9,7,Bermejo,0.0,000078
9,7,Bermejo,0.0,000080
9,7,Bermejo,0.0,000081
9,7,Bermejo,43000.0,00072A
9,7,Bermejo,35000.0,00072B
9,8,Matacos,10000.0,000082
9,8,Matacos,0.0,00082A
9,9,Ramón Lista,0.0,000083
9,9,Ramón Lista,0.0,00083A
9,9,Ramón Lista,0.0,00083C
9,9,Ramón Lista,0.0,00084A
10,1,General Belgrano,45000.0,000001
10,1,General Belgrano,151000.0,000002
10,1,General Belgrano,117000.0,000003
10,1,General Belgrano,49000.0,000004
10,1,General Belgrano,98500.0,000005
10,1,General Belgrano,102000.0,000006
10,1,General Belgrano,66000.0,000007
10,1,General Belgrano,72000.0,000008
10,1,General Belgrano,96500.0,000009
10,1,General Belgrano,31000.0,000011
10,1,General Belgrano,52000.0,000012
10,1,General Belgrano,56000.0,000013
10,1,General Belgrano,49000.0,000014
10,1,General Belgrano,57000.0,000015
10,1,General Belgrano,31000.0,000016
10,1,General Belgrano,109500.0,000017
10,1,General Belgrano,66000.0,000018
10,1,General Belgrano,49000.0,000019
10,1,General Belgrano,83000.0,000020
10,1,General Belgrano,75000.0,000021
10,1,General Belgrano,81000.0,000078
10,1,General Belgrano,59000.0,00010A
10,1,General Belgrano,21000.0,00010B
10,2,Palpalá,26000.0,000022
10,2,Palpalá,17000.0,000023
10,2,Palpalá,0.0,000024
10,3,San Antonio,65500.0,000026
10,3,San Antonio,27000.0,000027
10,3,San Antonio,43000.0,00025A
10,3,San Antonio,45000.0,00025B
10,4,El Carmen,43000.0,000028
10,4,El Carmen,53000.0,000029
10,4,El Carmen,29000.0,000030
10,4,El Carmen,23000.0,000031
10,4,El Carmen,23500.0,000032
10,4,El Carmen,7000.0,000034
10,4,El Carmen,66000.0,000035
10,4,El Carmen,43000.0,00033A
10,4,El Carmen,7000.0,00033B
10,5,San Pedro,208000.0,000024
10,5,San Pedro,39000.0,000036
10,5,San Pedro,24000.0,000037
10,5,San Pedro,36000.0,000038
10,5,San Pedro,37000.0,000039
10,5,San Pedro,0.0,000040
10,5,San Pedro,0.0,000041
10,5,San Pedro,41000.0,000043
10,5,San Pedro,41000.0,000045
10,5,San Pedro,29000.0,000046
10,5,San Pedro,0.0,00042A
10,5,San Pedro,79000.0,00042B
10,6,Santa Bárbara,0.0,000048
10,6,Santa Bárbara,53000.0,000049
10,6,Santa Bárbara,0.0,000050
10,6,Santa Bárbara,27000.0,000052
10,6,Santa Bárbara,49000.0,00051A
10,6,Santa Bárbara,43000.0,00051B
10,7,Ledesma,44000.0,000053
10,7,Ledesma,93000.0,000054
10,7,Ledesma,25500.0,000057
10,7,Ledesma,64000.0,000061
10,7,Ledesma,15000.0,000064
10,7,Ledesma,12000.0,000066
10,7,Ledesma,0.0,000067
10,7,Ledesma,38000.0,000069
10,7,Ledesma,38000.0,000070
10,8,Valle Grande,66500.0,000072
10,8,Valle Grande,30000.0,000075
10,8,Valle Grande,73500.0,00071B
10,8,Valle Grande,0.0,00073A
10,8,Valle Grande,0.0,00074A
10,8,Valle Grande,0.0,00074B
10,9,Tumbaya,45500.0,000076
10,9,Tumbaya,78000.0,000077
10,9,Tumbaya,14000.0,000078
10,9,Tumbaya,39000.0,000079
10,9,Tumbaya,69000.0,000080
10,9,Tumbaya,57000.0,000081
10,9,Tumbaya,0.0,000082
10,10,Tilcara,44000.0,000083
10,10,Tilcara,0.0,000085
10,10,Tilcara,48000.0,000087
10,10,Tilcara,45000.0,000089
10,10,Tilcara,69000.0,00084B
10,10,Tilcara,45000.0,00088A
10,10,Tilcara,21000.0,00088B
10,11,Humahuaca,75000.0,000091
10,11,Humahuaca,58000.0,000093
10,11,Humahuaca,39500.0,000094
10,11,Humahuaca,75000.0,000095
10,11,Humahuaca,31000.0,000097
10,11,Humahuaca,51000.0,000098
10,11,Humahuaca,31000.0,00090A
10,11,Humahuaca,53000.0,00090B
10,11,Humahuaca,66500.0,00092A
10,11,Humahuaca,83000.0,00092C
10,11,Humahuaca,31000.0,00096A
10,11,Humahuaca,128000.0,00096B
10,12,Cochinoca,0.0,000101
10,12,Cochinoca,83000.0,000103
10,12,Cochinoca,0.0,000104
10,12,Cochinoca,0.0,000105
10,12,Cochinoca,0.0,000107
10,12,Cochinoca,6000.0,00099A
10,12,Cochinoca,67000.0,00100A
10,12,Cochinoca,0.0,00106B
10,13,Rinconada,0.0,000108
10,13,Rinconada,46000.0,000109
10,13,Rinconada,0.0,000110
10,13,Rinconada,0.0,00111A
10,13,Rinconada,60000.0,00111B
10,14,Santa Catalina,128000.0,000114
10,14,Santa Catalina,40000.0,000117
10,14,Santa Catalina,29000.0,00112A
10,14,Santa Catalina,0.0,00112B
10,14,Santa Catalina,60000.0,00114A
10,14,Santa Catalina,39500.0,00116A
10,14,Santa Catalina,41000.0,00116C
10,15,Yavi,4000.0,000118
10,15,Yavi,21000.0,000119
10,15,Yavi,42000.0,000120
10,15,Yavi,0.0,000121
10,15,Yavi,0.0,000122
10,15,Yavi,0.0,000123
10,15,Yavi,43500.0,000124
10,16,Susques,68500.0,00125A
10,16,Susques,0.0,00125B
10,16,Susques,0.0,00126A
10,16,Susques,0.0,00126B
10,16,Susques,445000.0,00126C
10,16,Susques,15500.0,00127A
10,16,Susques,0.0,00127B
11,1,Atreuco,102000.0,000001
11,1,Atreuco,83000.0,000002
11,1,Atreuco,35000.0,000003
11,1,Atreuco,42000.0,000004
11,1,Atreuco,97500.0,000005
11,2,Capital,53000.0,000006
11,2,Capital,79000.0,000009
11,2,Capital,102000.0,000010
11,3,Caleu Caleu,41000.0,000011
11,4,Catriló,45000.0,000013
11,4,Catriló,0.0,000014
11,4,Catriló,70000.0,000015
11,4,Catriló,41000.0,000016
11,5,Chalileo,81000.0,000017
11,5,Chalileo,74500.0,000018
11,6,Chapaleufu,72000.0,000019
11,6,Chapaleufu,84000.0,000020
11,6,Chapaleufu,137000.0,000021
11,6,Chapaleufu,81000.0,000022
11,6,Chapaleufu,63500.0,000023
11,7,Chical-Co,57000.0,000024
11,7,Chical-Co,117000.0,000025
11,8,Conhelo,31000.0,000026
11,8,Conhelo,91000.0,000027
11,8,Conhelo,109000.0,000028
11,8,Conhelo,102000.0,000029
11,8,Conhelo,114000.0,000031
11,9,Curaco,66500.0,000032
11,9,Curaco,36000.0,000033
11,10,Guatrache,90000.0,000034
11,10,Guatrache,89000.0,000035
11,10,Guatrache,79000.0,000036
11,10,Guatrache,0.0,000037
11,10,Guatrache,63500.0,000038
11,11,Hucal,100000.0,000037
11,11,Hucal,97000.0,000039
11,11,Hucal,84000.0,000040
11,11,Hucal,95000.0,000042
11,11,Hucal,77500.0,00039A
11,12,Loventue,110500.0,000043
11,12,Loventue,81000.0,000046
11,12,Loventue,31000.0,000047
11,12,Loventue,51000.0,000048
11,13,Lihuel Calel,192000.0,000049
11,14,Limay Mahuida,89000.0,000054
11,15,Maraco,52500.0,000055
11,15,Maraco,117000.0,000056
11,15,Maraco,81000.0,000057
11,15,Maraco,59000.0,000059
11,16,Puelen,19500.0,000061
11,16,Puelen,66000.0,000062
11,17,Quemu Quemu,0.0,000006
11,17,Quemu Quemu,52000.0,000064
11,17,Quemu Quemu,70500.0,000065
11,17,Quemu Quemu,87000.0,000066
11,17,Quemu Quemu,85000.0,000068
11,18,Rancul,91000.0,000069
11,18,Rancul,60000.0,000070
11,18,Rancul,31000.0,000071
11,18,Rancul,75000.0,000072
11,18,Rancul,87000.0,000073
11,18,Rancul,29000.0,000074
11,18,Rancul,66000.0,000075
11,19,Realicó,76500.0,000076
11,19,Realicó,93000.0,000077
11,19,Realicó,0.0,000078
11,19,Realicó,93000.0,000080
11,19,Realicó,42000.0,000081
11,19,Realicó,83000.0,000082
11,20,Toay,63000.0,000083
11,20,Toay,131000.0,000085
11,20,Toay,41000.0,000086
11,21,Trenel,41500.0,000087
11,21,Trenel,75000.0,000088
11,21,Trenel,102000.0,000089
11,22,Utracán,100000.0,000090
11,22,Utracán,151000.0,000091
11,22,Utracán,151000.0,000092
11,22,Utracán,61000.0,000093
11,22,Utracán,125000.0,000094
11,22,Utracán,72500.0,000095
12,1,Capital,75000.0,00001B
12,1,Capital,61000.0,00001C
12,1,Capital,81000.0,00001D
12,1,Capital,144000.0,00001E
12,1,Capital,95000.0,00001F
12,1,Capital,107000.0,00001G
12,1,Capital,0.0,00001H
12,1,Capital,25000.0,00001I
12,1,Capital,102000.0,00001J
12,1,Capital,107000.0,00001K
12,1,Capital,91000.0,00001L
12,1,Capital,55000.0,00001M
12,1,Capital,44500.0,00001N
12,1,Capital,104000.0,00001O
12,1,Capital,41000.0,00001P
12,1,Capital,0.0,00001Q
12,1,Capital,26000.0,00001T
12,1,Capital,36500.0,00001V
12,1,Capital,0.0,00001W
12,1,Capital,51000.0,00002A
12,1,Capital,34500.0,00002B
12,1,Capital,25500.0,00002C
12,1,Capital,51000.0,00002D
12,2,Sanagasta,62000.0,000003
12,3,Castro Barros,72000.0,000004
12,3,Castro Barros,38000.0,00005A
12,3,Castro Barros,0.0,00005B
12,3,Castro Barros,72000.0,00006A
12,3,Castro Barros,0.0,00008A
12,4,Arauco,13000.0,000010
12,4,Arauco,49000.0,00009A
12,4,Arauco,70000.0,00012B
12,5,San Blas De Los Sauces,0.0,000013
12,5,San Blas De Los Sauces,85000.0,000017
12,5,San Blas De Los Sauces,0.0,00016A
12,5,San Blas De Los Sauces,42000.0,00016B
12,6,Chilecito,60000.0,000018
12,6,Chilecito,92000.0,000019
12,6,Chilecito,50000.0,000020
12,6,Chilecito,48000.0,000021
12,6,Chilecito,28500.0,000024
12,6,Chilecito,13000.0,000025
12,6,Chilecito,0.0,00022A
12,6,Chilecito,38000.0,00022B
12,6,Chilecito,62000.0,00023A
12,6,Chilecito,66000.0,00023B
12,7,Famatina,31000.0,000026
12,7,Famatina,41000.0,00028A
12,7,Famatina,95000.0,00028B
12,7,Famatina,38000.0,00028C
12,7,Famatina,21000.0,00029A
12,7,Famatina,33000.0,00029B
12,8,Felipe Varela,19000.0,000032
12,8,Felipe Varela,51500.0,00030A
12,8,Felipe Varela,44000.0,00030B
12,8,Felipe Varela,89000.0,00030C
12,8,Felipe Varela,0.0,00031A
12,8,Felipe Varela,0.0,00032B
12,9,General Lamadrid,61000.0,000033
12,10,Vinchina,31000.0,00034A
12,10,Vinchina,94000.0,00034B
12,10,Vinchina,74000.0,00035A
12,11,Independencia,51000.0,000036
12,11,Independencia,76500.0,00037B
12,12,Chamical,49000.0,00038A
12,12,Chamical,69000.0,00038B
12,13,Angel Vicente Peñaloza,45000.0,00041A
12,13,Angel Vicente Peñaloza,28500.0,00041B
12,13,Angel Vicente Peñaloza,97000.0,00041F
12,13,Angel Vicente Peñaloza,60500.0,00041G
12,14,General Belgrano,45000.0,000042
12,14,General Belgrano,64000.0,000043
12,14,General Belgrano,82000.0,000046
12,14,General Belgrano,49000.0,00045A
12,15,Juan Facundo Quiroga,0.0,00047A
12,15,Juan Facundo Quiroga,28000.0,000050
12,15,Juan Facundo Quiroga,0.0,00047B
12,15,Juan Facundo Quiroga,144000.0,00049B
12,15,Juan Facundo Quiroga,0.0,00049D
12,16,General Ortiz De Ocampo,24000.0,00051A
12,16,General Ortiz De Ocampo,0.0,00051B
12,16,General Ortiz De Ocampo,47000.0,00052A
12,16,General Ortiz De Ocampo,63500.0,00052B
12,16,General Ortiz De Ocampo,56000.0,00054A
12,17,Rosario Vera Peñaloza,49000.0,00055A
12,17,Rosario Vera Peñaloza,75000.0,00055B
12,17,Rosario Vera Peñaloza,0.0,00057A
12,17,Rosario Vera Peñaloza,4000.0,00058A
12,18,General San Martín,7500.0,000060
12,18,General San Martín,35500.0,00061A
12,18,General San Martín,48000.0,00061C
12,18,General San Martín,16500.0,00062D
13,1,Capital,95000.0,000001
13,1,Capital,128000.0,000002
13,1,Capital,144000.0,000003
13,1,Capital,128000.0,000004
13,1,Capital,93000.0,000005
13,1,Capital,102000.0,000006
13,1,Capital,66000.0,000015
13,1,Capital,126500.0,000016
13,1,Capital,102000.0,000017
13,1,Capital,107000.0,000018
13,1,Capital,113000.0,000019
13,1,Capital,112000.0,000020
13,1,Capital,97000.0,000021
13,1,Capital,144000.0,000022
13,1,Capital,115500.0,000023
13,1,Capital,125000.0,000024
13,1,Capital,0.0,000034
13,1,Capital,98500.0,00018A
13,1,Capital,51000.0,00018B
13,1,Capital,13000.0,00022A
13,1,Capital,128000.0,00034A
13,1,Capital,44500.0,00034B
13,1,Capital,114000.0,00034C
13,2,Godoy Cruz,93000.0,000023
13,2,Godoy Cruz,100000.0,000024
13,2,Godoy Cruz,151000.0,000025
13,2,Godoy Cruz,120000.0,000026
13,2,Godoy Cruz,79000.0,000027
13,2,Godoy Cruz,83000.0,000028
13,2,Godoy Cruz,102000.0,00025A
13,2,Godoy Cruz,131000.0,00025B
13,2,Godoy Cruz,75000.0,00026A
13,2,Godoy Cruz,75000.0,00027A
13,2,Godoy Cruz,57000.0,00027B
13,3,Guaymallén,93000.0,000001
13,3,Guaymallén,95000.0,000002
13,3,Guaymallén,96000.0,000004
13,3,Guaymallén,85000.0,000006
13,3,Guaymallén,81000.0,000007
13,3,Guaymallén,147000.0,000008
13,3,Guaymallén,100000.0,000009
13,3,Guaymallén,81000.0,000010
13,3,Guaymallén,89000.0,000011
13,3,Guaymallén,75000.0,000012
13,3,Guaymallén,72000.0,000013
13,3,Guaymallén,74000.0,000014
13,3,Guaymallén,67000.0,000015
13,3,Guaymallén,63000.0,000016
13,3,Guaymallén,89000.0,000025
13,3,Guaymallén,72000.0,000029
13,3,Guaymallén,42000.0,000030
13,3,Guaymallén,42000.0,000031
13,3,Guaymallén,45000.0,000032
13,3,Guaymallén,31000.0,000033
13,3,Guaymallén,64000.0,000041
13,3,Guaymallén,89000.0,00029A
13,3,Guaymallén,79000.0,00030A
13,3,Guaymallén,51000.0,00030B
13,3,Guaymallén,59000.0,00030C
13,3,Guaymallén,72000.0,00030D
13,3,Guaymallén,89000.0,00030E
13,3,Guaymallén,85000.0,00031A
13,3,Guaymallén,32500.0,00031B
13,3,Guaymallén,44000.0,00032A
13,3,Guaymallén,63000.0,00037A
13,4,Las Heras,97000.0,000014
13,4,Las Heras,100000.0,000017
13,4,Las Heras,0.0,000027
13,4,Las Heras,79000.0,000034
13,4,Las Heras,40000.0,000035
13,4,Las Heras,26000.0,000036
13,4,Las Heras,57000.0,000037
13,4,Las Heras,26000.0,000038
13,4,Las Heras,26000.0,000039
13,4,Las Heras,72000.0,000040
13,4,Las Heras,9000.0,000041
13,4,Las Heras,7000.0,00034A
13,4,Las Heras,72000.0,00034B
13,4,Las Heras,65000.0,00034C
13,4,Las Heras,51000.0,00034D
13,4,Las Heras,72000.0,00034E
13,4,Las Heras,51000.0,00037A
13,4,Las Heras,88500.0,00040C
13,5,Lavalle,36000.0,000041
13,5,Lavalle,44000.0,000042
13,5,Lavalle,36000.0,000043
13,5,Lavalle,30000.0,000044
13,5,Lavalle,57000.0,000045
13,5,Lavalle,61500.0,000046
13,5,Lavalle,60000.0,00043A
13,6,Maipú,79000.0,000028
13,6,Maipú,53000.0,000047
13,6,Maipú,72000.0,000048
13,6,Maipú,42000.0,000049
13,6,Maipú,43000.0,000050
13,6,Maipú,45000.0,000051
13,6,Maipú,38000.0,000052
13,6,Maipú,45000.0,000053
13,6,Maipú,44000.0,000054
13,6,Maipú,51000.0,000055
13,6,Maipú,60000.0,000056
13,6,Maipú,72000.0,000059
13,6,Maipú,48000.0,000065
13,6,Maipú,69000.0,00027B
13,6,Maipú,0.0,00032A
13,6,Maipú,67000.0,00047A
13,6,Maipú,31000.0,00049A
13,6,Maipú,51000.0,00049B
13,6,Maipú,51000.0,00054A
13,7,Luján,85000.0,000027
13,7,Luján,60000.0,000057
13,7,Luján,55500.0,000058
13,7,Luján,7000.0,000059
13,7,Luján,74000.0,000060
13,7,Luján,49500.0,000061
13,7,Luján,42000.0,000063
13,7,Luján,0.0,000064
13,7,Luján,27000.0,000065
13,7,Luján,89000.0,00027A
13,7,Luján,52000.0,00060A
13,7,Luján,50500.0,00062A
13,7,Luján,32000.0,00065A
13,8,Tupungato,52000.0,000066
13,8,Tupungato,15000.0,000067
13,8,Tupungato,26000.0,00066A
13,8,Tupungato,21500.0,00066B
13,8,Tupungato,0.0,00067A
13,8,Tupungato,188000.0,00068A
13,9,San Martín,67000.0,000069
13,9,San Martín,50000.0,000070
13,9,San Martín,30000.0,000071
13,9,San Martín,63000.0,000072
13,9,San Martín,63000.0,000073
13,9,San Martín,20000.0,000074
13,9,San Martín,38000.0,000075
13,9,San Martín,36000.0,000076
13,9,San Martín,66500.0,000080
13,9,San Martín,86000.0,000081
13,9,San Martín,81000.0,000082
13,9,San Martín,61000.0,00076A
13,9,San Martín,42000.0,00076B
13,10,Junín,4500.0,000065
13,10,Junín,69000.0,000077
13,10,Junín,27500.0,000078
13,10,Junín,42000.0,000079
13,10,Junín,75000.0,000080
13,10,Junín,72000.0,000081
13,10,Junín,31000.0,000082
13,10,Junín,35000.0,000083
13,10,Junín,27000.0,00054A
13,11,Rivadavia,102000.0,000078
13,11,Rivadavia,63000.0,000084
13,11,Rivadavia,26000.0,000085
13,11,Rivadavia,53000.0,000086
13,11,Rivadavia,0.0,000087
13,11,Rivadavia,31000.0,000088
13,11,Rivadavia,42500.0,000089
13,11,Rivadavia,52500.0,000090
13,11,Rivadavia,39500.0,00086A
13,12,Tunuyán,56000.0,000091
13,12,Tunuyán,30000.0,000092
13,12,Tunuyán,35000.0,000093
13,12,Tunuyán,44500.0,000094
13,12,Tunuyán,45000.0,000095
13,12,Tunuyán,49500.0,000096
13,12,Tunuyán,0.0,00094A
13,13,San Carlos,44000.0,000097
13,13,San Carlos,49000.0,000098
13,13,San Carlos,45000.0,000099
13,13,San Carlos,0.0,00097A
13,13,San Carlos,66000.0,00098A
13,13,San Carlos,40000.0,00099A
13,14,Santa Rosa,34000.0,000100
13,14,Santa Rosa,51000.0,000101
13,14,Santa Rosa,51000.0,000102
13,14,Santa Rosa,56500.0,00100A
13,14,Santa Rosa,51000.0,00100B
13,14,Santa Rosa,32000.0,00101A
13,15,La Paz,59500.0,000103
13,15,La Paz,58000.0,000104
13,15,La Paz,60000.0,000106
13,16,San Rafael,64000.0,000107
13,16,San Rafael,7000.0,000108
13,16,San Rafael,53000.0,000109
13,16,San Rafael,53000.0,000110
13,16,San Rafael,46000.0,000111
13,16,San Rafael,31000.0,000112
13,16,San Rafael,42000.0,000113
13,16,San Rafael,50000.0,000114
13,16,San Rafael,36000.0,000115
13,16,San Rafael,38500.0,000116
13,16,San Rafael,57000.0,000117
13,16,San Rafael,51000.0,000118
13,16,San Rafael,75000.0,000119
13,16,San Rafael,9000.0,000120
13,16,San Rafael,0.0,000121
13,16,San Rafael,53000.0,000122
13,16,San Rafael,51000.0,000123
13,16,San Rafael,67500.0,000125
13,16,San Rafael,72000.0,00107A
13,16,San Rafael,70000.0,00107B
13,16,San Rafael,85000.0,00107C
13,16,San Rafael,39500.0,00117A
13,17,Malargüe,29500.0,000125
13,17,Malargüe,38000.0,000126
13,17,Malargüe,75000.0,000127
13,17,Malargüe,21500.0,000128
13,17,Malargüe,64000.0,000129
13,17,Malargüe,62000.0,00127A
13,18,General Alvear,53000.0,000122
13,18,General Alvear,63000.0,000130
13,18,General Alvear,56500.0,000131
13,18,General Alvear,39000.0,000132
13,18,General Alvear,63500.0,000133
13,18,General Alvear,59000.0,000134
13,18,General Alvear,102000.0,000136
14,1,Capital,117000.0,000001
14,1,Capital,57000.0,000002
14,1,Capital,75000.0,000003
14,1,Capital,55000.0,000004
14,1,Capital,74000.0,000005
14,1,Capital,31000.0,000006
14,1,Capital,30000.0,000007
14,1,Capital,17000.0,000008
14,1,Capital,0.0,000009
14,1,Capital,42000.0,00003A
14,1,Capital,34500.0,00004A
14,1,Capital,53000.0,00004B
14,2,Apóstoles,25500.0,000010
14,2,Apóstoles,22500.0,000011
14,2,Apóstoles,32000.0,000012
14,2,Apóstoles,0.0,000013
14,3,Candelaria,11000.0,000014
14,3,Candelaria,26000.0,000015
14,3,Candelaria,34000.0,000016
14,3,Candelaria,0.0,000017
14,3,Candelaria,0.0,000018
14,3,Candelaria,0.0,000019
14,3,Candelaria,0.0,000020
14,4,Leandro N. Alem,53000.0,000021
14,4,Leandro N. Alem,51000.0,000022
14,4,Leandro N. Alem,42000.0,000023
14,4,Leandro N. Alem,27500.0,000024
14,4,Leandro N. Alem,48000.0,000025
14,4,Leandro N. Alem,27000.0,000026
14,4,Leandro N. Alem,49500.0,000027
14,4,Leandro N. Alem,0.0,000028
14,5,Concepción De La Sierra,18000.0,000029
14,5,Concepción De La Sierra,10000.0,000031
14,6,San Javier,20000.0,000032
14,6,San Javier,0.0,000033
14,6,San Javier,0.0,000034
14,6,San Javier,0.0,000035
14,7,San Ignacio,0.0,000036
14,7,San Ignacio,0.0,000037
14,7,San Ignacio,31000.0,000038
14,7,San Ignacio,0.0,000039
14,7,San Ignacio,51000.0,000040
14,7,San Ignacio,16000.0,000041
14,7,San Ignacio,26000.0,000042
14,7,San Ignacio,14500.0,000043
14,8,Oberá,43000.0,000044
14,8,Oberá,53000.0,000045
14,8,Oberá,42000.0,000046
14,8,Oberá,21000.0,000047
14,8,Oberá,29000.0,000048
14,8,Oberá,0.0,000049
14,8,Oberá,1000.0,000050
14,8,Oberá,29000.0,000051
14,8,Oberá,49000.0,000052
14,9,L. General San Martín,41000.0,000053
14,9,L. General San Martín,0.0,000054
14,9,L. General San Martín,17000.0,000055
14,9,L. General San Martín,500.0,000056
14,9,L. General San Martín,1000.0,000057
14,9,L. General San Martín,0.0,000058
14,10,Cainguas,0.0,000059
14,10,Cainguas,21500.0,000060
14,10,Cainguas,36000.0,000061
14,10,Cainguas,35500.0,00061A
14,10,Cainguas,49000.0,00061B
14,11,25 De Mayo,60000.0,000062
14,11,25 De Mayo,13000.0,000063
14,11,25 De Mayo,31000.0,000064
14,12,Montecarlo,37000.0,000065
14,12,Montecarlo,0.0,000066
14,12,Montecarlo,1000.0,000067
14,13,Guaraní,21000.0,000068
14,13,Guaraní,1000.0,00059A
14,14,El Dorado,31000.0,000069
14,14,El Dorado,0.0,000071
14,14,El Dorado,0.0,000072
14,14,El Dorado,500.0,000073
14,14,El Dorado,0.0,000074
14,15,San Pedro,2000.0,000075
14,15,San Pedro,0.0,000076
14,15,San Pedro,0.0,00075A
14,15,San Pedro,0.0,00076A
14,16,Iguazú,0.0,000077
14,16,Iguazú,17500.0,000078
14,16,Iguazú,10000.0,000079
14,16,Iguazú,52000.0,000080
14,17,General Manuel Belgrano,12000.0,000081
14,17,General Manuel Belgrano,8000.0,000082
14,17,General Manuel Belgrano,12000.0,00082A
15,1,Confluencia,5500.0,000001
15,1,Confluencia,134000.0,000008
15,1,Confluencia,145500.0,000011
15,1,Confluencia,125000.0,000015
15,1,Confluencia,101000.0,000016
15,1,Confluencia,122000.0,000018
15,1,Confluencia,169000.0,000021
15,1,Confluencia,107000.0,000025
15,1,Confluencia,190000.0,000028
15,1,Confluencia,161000.0,000030
15,1,Confluencia,125000.0,000032
15,1,Confluencia,102000.0,000034
15,1,Confluencia,26000.0,000040
15,1,Confluencia,91000.0,000046
15,1,Confluencia,55000.0,000054
15,1,Confluencia,60000.0,000057
15,1,Confluencia,48000.0,000069
15,1,Confluencia,147000.0,000079
15,1,Confluencia,36500.0,000089
15,1,Confluencia,72000.0,000100
15,1,Confluencia,83000.0,000105
15,1,Confluencia,113000.0,000110
15,1,Confluencia,66500.0,000115
15,1,Confluencia,117000.0,000120
15,1,Confluencia,81000.0,000130
15,1,Confluencia,63000.0,000140
15,1,Confluencia,33000.0,000150
15,1,Confluencia,64000.0,000160
15,1,Confluencia,151000.0,000170
15,1,Confluencia,0.0,000185
15,1,Confluencia,0.0,000190
15,2,Zapala,85000.0,000200
15,2,Zapala,45000.0,000205
15,2,Zapala,63000.0,000210
15,2,Zapala,43000.0,000220
15,2,Zapala,68500.0,000230
15,2,Zapala,120000.0,000250
15,2,Zapala,107000.0,000255
15,2,Zapala,228000.0,000270
15,2,Zapala,76000.0,000290
15,3,Añelo,42000.0,000300
15,3,Añelo,51500.0,000310
15,3,Añelo,107000.0,000320
15,4,Pehuenches,5000.0,000400
15,4,Pehuenches,40000.0,000410
15,4,Pehuenches,128000.0,000420
15,4,Pehuenches,63000.0,000430
15,4,Pehuenches,53000.0,000440
15,4,Pehuenches,53000.0,000450
15,5,Chos Malal,75000.0,000500
15,5,Chos Malal,42000.0,000510
15,5,Chos Malal,123000.0,000530
15,5,Chos Malal,77000.0,000540
15,5,Chos Malal,114000.0,000550
15,5,Chos Malal,151000.0,000560
15,5,Chos Malal,64000.0,000570
15,6,Minas,75000.0,000600
15,6,Minas,167500.0,000610
15,6,Minas,13000.0,000620
15,6,Minas,42000.0,000630
15,6,Minas,112000.0,000640
15,6,Minas,137000.0,000650
15,6,Minas,91000.0,000670
15,6,Minas,65000.0,000680
15,6,Minas,18000.0,000690
15,7,Ñorquín,71000.0,000700
15,7,Ñorquín,0.0,000720
15,7,Ñorquín,256000.0,000730
15,7,Ñorquín,53000.0,000740
15,7,Ñorquín,0.0,000750
15,7,Ñorquín,0.0,000760
15,7,Ñorquín,145000.0,000770
15,7,Ñorquín,72000.0,000780
15,7,Ñorquín,0.0,000790
15,8,Loncopué,18000.0,000800
15,8,Loncopué,39000.0,000810
15,8,Loncopué,0.0,000830
15,8,Loncopué,24000.0,000840
15,8,Loncopué,0.0,000850
15,8,Loncopué,91000.0,000860
15,9,Picunches,42000.0,000900
15,9,Picunches,88000.0,000910
15,9,Picunches,33000.0,000920
15,9,Picunches,97000.0,000930
15,9,Picunches,102000.0,000950
15,9,Picunches,194000.0,000960
15,10,Aluminé,101000.0,001000
15,10,Aluminé,54500.0,001020
15,10,Aluminé,0.0,001030
15,10,Aluminé,107000.0,001050
15,10,Aluminé,104000.0,001060
15,10,Aluminé,93000.0,001070
15,10,Aluminé,61000.0,001080
15,10,Aluminé,0.0,001090
15,11,Catan Lil,0.0,001100
15,11,Catan Lil,44500.0,001110
15,11,Catan Lil,29000.0,001120
15,11,Catan Lil,53500.0,001130
15,11,Catan Lil,65500.0,001150
15,11,Catan Lil,151000.0,001170
15,11,Catan Lil,66000.0,001190
15,12,Picún Leufú,4000.0,001200
15,12,Picún Leufú,30000.0,001210
15,12,Picún Leufú,125000.0,001220
15,12,Picún Leufú,61000.0,001230
15,13,Collon Curá,0.0,001300
15,13,Collon Curá,109500.0,001310
15,13,Collon Curá,0.0,001320
15,13,Collon Curá,79000.0,001350
15,13,Collon Curá,43000.0,001360
15,14,Huiliches,75000.0,001400
15,14,Huiliches,89000.0,001410
15,14,Huiliches,0.0,001420
15,14,Huiliches,109000.0,001430
15,14,Huiliches,25500.0,001440
15,14,Huiliches,75000.0,001450
15,15,Lácar,89000.0,001500
15,15,Lácar,43500.0,001505
15,15,Lácar,0.0,001510
15,15,Lácar,18500.0,001520
15,15,Lácar,125000.0,001550
15,15,Lácar,169000.0,001560
15,15,Lácar,223000.0,001570
15,15,Lácar,125000.0,001580
15,16,Los Lagos,67000.0,001600
15,16,Los Lagos,194000.0,001610
15,16,Los Lagos,6500.0,001620
15,16,Los Lagos,64000.0,001630
15,16,Los Lagos,102000.0,001640
16,1,Adolfo Alsina,70000.0,000002
16,1,Adolfo Alsina,11000.0,000003
16,1,Adolfo Alsina,114000.0,000004
16,1,Adolfo Alsina,120000.0,000101
16,1,Adolfo Alsina,100000.0,000102
16,1,Adolfo Alsina,117000.0,000104
16,1,Adolfo Alsina,0.0,000105
16,1,Adolfo Alsina,107000.0,000107
16,1,Adolfo Alsina,104000.0,000108
16,1,Adolfo Alsina,156000.0,000109
16,1,Adolfo Alsina,144000.0,000110
16,1,Adolfo Alsina,64500.0,000112
16,1,Adolfo Alsina,95000.0,000113
16,1,Adolfo Alsina,29000.0,000114
16,1,Adolfo Alsina,125000.0,000115
16,1,Adolfo Alsina,151000.0,000116
16,1,Adolfo Alsina,81000.0,000117
16,1,Adolfo Alsina,45000.0,000118
16,1,Adolfo Alsina,59000.0,000119
16,1,Adolfo Alsina,117000.0,000121
16,1,Adolfo Alsina,154000.0,000122
16,2,Conesa,53000.0,000007
16,3,San Antonio Oeste,56000.0,000009
16,3,San Antonio Oeste,87000.0,000011
16,3,San Antonio Oeste,103000.0,00009A
16,3,San Antonio Oeste,52000.0,00009B
16,4,Valcheta,73500.0,000011
16,4,Valcheta,27500.0,000012
16,4,Valcheta,32000.0,00009A
16,5,Nueve De Julio,86000.0,000019
16,5,Nueve De Julio,100000.0,000020
16,6,25 De Mayo,28000.0,000023
16,6,25 De Mayo,84000.0,000024
16,6,25 De Mayo,107000.0,000025
16,6,25 De Mayo,140500.0,000027
16,6,25 De Mayo,45000.0,000028
16,6,25 De Mayo,100000.0,00024A
16,6,25 De Mayo,112000.0,00024B
16,7,Ñorquinco,0.0,000031
16,7,Ñorquinco,161500.0,000033
16,7,Ñorquinco,41500.0,000034
16,8,Pilcaniyeu,17000.0,000036
16,8,Pilcaniyeu,5000.0,000037
16,8,Pilcaniyeu,78000.0,00036B
16,8,Pilcaniyeu,77000.0,00038A
16,9,Bariloche,0.0,000042
16,9,Bariloche,84000.0,000043
16,9,Bariloche,87000.0,00043A
16,9,Bariloche,91000.0,004101
16,9,Bariloche,149000.0,004102
16,9,Bariloche,134000.0,004103
16,9,Bariloche,151000.0,004104
16,9,Bariloche,163000.0,004105
16,9,Bariloche,199000.0,004106
16,9,Bariloche,190000.0,004107
16,9,Bariloche,94000.0,004108
16,9,Bariloche,0.0,004109
16,9,Bariloche,49000.0,004110
16,9,Bariloche,78000.0,004112
16,9,Bariloche,181000.0,004113
16,9,Bariloche,169000.0,004114
16,9,Bariloche,167000.0,004115
16,9,Bariloche,109000.0,004116
16,9,Bariloche,190000.0,004117
16,9,Bariloche,128000.0,004118
16,9,Bariloche,102000.0,004119
16,9,Bariloche,112000.0,004120
16,9,Bariloche,125000.0,004121
16,9,Bariloche,85000.0,004122
16,9,Bariloche,72000.0,004123
16,9,Bariloche,83000.0,004124
16,9,Bariloche,101000.0,004125
16,9,Bariloche,75000.0,004126
16,9,Bariloche,13000.0,004127
16,9,Bariloche,61000.0,004128
16,9,Bariloche,43000.0,004129
16,9,Bariloche,104000.0,004130
16,9,Bariloche,151000.0,004131
16,10,Pichi Mahuida,87000.0,000044
16,11,Avellaneda,81000.0,000047
16,11,Avellaneda,64000.0,000048
16,11,Avellaneda,13000.0,000049
16,11,Avellaneda,151000.0,000050
16,11,Avellaneda,0.0,000052
16,11,Avellaneda,96000.0,000053
16,11,Avellaneda,63000.0,000054
16,11,Avellaneda,165000.0,000055
16,12,General Roca,45000.0,000057
16,12,General Roca,75000.0,000058
16,12,General Roca,13000.0,000059
16,12,General Roca,51000.0,000060
16,12,General Roca,89000.0,000061
16,12,General Roca,29000.0,000062
16,12,General Roca,70000.0,000064
16,12,General Roca,53000.0,000066
16,12,General Roca,36000.0,000067
16,12,General Roca,14000.0,000068
16,12,General Roca,59000.0,000069
16,12,General Roca,69500.0,000070
16,12,General Roca,77000.0,006301
16,12,General Roca,45000.0,006302
16,12,General Roca,50500.0,006303
16,12,General Roca,38000.0,006304
16,12,General Roca,122000.0,006305
16,12,General Roca,91000.0,006306
16,12,General Roca,161000.0,006307
16,12,General Roca,128000.0,006308
16,12,General Roca,86000.0,006309
16,12,General Roca,81000.0,006310
16,12,General Roca,74000.0,006311
16,12,General Roca,29000.0,006312
16,12,General Roca,52500.0,006313
16,12,General Roca,0.0,006314
16,12,General Roca,42000.0,006315
16,12,General Roca,151000.0,006501
16,12,General Roca,85000.0,006502
16,12,General Roca,75000.0,006503
16,12,General Roca,75000.0,006504
16,12,General Roca,161000.0,006505
16,12,General Roca,199000.0,006506
16,12,General Roca,64000.0,006507
16,12,General Roca,107000.0,006508
16,12,General Roca,134000.0,006509
16,12,General Roca,107000.0,006510
16,12,General Roca,173000.0,006511
16,12,General Roca,0.0,006512
16,12,General Roca,42000.0,006513
16,12,General Roca,0.0,006514
16,12,General Roca,21500.0,006515
16,12,General Roca,107000.0,006516
16,12,General Roca,0.0,006517
16,12,General Roca,0.0,006518
16,12,General Roca,114000.0,006520
16,12,General Roca,48000.0,006521
16,12,General Roca,70000.0,006522
16,12,General Roca,28500.0,006523
16,12,General Roca,51000.0,006524
16,13,El Cuy,0.0,000071
16,13,El Cuy,53000.0,000072
16,13,El Cuy,89000.0,000073
16,13,El Cuy,95000.0,000074
16,13,El Cuy,0.0,000075
16,13,El Cuy,29500.0,000076
16,13,El Cuy,63000.0,00071A
16,13,El Cuy,93000.0,001230
17,1,Capital,85000.0,00001A
17,1,Capital,129500.0,00001B
17,1,Capital,107000.0,00001C
17,1,Capital,87000.0,00001D
17,1,Capital,89000.0,00001E
17,1,Capital,96000.0,00001F
17,1,Capital,75000.0,00001G
17,1,Capital,83000.0,00002A
17,1,Capital,89000.0,00002B
17,1,Capital,102000.0,00002C
17,1,Capital,75000.0,00002D
17,1,Capital,95000.0,00002E
17,1,Capital,91000.0,00002F
17,1,Capital,72000.0,00002G
17,1,Capital,79000.0,00002H
17,1,Capital,44000.0,00002I
17,1,Capital,44000.0,00002J
17,1,Capital,74000.0,00002K
17,1,Capital,66000.0,00002L
17,1,Capital,57000.0,00002M
17,1,Capital,49000.0,00002N
17,1,Capital,31000.0,00002O
17,1,Capital,31000.0,00002P
17,1,Capital,31000.0,00002Q
17,1,Capital,21000.0,00003A
17,1,Capital,43000.0,00003B
17,1,Capital,42000.0,00003C
17,1,Capital,57000.0,00003D
17,1,Capital,79000.0,00003E
17,1,Capital,79000.0,00003F
17,1,Capital,57000.0,00003G
17,1,Capital,42000.0,00003H
17,1,Capital,7000.0,00003I
17,1,Capital,0.0,00003J
17,1,Capital,95000.0,00003K
17,1,Capital,63500.0,00003L
17,1,Capital,75000.0,00004A
17,1,Capital,36000.0,00004B
17,1,Capital,8000.0,00004C
17,1,Capital,9000.0,00004D
17,1,Capital,81000.0,00005A
17,1,Capital,53000.0,00005C
17,1,Capital,31000.0,00005D
17,1,Capital,43000.0,00005E
17,1,Capital,18000.0,00005F
17,1,Capital,66000.0,00005G
17,1,Capital,66500.0,00005H
17,1,Capital,57000.0,00005I
17,1,Capital,67000.0,00005J
17,1,Capital,38000.0,00005K
17,1,Capital,41000.0,00005L
17,1,Capital,0.0,00005M
17,1,Capital,0.0,00005N
17,1,Capital,0.0,00005O
17,1,Capital,38000.0,00006A
17,1,Capital,49000.0,00007A
17,1,Capital,38000.0,00011B
17,2,La Caldera,28000.0,00008A
17,2,La Caldera,136000.0,00008B
17,2,La Caldera,47000.0,00008C
17,2,La Caldera,27000.0,00009A
17,2,La Caldera,80000.0,00009B
17,3,General Güemes,0.0,00012C
17,3,General Güemes,26000.0,00010A
17,3,General Güemes,0.0,00011A
17,3,General Güemes,38500.0,00011B
17,3,General Güemes,0.0,00011C
17,3,General Güemes,50000.0,00012A
17,3,General Güemes,14000.0,00012B
17,3,General Güemes,21000.0,00012D
17,3,General Güemes,0.0,00012E
17,3,General Güemes,0.0,00014A
17,4,Metán,8000.0,00015A
17,4,Metán,0.0,00015B
17,4,Metán,49000.0,00015C
17,4,Metán,41500.0,00015D
17,4,Metán,0.0,00015E
17,4,Metán,33000.0,00015G
17,4,Metán,0.0,00016A
17,4,Metán,13000.0,00017A
17,4,Metán,63000.0,00017B
17,4,Metán,53000.0,00018A
17,4,Metán,37000.0,00018B
17,5,Anta,66000.0,00017A
17,5,Anta,63000.0,00017B
17,5,Anta,0.0,00018C
17,5,Anta,58500.0,00020A
17,5,Anta,19000.0,00021A
17,5,Anta,44000.0,00022A
17,5,Anta,0.0,00022B
17,5,Anta,36000.0,00022C
17,5,Anta,29000.0,00022D
17,5,Anta,44000.0,00022E
17,5,Anta,26000.0,00022F
17,5,Anta,14500.0,00023A
17,5,Anta,9000.0,00024A
17,5,Anta,42000.0,00024B
17,5,Anta,0.0,00024C
17,5,Anta,11000.0,00024E
17,5,Anta,47000.0,00024F
17,5,Anta,0.0,00025A
17,5,Anta,22500.0,00025B
17,5,Anta,26000.0,00025C
17,5,Anta,12500.0,00025D
17,5,Anta,31000.0,00025E
17,5,Anta,0.0,00025F
17,6,Rivadavia,0.0,00026A
17,6,Rivadavia,29000.0,00026B
17,6,Rivadavia,0.0,00026C
17,6,Rivadavia,50500.0,00027C
17,6,Rivadavia,13500.0,00027D
17,6,Rivadavia,0.0,00028A
17,6,Rivadavia,0.0,00028B
17,6,Rivadavia,53000.0,00028C
17,6,Rivadavia,0.0,00028D
17,6,Rivadavia,63000.0,00028E
17,6,Rivadavia,63000.0,00028F
17,6,Rivadavia,0.0,00028G
17,6,Rivadavia,0.0,00028H
17,6,Rivadavia,0.0,00029A
17,6,Rivadavia,53000.0,00029B
17,6,Rivadavia,0.0,00029C
17,6,Rivadavia,9000.0,00029D
17,6,Rivadavia,0.0,00029F
17,6,Rivadavia,0.0,00029G
17,6,Rivadavia,0.0,00029H
17,7,Orán,38000.0,00030A
17,7,Orán,32500.0,00031A
17,7,Orán,21000.0,00031B
17,7,Orán,21000.0,00031C
17,7,Orán,17500.0,00032A
17,7,Orán,14500.0,00032B
17,7,Orán,95000.0,00033A
17,7,Orán,57000.0,00033C
17,7,Orán,0.0,00034A
17,7,Orán,36000.0,00034B
17,7,Orán,18000.0,00035A
17,7,Orán,0.0,00036B
17,7,Orán,9000.0,00037A
17,7,Orán,57000.0,00038B
17,7,Orán,50000.0,00039A
17,8,San Martín,19500.0,00040A
17,8,San Martín,0.0,00040B
17,8,San Martín,0.0,00040C
17,8,San Martín,12000.0,00041A
17,8,San Martín,0.0,00041B
17,8,San Martín,60000.0,00041C
17,8,San Martín,49000.0,00041D
17,8,San Martín,0.0,00041E
17,8,San Martín,24000.0,00042A
17,8,San Martín,0.0,00042B
17,8,San Martín,0.0,00042C
17,8,San Martín,30000.0,00043A
17,8,San Martín,17500.0,00043B
17,8,San Martín,0.0,00043C
17,8,San Martín,33000.0,00043D
17,8,San Martín,27000.0,00043E
17,8,San Martín,0.0,00043F
17,8,San Martín,11000.0,00044A
17,8,San Martín,0.0,00044B
17,8,San Martín,0.0,00044C
17,8,San Martín,23000.0,00044D
17,8,San Martín,0.0,00044F
17,8,San Martín,4000.0,00044G
17,8,San Martín,0.0,00045A
17,9,Iruya,0.0,00046A
17,9,Iruya,0.0,00046E
17,9,Iruya,0.0,00046F
17,9,Iruya,0.0,00046G
17,9,Iruya,50000.0,00046H
17,9,Iruya,25000.0,00046K
17,9,Iruya,70000.0,00046L
17,9,Iruya,5000.0,00047B
17,9,Iruya,22500.0,00047C
17,9,Iruya,112000.0,00048A
17,9,Iruya,0.0,00048B
17,9,Iruya,32500.0,00048C
17,9,Iruya,0.0,00048D
17,10,Santa Victoria,45000.0,00049A
17,10,Santa Victoria,79000.0,00049E
17,10,Santa Victoria,0.0,00049F
17,10,Santa Victoria,0.0,00049H
17,10,Santa Victoria,0.0,00049I
17,10,Santa Victoria,0.0,00049J
17,10,Santa Victoria,0.0,00050A
17,10,Santa Victoria,0.0,00050B
17,10,Santa Victoria,0.0,00050C
17,10,Santa Victoria,0.0,00051A
17,10,Santa Victoria,0.0,00051B
17,10,Santa Victoria,0.0,00051C
17,10,Santa Victoria,0.0,00051D
17,11,Cerrillos,39000.0,00052A
17,11,Cerrillos,28000.0,00052B
17,11,Cerrillos,13000.0,00052C
17,11,Cerrillos,144000.0,00052D
17,11,Cerrillos,41000.0,00053A
17,11,Cerrillos,64000.0,00053B
17,11,Cerrillos,0.0,00053C
17,11,Cerrillos,0.0,00053D
17,11,Cerrillos,31000.0,00054A
17,11,Cerrillos,26000.0,00054B
17,11,Cerrillos,43000.0,00055A
17,11,Cerrillos,13000.0,00055B
17,11,Cerrillos,42000.0,00055C
17,12,Chicoana,29000.0,00056A
17,12,Chicoana,43500.0,00056B
17,12,Chicoana,25500.0,00056C
17,12,Chicoana,42000.0,00056E
17,12,Chicoana,0.0,00056F
17,12,Chicoana,38000.0,00056G
17,12,Chicoana,91000.0,00057A
17,12,Chicoana,6000.0,00058A
17,13,La Viña,71500.0,00057B
17,13,La Viña,0.0,00059A
17,13,La Viña,0.0,00060A
17,13,La Viña,45000.0,00061A
17,13,La Viña,0.0,00062A
17,14,Guachipas,38500.0,00063A
17,15,Rosario De La Frontera,31000.0,00067A
17,15,Rosario De La Frontera,43000.0,00067B
17,15,Rosario De La Frontera,104500.0,00067C
17,15,Rosario De La Frontera,74000.0,00067D
17,15,Rosario De La Frontera,154000.0,00067E
17,15,Rosario De La Frontera,55000.0,00067G
17,15,Rosario De La Frontera,82000.0,00067H
17,15,Rosario De La Frontera,44000.0,00068A
17,15,Rosario De La Frontera,34500.0,00068B
17,15,Rosario De La Frontera,63000.0,00068C
17,15,Rosario De La Frontera,30000.0,00069A
17,15,Rosario De La Frontera,0.0,00070B
17,15,Rosario De La Frontera,77000.0,00071A
17,15,Rosario De La Frontera,49000.0,00072A
17,15,Rosario De La Frontera,89000.0,00072B
17,15,Rosario De La Frontera,60500.0,00072C
17,15,Rosario De La Frontera,51000.0,00072D
17,16,La Candelaria,48000.0,00073A
17,16,La Candelaria,45000.0,00074A
17,16,La Candelaria,41000.0,00075A
17,16,La Candelaria,29500.0,00075B
17,17,Cafayate,0.0,00076A
17,17,Cafayate,56000.0,00077A
17,17,Cafayate,87000.0,00077C
17,17,Cafayate,52000.0,00077D
17,17,Cafayate,0.0,00077E
17,17,Cafayate,37000.0,00077F
17,17,Cafayate,66500.0,00078A
17,18,San Carlos,82000.0,00079B
17,18,San Carlos,28000.0,00079C
17,18,San Carlos,97000.0,00081A
17,18,San Carlos,44000.0,00082A
17,18,San Carlos,6000.0,00082B
17,18,San Carlos,0.0,00083B
17,19,Molinos,31000.0,00084A
17,19,Molinos,6500.0,00085A
17,19,Molinos,85000.0,00086A
17,19,Molinos,0.0,00087A
17,19,Molinos,0.0,00088A
17,19,Molinos,112000.0,00088B
17,20,Cachi,43500.0,00089B
17,20,Cachi,31000.0,00089D
17,20,Cachi,29000.0,00089E
17,20,Cachi,45000.0,00090A
17,20,Cachi,0.0,00090B
17,20,Cachi,0.0,00090C
17,21,Rosario De Lerma,9000.0,00091A
17,21,Rosario De Lerma,0.0,00091B
17,21,Rosario De Lerma,0.0,00091C
17,21,Rosario De Lerma,46000.0,00091D
17,21,Rosario De Lerma,45000.0,00092A
17,21,Rosario De Lerma,26000.0,00093A
17,21,Rosario De Lerma,56000.0,00093B
17,21,Rosario De Lerma,30000.0,00094A
17,21,Rosario De Lerma,41000.0,00095A
17,21,Rosario De Lerma,44000.0,00096B
17,21,Rosario De Lerma,0.0,00097A
17,21,Rosario De Lerma,55000.0,00097B
17,21,Rosario De Lerma,43000.0,00097C
17,21,Rosario De Lerma,20000.0,00098A
17,22,La Poma,21000.0,00099A
17,22,La Poma,114000.0,00099B
17,22,La Poma,53000.0,00099C
17,23,Los Andes,0.0,00100A
17,23,Los Andes,0.0,00101A
17,23,Los Andes,128000.0,00102A
17,23,Los Andes,51000.0,00103A
18,1,Capital,125000.0,000001
18,1,Capital,144000.0,000002
18,1,Capital,112000.0,000003
18,1,Capital,100000.0,000004
18,1,Capital,103000.0,000005
18,1,Capital,8500.0,000006
18,1,Capital,36000.0,000007
18,1,Capital,79000.0,000008
18,1,Capital,107000.0,000009
18,1,Capital,112000.0,000010
18,1,Capital,44000.0,000011
18,1,Capital,64000.0,000012
18,1,Capital,0.0,000013
18,1,Capital,84000.0,000014
18,1,Capital,107000.0,000015
18,1,Capital,100000.0,000016
18,1,Capital,85000.0,000017
18,1,Capital,102000.0,000018
18,1,Capital,68500.0,000019
18,1,Capital,128000.0,000020
18,1,Capital,112000.0,000021
18,1,Capital,104000.0,000022
18,1,Capital,145500.0,000023
18,1,Capital,75000.0,000024
18,1,Capital,53000.0,000025
18,1,Capital,114000.0,000026
18,1,Capital,83000.0,000027
18,1,Capital,95000.0,000028
18,1,Capital,97000.0,000029
18,1,Capital,59000.0,000030
18,1,Capital,79000.0,000031
18,1,Capital,93000.0,000058
18,2,Santa Lucía,89000.0,000032
18,2,Santa Lucía,67000.0,000033
18,2,Santa Lucía,42000.0,000034
18,2,Santa Lucía,51500.0,000035
18,2,Santa Lucía,26000.0,000036
18,2,Santa Lucía,45000.0,000037
18,2,Santa Lucía,61500.0,000038
18,3,Chimbas,51000.0,000039
18,3,Chimbas,51000.0,000040
18,3,Chimbas,31000.0,000041
18,3,Chimbas,0.0,000042
18,3,Chimbas,38000.0,000043
18,3,Chimbas,27000.0,000044
18,3,Chimbas,45000.0,000080
18,4,Rivadavia,64000.0,000045
18,4,Rivadavia,61000.0,000046
18,4,Rivadavia,46000.0,000047
18,4,Rivadavia,66000.0,000048
18,4,Rivadavia,60500.0,000049
18,4,Rivadavia,0.0,000050
18,4,Rivadavia,45000.0,000051
18,4,Rivadavia,21000.0,000052
18,5,Zonda,57000.0,000053
18,6,Rawson,30000.0,000054
18,6,Rawson,60000.0,000055
18,6,Rawson,51000.0,000056
18,6,Rawson,56000.0,000057
18,6,Rawson,42000.0,000058
18,6,Rawson,26000.0,000059
18,6,Rawson,64000.0,000060
18,6,Rawson,24000.0,000061
18,7,Nueve De Julio,49000.0,000062
18,7,Nueve De Julio,0.0,000063
18,8,San Martín,40500.0,000064
18,8,San Martín,51000.0,000065
18,8,San Martín,0.0,000066
18,9,Angaco,58000.0,000067
18,9,Angaco,0.0,000068
18,9,Angaco,0.0,000069
18,9,Angaco,0.0,000071
18,9,Angaco,29500.0,000072
18,9,Angaco,52000.0,000073
18,10,Albardón,34000.0,000074
18,10,Albardón,29000.0,000075
18,10,Albardón,31000.0,000076
18,10,Albardón,0.0,000077
18,10,Albardón,44500.0,000078
18,10,Albardón,28000.0,000079
18,10,Albardón,42000.0,000080
18,11,Ullúm,45000.0,000081
18,11,Ullúm,0.0,000082
18,12,Pocito,0.0,000083
18,12,Pocito,31000.0,000084
18,12,Pocito,41000.0,000085
18,12,Pocito,31000.0,000086
18,12,Pocito,0.0,000087
18,12,Pocito,45000.0,000088
18,13,Sarmiento,49000.0,000089
18,13,Sarmiento,0.0,000090
18,13,Sarmiento,51000.0,000091
18,13,Sarmiento,36500.0,000092
18,13,Sarmiento,22500.0,000093
18,13,Sarmiento,46000.0,000096
18,13,Sarmiento,24000.0,00090A
18,13,Sarmiento,6500.0,00093A
18,13,Sarmiento,0.0,00094A
18,14,25 De Mayo,0.0,000097
18,14,25 De Mayo,22000.0,000098
18,14,25 De Mayo,0.0,000099
18,14,25 De Mayo,0.0,000100
18,15,Caucete,0.0,000101
18,15,Caucete,15500.0,000102
18,15,Caucete,0.0,000103
18,15,Caucete,0.0,000104
18,15,Caucete,13000.0,000105
18,15,Caucete,42500.0,000106
18,15,Caucete,0.0,000107
18,15,Caucete,47000.0,000108
18,15,Caucete,0.0,000109
18,15,Caucete,0.0,000110
18,15,Caucete,0.0,000111
18,15,Caucete,49000.0,000112
18,15,Caucete,53000.0,00110A
18,16,Valle Fértil,51500.0,000113
18,16,Valle Fértil,18500.0,000114
18,16,Valle Fértil,36000.0,000115
18,16,Valle Fértil,0.0,000116
18,16,Valle Fértil,0.0,000117
18,16,Valle Fértil,93000.0,00114A
18,17,Jáchal,66500.0,000118
18,17,Jáchal,72000.0,000120
18,17,Jáchal,37000.0,000121
18,17,Jáchal,28500.0,000122
18,17,Jáchal,75000.0,000123
18,17,Jáchal,0.0,000124
18,17,Jáchal,0.0,000125
18,17,Jáchal,33000.0,000127
18,17,Jáchal,43000.0,000129
18,17,Jáchal,15000.0,000130
18,17,Jáchal,0.0,000131
18,17,Jáchal,0.0,000132
18,18,Iglesia,13000.0,000134
18,18,Iglesia,60500.0,000135
18,18,Iglesia,29000.0,000136
18,18,Iglesia,33000.0,000137
18,18,Iglesia,0.0,000138
18,19,Calingasta,0.0,000139
18,19,Calingasta,63000.0,000140
18,19,Calingasta,45000.0,000141
18,19,Calingasta,59000.0,000142
19,1,Pueyrredon,64000.0,000002
19,1,Pueyrredon,0.0,000003
19,1,Pueyrredon,67000.0,000004
19,1,Pueyrredon,61000.0,000006
19,1,Pueyrredon,0.0,000008
19,1,Pueyrredon,38000.0,000010
19,1,Pueyrredon,26000.0,000012
19,1,Pueyrredon,134000.0,000013
19,1,Pueyrredon,0.0,000015
19,1,Pueyrredon,75000.0,00004A
19,1,Pueyrredon,26500.0,001002
19,1,Pueyrredon,59500.0,001003
19,1,Pueyrredon,0.0,001004
19,1,Pueyrredon,56000.0,001005
19,1,Pueyrredon,61000.0,001006
19,1,Pueyrredon,64000.0,001007
19,1,Pueyrredon,45000.0,001009
19,1,Pueyrredon,63000.0,001010
19,1,Pueyrredon,89000.0,001011
19,1,Pueyrredon,107000.0,001012
19,1,Pueyrredon,118500.0,001013
19,1,Pueyrredon,91000.0,001014
19,1,Pueyrredon,21000.0,001015
19,1,Pueyrredon,84000.0,001016
19,1,Pueyrredon,107000.0,001017
19,1,Pueyrredon,87000.0,001018
19,1,Pueyrredon,52000.0,001019
19,1,Pueyrredon,26000.0,001020
19,1,Pueyrredon,60500.0,001021
19,1,Pueyrredon,50500.0,001022
19,1,Pueyrredon,31000.0,01001A
19,1,Pueyrredon,0.0,01001B
19,1,Pueyrredon,70500.0,01001C
19,1,Pueyrredon,0.0,01008A
19,1,Pueyrredon,0.0,01008B
19,1,Pueyrredon,0.0,01008C
19,1,Pueyrredon,31000.0,01008D
19,1,Pueyrredon,44000.0,01008E
19,2,Pringles,70000.0,000016
19,2,Pringles,0.0,000017
19,2,Pringles,89000.0,000021
19,2,Pringles,81000.0,000023
19,2,Pringles,72000.0,000024
19,2,Pringles,55000.0,000025
19,2,Pringles,71000.0,000026
19,2,Pringles,0.0,000027
19,2,Pringles,53000.0,001801
19,2,Pringles,88000.0,001802
19,2,Pringles,36000.0,001803
19,2,Pringles,53000.0,001804
19,3,Pedernera,0.0,000032
19,3,Pedernera,58000.0,000036
19,3,Pedernera,0.0,000038
19,3,Pedernera,68000.0,000039
19,3,Pedernera,131000.0,000041
19,3,Pedernera,82000.0,000049
19,3,Pedernera,51000.0,003002
19,3,Pedernera,44000.0,003003
19,3,Pedernera,68000.0,003004
19,3,Pedernera,44000.0,003005
19,3,Pedernera,23000.0,003006
19,3,Pedernera,41000.0,003007
19,3,Pedernera,101000.0,003008
19,3,Pedernera,87000.0,003009
19,3,Pedernera,102000.0,003010
19,3,Pedernera,79000.0,003011
19,3,Pedernera,109000.0,003012
19,3,Pedernera,83000.0,003013
19,3,Pedernera,37000.0,003014
19,3,Pedernera,45000.0,003015
19,3,Pedernera,2500.0,003016
19,3,Pedernera,45000.0,003017
19,3,Pedernera,57000.0,003018
19,3,Pedernera,17500.0,003019
19,3,Pedernera,27000.0,003020
19,3,Pedernera,41000.0,003021
19,3,Pedernera,0.0,003401
19,3,Pedernera,76000.0,003402
19,3,Pedernera,86000.0,003403
19,3,Pedernera,75000.0,003404
19,3,Pedernera,38000.0,003405
19,3,Pedernera,31000.0,003406
19,3,Pedernera,0.0,003407
19,3,Pedernera,0.0,03001A
19,3,Pedernera,0.0,03001B
19,4,Chacabuco,59000.0,000042
19,4,Chacabuco,31500.0,000043
19,4,Chacabuco,85000.0,000044
19,4,Chacabuco,44000.0,000045
19,4,Chacabuco,36000.0,000046
19,4,Chacabuco,70500.0,000047
19,4,Chacabuco,93000.0,000048
19,4,Chacabuco,42000.0,000049
19,4,Chacabuco,30000.0,000051
19,5,San Martín,80000.0,000021
19,5,San Martín,53000.0,000052
19,5,San Martín,51000.0,000055
19,5,San Martín,66000.0,000056
19,5,San Martín,0.0,000058
19,5,San Martín,45500.0,000060
19,5,San Martín,0.0,000061
19,6,Junín,63000.0,000063
19,6,Junín,45000.0,000066
19,6,Junín,0.0,000068
19,6,Junín,75000.0,000072
19,6,Junín,81000.0,000073
19,6,Junín,50000.0,007001
19,6,Junín,51000.0,007002
19,6,Junín,89000.0,007003
19,6,Junín,31000.0,007004
19,6,Junín,86000.0,007005
19,6,Junín,72000.0,007006
19,6,Junín,107000.0,007007
19,7,Ayacucho,49000.0,000075
19,7,Ayacucho,50000.0,000080
19,7,Ayacucho,75000.0,000081
19,7,Ayacucho,63500.0,000082
19,7,Ayacucho,0.0,000083
19,8,Belgrano,69000.0,000015
19,8,Belgrano,49000.0,000088
19,8,Belgrano,75000.0,000092
19,8,Belgrano,22000.0,000098
19,8,Belgrano,63000.0,000100
19,9,Gobernador Dupuy,61500.0,000101
19,9,Gobernador Dupuy,42000.0,000102
19,9,Gobernador Dupuy,41000.0,000104
19,9,Gobernador Dupuy,74000.0,000105
19,9,Gobernador Dupuy,59000.0,000106
19,9,Gobernador Dupuy,47500.0,000107
19,9,Gobernador Dupuy,74000.0,000108
19,9,Gobernador Dupuy,89000.0,000110
19,9,Gobernador Dupuy,0.0,000111
19,9,Gobernador Dupuy,0.0,000113
20,1,Deseado,104000.0,000001
20,1,Deseado,181000.0,000002
20,1,Deseado,74000.0,000003
20,1,Deseado,128000.0,000004
20,1,Deseado,38000.0,000005
20,1,Deseado,67000.0,000006
20,1,Deseado,10000.0,00001A
20,1,Deseado,85000.0,00005A
20,1,Deseado,121500.0,00006A
20,2,Lago Buenos Aires,102000.0,000008
20,2,Lago Buenos Aires,89000.0,000009
20,3,Magallanes,89000.0,000010
20,4,Río Chico,0.0,000012
20,4,Río Chico,78000.0,000013
20,5,Corpen Aike,99500.0,000014
20,5,Corpen Aike,72000.0,000015
20,6,Lago Argentino,104500.0,000016
20,6,Lago Argentino,120000.0,000017
20,6,Lago Argentino,147000.0,00016A
20,7,Güer Aike,102000.0,000018
20,7,Güer Aike,0.0,000020
20,7,Güer Aike,117000.0,000021
20,7,Güer Aike,67500.0,00021B
21,1,Belgrano,89000.0,000402
21,1,Belgrano,79000.0,000403
21,1,Belgrano,75000.0,000405
21,1,Belgrano,79000.0,000406
21,1,Belgrano,75000.0,00404A
21,1,Belgrano,38000.0,00404B
21,2,Caseros,113000.0,000364
21,2,Caseros,89000.0,000365
21,2,Caseros,95000.0,000366
21,2,Caseros,89000.0,000367
21,2,Caseros,105500.0,000369
21,2,Caseros,95000.0,000370
21,2,Caseros,104000.0,000371
21,2,Caseros,27000.0,000372
21,2,Caseros,93000.0,000373
21,2,Caseros,81000.0,000374
21,2,Caseros,93000.0,000375
21,2,Caseros,125000.0,000376
21,2,Caseros,89000.0,00368A
21,2,Caseros,5000.0,00375A
21,2,Caseros,126500.0,00390C
21,3,Castellanos,63000.0,000111
21,3,Castellanos,0.0,000112
21,3,Castellanos,41000.0,000113
21,3,Castellanos,79000.0,000114
21,3,Castellanos,79000.0,000115
21,3,Castellanos,4500.0,000116
21,3,Castellanos,81000.0,000117
21,3,Castellanos,83000.0,000118
21,3,Castellanos,93000.0,000119
21,3,Castellanos,71000.0,000120
21,3,Castellanos,79000.0,000121
21,3,Castellanos,107000.0,000122
21,3,Castellanos,60000.0,000123
21,3,Castellanos,85000.0,000124
21,3,Castellanos,89000.0,000125
21,3,Castellanos,20000.0,000126
21,3,Castellanos,26000.0,000127
21,3,Castellanos,64500.0,000129
21,3,Castellanos,79000.0,000130
21,3,Castellanos,102000.0,000131
21,3,Castellanos,83000.0,000132
21,3,Castellanos,75000.0,000133
21,3,Castellanos,31000.0,000134
21,3,Castellanos,120500.0,000135
21,3,Castellanos,72000.0,000136
21,3,Castellanos,75000.0,000137
21,3,Castellanos,104500.0,000138
21,3,Castellanos,75000.0,000139
21,3,Castellanos,102000.0,000140
21,3,Castellanos,75000.0,000141
21,3,Castellanos,83000.0,000142
21,3,Castellanos,47000.0,000143
21,3,Castellanos,42000.0,000144
21,3,Castellanos,134500.0,000145
21,3,Castellanos,84000.0,000146
21,3,Castellanos,64000.0,000147
21,3,Castellanos,75000.0,000148
21,3,Castellanos,0.0,000149
21,3,Castellanos,78500.0,000150
21,3,Castellanos,54000.0,000151
21,3,Castellanos,0.0,00120A
21,3,Castellanos,95000.0,00120B
21,3,Castellanos,67000.0,00128A
21,3,Castellanos,81000.0,00128B
21,3,Castellanos,89000.0,00128C
21,3,Castellanos,81000.0,00128D
21,3,Castellanos,42000.0,00134A
21,3,Castellanos,0.0,00136A
21,4,Constitución,59000.0,000378
21,4,Constitución,89000.0,000380
21,4,Constitución,81000.0,000381
21,4,Constitución,91000.0,000382
21,4,Constitución,89000.0,000383
21,4,Constitución,51000.0,000384
21,4,Constitución,89000.0,00377A
21,4,Constitución,86000.0,00377B
21,4,Constitución,52000.0,00377C
21,4,Constitución,49000.0,00378A
21,4,Constitución,75500.0,00378B
21,4,Constitución,151000.0,00378C
21,4,Constitución,0.0,00378D
21,4,Constitución,72000.0,00379A
21,4,Constitución,93000.0,00379B
21,4,Constitución,41500.0,00379C
21,4,Constitución,77000.0,00384A
21,4,Constitución,20000.0,00384B
21,4,Constitución,0.0,00384C
21,5,Garay,72000.0,000104
21,5,Garay,0.0,000105
21,5,Garay,38000.0,000106
21,5,Garay,53000.0,000107
21,5,Garay,45000.0,000108
21,5,Garay,19000.0,000109
21,5,Garay,51000.0,000110
21,5,Garay,120000.0,00106A
21,5,Garay,125500.0,00106B
21,6,General López,107000.0,000386
21,6,General López,89000.0,000387
21,6,General López,95000.0,000389
21,6,General López,36000.0,000391
21,6,General López,69500.0,000392
21,6,General López,112000.0,000393
21,6,General López,81000.0,000394
21,6,General López,75000.0,000396
21,6,General López,95000.0,000397
21,6,General López,79000.0,000398
21,6,General López,93000.0,000399
21,6,General López,85000.0,000400
21,6,General López,80000.0,00385A
21,6,General López,85000.0,00385B
21,6,General López,76000.0,00385C
21,6,General López,51500.0,00386A
21,6,General López,78000.0,00386B
21,6,General López,75000.0,00388A
21,6,General López,61500.0,00388B
21,6,General López,85000.0,00390A
21,6,General López,83000.0,00390B
21,6,General López,78000.0,00390C
21,6,General López,79000.0,00390D
21,6,General López,75000.0,00391A
21,6,General López,77000.0,00393A
21,6,General López,69000.0,00395A
21,6,General López,0.0,00395B
21,6,General López,54500.0,00396A
21,6,General López,75000.0,00397A
21,6,General López,85000.0,00399A
21,6,General López,75000.0,00399B
21,6,General López,83000.0,00399C
21,6,General López,85000.0,00401A
21,6,General López,80000.0,00401B
21,7,General Obligado,0.0,000220
21,7,General Obligado,57000.0,000221
21,7,General Obligado,0.0,000222
21,7,General Obligado,0.0,000223
21,7,General Obligado,89000.0,000224
21,7,General Obligado,51000.0,000225
21,7,General Obligado,13500.0,000226
21,7,General Obligado,0.0,000227
21,7,General Obligado,0.0,000228
21,7,General Obligado,55000.0,000229
21,7,General Obligado,53000.0,000230
21,7,General Obligado,69500.0,000231
21,7,General Obligado,49000.0,000232
21,7,General Obligado,20000.0,000233
21,7,General Obligado,45000.0,000234
21,7,General Obligado,38000.0,000235
21,7,General Obligado,0.0,000237
21,7,General Obligado,38000.0,000238
21,7,General Obligado,0.0,000239
21,7,General Obligado,0.0,000240
21,7,General Obligado,20000.0,000242
21,7,General Obligado,42000.0,000245
21,7,General Obligado,50000.0,000246
21,7,General Obligado,83000.0,000247
21,7,General Obligado,56500.0,000249
21,7,General Obligado,38000.0,00224A
21,7,General Obligado,28000.0,00224B
21,7,General Obligado,81000.0,00224C
21,7,General Obligado,19000.0,00224D
21,7,General Obligado,34000.0,00224E
21,7,General Obligado,82500.0,00225A
21,7,General Obligado,0.0,00227A
21,7,General Obligado,46000.0,00244A
21,7,General Obligado,48500.0,00244B
21,8,Iriondo,60000.0,000407
21,8,Iriondo,89000.0,000408
21,8,Iriondo,52500.0,000409
21,8,Iriondo,85000.0,000410
21,8,Iriondo,54000.0,000412
21,8,Iriondo,93000.0,000414
21,8,Iriondo,109500.0,000415
21,8,Iriondo,72000.0,00411A
21,8,Iriondo,60000.0,00411B
21,8,Iriondo,81000.0,00413A
21,8,Iriondo,75000.0,00413B
21,8,Iriondo,62500.0,00414A
21,9,La Capital,144000.0,000001
21,9,La Capital,151000.0,000002
21,9,La Capital,161000.0,000003
21,9,La Capital,151000.0,000004
21,9,La Capital,151000.0,000005
21,9,La Capital,137000.0,000006
21,9,La Capital,63000.0,000007
21,9,La Capital,81000.0,000008
21,9,La Capital,151000.0,000009
21,9,La Capital,141000.0,000010
21,9,La Capital,125000.0,000011
21,9,La Capital,137000.0,000012
21,9,La Capital,114000.0,000013
21,9,La Capital,51000.0,000014
21,9,La Capital,15000.0,000015
21,9,La Capital,43000.0,000016
21,9,La Capital,100000.0,000017
21,9,La Capital,24000.0,000018
21,9,La Capital,75000.0,000019
21,9,La Capital,77000.0,000020
21,9,La Capital,42000.0,000021
21,9,La Capital,63000.0,000022
21,9,La Capital,31000.0,000023
21,9,La Capital,59000.0,000024
21,9,La Capital,95000.0,000025
21,9,La Capital,45000.0,000026
21,9,La Capital,63000.0,000027
21,9,La Capital,73500.0,000028
21,9,La Capital,81000.0,000029
21,9,La Capital,59000.0,000030
21,9,La Capital,109000.0,000031
21,9,La Capital,85000.0,000032
21,9,La Capital,42500.0,000033
21,9,La Capital,51000.0,000034
21,9,La Capital,40000.0,000035
21,9,La Capital,120000.0,000036
21,9,La Capital,87000.0,000038
21,9,La Capital,52000.0,000039
21,9,La Capital,60000.0,000040
21,9,La Capital,0.0,00011A
21,9,La Capital,81000.0,00020A
21,9,La Capital,36000.0,00020B
21,11,Las Colonias,0.0,000041
21,11,Las Colonias,63000.0,000042
21,11,Las Colonias,90000.0,000043
21,11,Las Colonias,95000.0,000044
21,11,Las Colonias,89000.0,000045
21,11,Las Colonias,75000.0,000046
21,11,Las Colonias,56000.0,000047
21,11,Las Colonias,102000.0,000048
21,11,Las Colonias,81000.0,000049
21,11,Las Colonias,28000.0,000050
21,11,Las Colonias,85000.0,000051
21,11,Las Colonias,97000.0,000052
21,11,Las Colonias,70000.0,000053
21,11,Las Colonias,14000.0,000054
21,11,Las Colonias,77000.0,000055
21,11,Las Colonias,107000.0,000056
21,11,Las Colonias,85000.0,000057
21,11,Las Colonias,51500.0,000058
21,11,Las Colonias,0.0,000059
21,11,Las Colonias,75000.0,000060
21,11,Las Colonias,100000.0,000061
21,11,Las Colonias,77000.0,000062
21,11,Las Colonias,63000.0,000063
21,11,Las Colonias,83000.0,000064
21,11,Las Colonias,0.0,000065
21,11,Las Colonias,0.0,000066
21,11,Las Colonias,43000.0,000067
21,11,Las Colonias,76000.0,000068
21,11,Las Colonias,31000.0,000069
21,11,Las Colonias,79000.0,000071
21,11,Las Colonias,41000.0,000072
21,11,Las Colonias,0.0,000073
21,11,Las Colonias,102000.0,000074
21,11,Las Colonias,102000.0,000076
21,11,Las Colonias,0.0,000077
21,12,Nueve De Julio,120000.0,000283
21,12,Nueve De Julio,42000.0,000284
21,12,Nueve De Julio,50000.0,000285
21,12,Nueve De Julio,34500.0,000287
21,12,Nueve De Julio,25000.0,000289
21,12,Nueve De Julio,0.0,000290
21,12,Nueve De Julio,33500.0,000291
21,12,Nueve De Julio,40000.0,000292
21,12,Nueve De Julio,14000.0,000293
21,12,Nueve De Julio,77500.0,000294
21,12,Nueve De Julio,14000.0,00285A
21,13,Rosario,144000.0,000301
21,13,Rosario,165000.0,000302
21,13,Rosario,144000.0,000303
21,13,Rosario,151000.0,000304
21,13,Rosario,151000.0,000305
21,13,Rosario,173000.0,000306
21,13,Rosario,151000.0,000307
21,13,Rosario,169000.0,000308
21,13,Rosario,158000.0,000309
21,13,Rosario,169000.0,000310
21,13,Rosario,125000.0,000311
21,13,Rosario,147000.0,000312
21,13,Rosario,144000.0,000313
21,13,Rosario,161000.0,000314
21,13,Rosario,158000.0,000315
21,13,Rosario,161000.0,000316
21,13,Rosario,158000.0,000317
21,13,Rosario,144000.0,000318
21,13,Rosario,114000.0,000319
21,13,Rosario,134000.0,000320
21,13,Rosario,128000.0,000321
21,13,Rosario,151000.0,000322
21,13,Rosario,92000.0,000323
21,13,Rosario,151000.0,000324
21,13,Rosario,128000.0,000325
21,13,Rosario,161000.0,000326
21,13,Rosario,154000.0,000327
21,13,Rosario,107000.0,000328
21,13,Rosario,120000.0,000329
21,13,Rosario,147000.0,000330
21,13,Rosario,147000.0,000331
21,13,Rosario,144000.0,000332
21,13,Rosario,135500.0,000333
21,13,Rosario,117000.0,000334
21,13,Rosario,128000.0,000335
21,13,Rosario,145500.0,000336
21,13,Rosario,145500.0,000337
21,13,Rosario,134000.0,000338
21,13,Rosario,104000.0,000339
21,13,Rosario,107000.0,000340
21,13,Rosario,89000.0,000341
21,13,Rosario,79000.0,000342
21,13,Rosario,75000.0,000343
21,13,Rosario,89000.0,000344
21,13,Rosario,75000.0,000345
21,13,Rosario,85000.0,000347
21,13,Rosario,79000.0,000348
21,13,Rosario,64000.0,000349
21,13,Rosario,93000.0,000350
21,13,Rosario,75000.0,000351
21,13,Rosario,89000.0,000352
21,13,Rosario,59000.0,000353
21,13,Rosario,60000.0,000354
21,13,Rosario,59000.0,000355
21,13,Rosario,57000.0,000356
21,13,Rosario,72000.0,000357
21,13,Rosario,87000.0,000358
21,13,Rosario,89000.0,000359
21,13,Rosario,107000.0,000360
21,13,Rosario,72000.0,000363
21,13,Rosario,75000.0,00341A
21,13,Rosario,146000.0,00341B
21,13,Rosario,102000.0,00342A
21,13,Rosario,41500.0,00342B
21,13,Rosario,61000.0,00343A
21,13,Rosario,49000.0,00344A
21,13,Rosario,77000.0,00345A
21,13,Rosario,56000.0,00347A
21,13,Rosario,64000.0,00349A
21,13,Rosario,38000.0,00349B
21,13,Rosario,67000.0,00349C
21,13,Rosario,0.0,00350A
21,13,Rosario,102000.0,00351A
21,13,Rosario,75000.0,00353A
21,13,Rosario,100000.0,00354A
21,13,Rosario,75000.0,00355A
21,13,Rosario,27500.0,00356A
21,13,Rosario,66000.0,00359A
21,13,Rosario,104000.0,00360A
21,13,Rosario,57000.0,00362A
21,13,Rosario,60000.0,00362B
21,13,Rosario,45000.0,00362C
21,13,Rosario,72000.0,00362D
21,13,Rosario,56000.0,00362E
21,13,Rosario,31000.0,00362F
21,16,San Cristóbal,51000.0,000174
21,16,San Cristóbal,83000.0,000175
21,16,San Cristóbal,55500.0,000176
21,16,San Cristóbal,89000.0,000177
21,16,San Cristóbal,64000.0,000178
21,16,San Cristóbal,74000.0,000179
21,16,San Cristóbal,51000.0,000180
21,16,San Cristóbal,75000.0,000181
21,16,San Cristóbal,60000.0,000182
21,16,San Cristóbal,87000.0,000183
21,16,San Cristóbal,75000.0,000184
21,16,San Cristóbal,52000.0,000185
21,16,San Cristóbal,20000.0,000186
21,16,San Cristóbal,64000.0,000187
21,16,San Cristóbal,66000.0,000188
21,16,San Cristóbal,36500.0,000189
21,16,San Cristóbal,72000.0,000191
21,16,San Cristóbal,0.0,000192
21,16,San Cristóbal,60000.0,000193
21,16,San Cristóbal,75000.0,000194
21,16,San Cristóbal,42000.0,000195
21,16,San Cristóbal,0.0,000196
21,16,San Cristóbal,0.0,000197
21,16,San Cristóbal,72000.0,000198
21,16,San Cristóbal,66000.0,000200
21,16,San Cristóbal,66000.0,000201
21,16,San Cristóbal,20000.0,000202
21,16,San Cristóbal,19000.0,000203
21,16,San Cristóbal,2500.0,000204
21,16,San Cristóbal,0.0,000205
21,16,San Cristóbal,18000.0,00181A
21,17,San Javier,54000.0,000274
21,17,San Javier,31000.0,000275
21,17,San Javier,20500.0,000276
21,17,San Javier,51000.0,000277
21,17,San Javier,47500.0,000279
21,17,San Javier,40500.0,000280
21,17,San Javier,0.0,000281
21,17,San Javier,56000.0,00275A
21,17,San Javier,70000.0,00276A
21,17,San Javier,4500.0,00276B
21,18,San Jerónimo,64000.0,000079
21,18,San Jerónimo,43000.0,000080
21,18,San Jerónimo,75000.0,000081
21,18,San Jerónimo,77000.0,000082
21,18,San Jerónimo,75000.0,000083
21,18,San Jerónimo,38000.0,000084
21,18,San Jerónimo,36000.0,000085
21,18,San Jerónimo,68000.0,000086
21,18,San Jerónimo,72000.0,000087
21,18,San Jerónimo,81000.0,000088
21,18,San Jerónimo,74000.0,000089
21,18,San Jerónimo,75000.0,000091
21,18,San Jerónimo,63000.0,000092
21,18,San Jerónimo,70000.0,000093
21,18,San Jerónimo,0.0,000094
21,18,San Jerónimo,44500.0,000095
21,18,San Jerónimo,15000.0,000096
21,18,San Jerónimo,144000.0,000097
21,18,San Jerónimo,25000.0,000098
21,18,San Jerónimo,21000.0,000100
21,18,San Jerónimo,107000.0,00085A
21,18,San Jerónimo,51500.0,00096A
21,19,San Justo,23000.0,000207
21,19,San Justo,81000.0,000208
21,19,San Justo,47000.0,000209
21,19,San Justo,70000.0,000210
21,19,San Justo,49000.0,000211
21,19,San Justo,59000.0,000212
21,19,San Justo,75000.0,000213
21,19,San Justo,79000.0,000214
21,19,San Justo,89000.0,000215
21,19,San Justo,57000.0,000216
21,19,San Justo,0.0,000217
21,19,San Justo,59000.0,000218
21,19,San Justo,51000.0,00208C
21,19,San Justo,134000.0,00210A
21,19,San Justo,148000.0,00212A
21,19,San Justo,28000.0,00214A
21,19,San Justo,96500.0,00215A
21,20,San Lorenzo,127000.0,000363
21,20,San Lorenzo,75000.0,000416
21,20,San Lorenzo,55500.0,000419
21,20,San Lorenzo,65000.0,000420
21,20,San Lorenzo,51000.0,000421
21,20,San Lorenzo,85000.0,000422
21,20,San Lorenzo,70000.0,000423
21,20,San Lorenzo,69500.0,000424
21,20,San Lorenzo,100000.0,00355A
21,20,San Lorenzo,79000.0,00417A
21,20,San Lorenzo,94000.0,00417B
21,20,San Lorenzo,72000.0,00418A
21,20,San Lorenzo,21000.0,00418B
21,20,San Lorenzo,69000.0,00420A
21,20,San Lorenzo,74500.0,00422B
21,20,San Lorenzo,75000.0,00425A
21,20,San Lorenzo,81000.0,00425B
21,21,San Martín,21000.0,000153
21,21,San Martín,75000.0,000154
21,21,San Martín,107000.0,000155
21,21,San Martín,85000.0,000156
21,21,San Martín,75000.0,000157
21,21,San Martín,81000.0,000158
21,21,San Martín,101000.0,000159
21,21,San Martín,104000.0,000160
21,21,San Martín,75000.0,000161
21,21,San Martín,44500.0,000162
21,21,San Martín,0.0,000163
21,21,San Martín,75000.0,000164
21,21,San Martín,89000.0,000165
21,21,San Martín,63000.0,000166
21,21,San Martín,86000.0,000167
21,21,San Martín,97000.0,000168
21,21,San Martín,67500.0,000169
21,22,Vera,42000.0,000251
21,22,Vera,44000.0,000252
21,22,Vera,0.0,000253
21,22,Vera,63000.0,000254
21,22,Vera,41500.0,000256
21,22,Vera,0.0,000257
21,22,Vera,26000.0,000259
21,22,Vera,0.0,000260
21,22,Vera,0.0,000261
21,22,Vera,53000.0,000262
21,22,Vera,0.0,000263
21,22,Vera,56000.0,000267
21,22,Vera,44000.0,000268
21,22,Vera,79000.0,000269
21,22,Vera,26000.0,00254A
22,1,Capital,125000.0,000001
22,1,Capital,128000.0,000002
22,1,Capital,89000.0,000003
22,1,Capital,41000.0,000004
22,1,Capital,40000.0,00004A
22,1,Capital,102000.0,000005
22,1,Capital,102000.0,000006
22,1,Capital,64000.0,000007
22,1,Capital,45000.0,000008
22,1,Capital,30000.0,000010
22,1,Capital,0.0,000011
22,1,Capital,31000.0,000012
22,1,Capital,85000.0,000014
22,1,Capital,28000.0,000015
22,1,Capital,34000.0,000016
22,1,Capital,13000.0,000017
22,1,Capital,60000.0,00002A
22,1,Capital,85000.0,00003A
22,1,Capital,44000.0,00004B
22,1,Capital,66000.0,00007A
22,1,Capital,51000.0,00007B
22,1,Capital,30000.0,00007C
22,1,Capital,30000.0,00008A
22,1,Capital,27000.0,00008B
22,1,Capital,0.0,000009
22,2,Avellaneda,4500.0,000019
22,2,Avellaneda,9000.0,000020
22,2,Avellaneda,0.0,000021
22,2,Avellaneda,0.0,000022
22,2,Avellaneda,11000.0,000023
22,2,Avellaneda,0.0,000024
22,2,Avellaneda,28000.0,000025
22,2,Avellaneda,0.0,000026
22,2,Avellaneda,29000.0,000027
22,3,Aguirre,0.0,000028
22,3,Aguirre,44000.0,000029
22,3,Aguirre,129000.0,000030
22,3,Aguirre,20000.0,000031
22,4,Alberdi,0.0,000032
22,4,Alberdi,34000.0,000033
22,4,Alberdi,0.0,000034
22,4,Alberdi,0.0,000035
22,4,Alberdi,43000.0,000036
22,4,Alberdi,0.0,00033A
22,5,Atamisqui,8000.0,000037
22,5,Atamisqui,41000.0,000038
22,5,Atamisqui,4500.0,000039
22,5,Atamisqui,34000.0,000040
22,5,Atamisqui,0.0,000041
22,5,Atamisqui,29000.0,000042
22,5,Atamisqui,63000.0,00040A
22,6,Banda,40000.0,000043
22,6,Banda,37500.0,000044
22,6,Banda,55000.0,000045
22,6,Banda,37500.0,000046
22,6,Banda,10000.0,000047
22,6,Banda,38000.0,000048
22,6,Banda,45500.0,000049
22,6,Banda,0.0,000050
22,6,Banda,0.0,000051
22,6,Banda,31000.0,000052
22,6,Banda,18000.0,000053
22,6,Banda,15000.0,000054
22,6,Banda,31000.0,000055
22,6,Banda,0.0,000056
22,6,Banda,29000.0,000057
22,6,Banda,7000.0,000058
22,6,Banda,60000.0,000059
22,6,Banda,0.0,000060
22,6,Banda,51000.0,000061
22,6,Banda,36000.0,000062
22,6,Banda,0.0,000064
22,6,Banda,0.0,000065
22,6,Banda,26000.0,000066
22,6,Banda,40000.0,00049A
22,7,Belgrano,36000.0,000067
22,7,Belgrano,74000.0,000068
22,7,Belgrano,42000.0,000069
22,7,Belgrano,67000.0,00067A
22,8,Copo,13000.0,000070
22,8,Copo,26000.0,000071
22,8,Copo,30000.0,000072
22,8,Copo,38000.0,000073
22,8,Copo,91000.0,00070A
22,8,Copo,28000.0,00072A
22,8,Copo,2000.0,00072B
22,9,Choya,58500.0,000074
22,9,Choya,10500.0,000075
22,9,Choya,0.0,000076
22,9,Choya,44000.0,000077
22,9,Choya,15000.0,000078
22,9,Choya,11000.0,000079
22,9,Choya,37500.0,000080
22,9,Choya,26000.0,000081
22,9,Choya,5000.0,000083
22,9,Choya,86000.0,000084
22,9,Choya,47000.0,000085
22,9,Choya,53000.0,000086
22,10,Figueroa,2500.0,000087
22,10,Figueroa,0.0,000088
22,10,Figueroa,36000.0,000089
22,10,Figueroa,0.0,000090
22,10,Figueroa,0.0,000091
22,10,Figueroa,48500.0,000092
22,10,Figueroa,54500.0,000093
22,10,Figueroa,9000.0,000094
22,10,Figueroa,42000.0,000095
22,10,Figueroa,0.0,00089A
22,11,Guasayán,14000.0,000096
22,11,Guasayán,0.0,000097
22,11,Guasayán,59000.0,000098
22,11,Guasayán,49500.0,000099
22,11,Guasayán,8000.0,000100
22,11,Guasayán,0.0,000101
22,11,Guasayán,24000.0,000102
22,12,Jiménez,0.0,000103
22,12,Jiménez,13000.0,000104
22,12,Jiménez,0.0,000105
22,12,Jiménez,14500.0,000106
22,12,Jiménez,13000.0,000107
22,12,Jiménez,0.0,000108
22,12,Jiménez,64000.0,00105A
22,12,Jiménez,0.0,00107A
22,12,Jiménez,0.0,00107B
22,13,Loreto,31000.0,000110
22,13,Loreto,59500.0,000112
22,13,Loreto,0.0,000113
22,13,Loreto,0.0,000114
22,13,Loreto,7000.0,000117
22,13,Loreto,0.0,000118
22,13,Loreto,0.0,000119
22,13,Loreto,0.0,000120
22,14,Juan F. Ibarra,27000.0,000121
22,14,Juan F. Ibarra,0.0,000122
22,14,Juan F. Ibarra,41500.0,000123
22,14,Juan F. Ibarra,31000.0,000124
22,14,Juan F. Ibarra,49000.0,000125
22,14,Juan F. Ibarra,13000.0,000126
22,14,Juan F. Ibarra,36000.0,00125A
22,14,Juan F. Ibarra,0.0,00126A
22,14,Juan F. Ibarra,5000.0,00126B
22,15,Mitre,63000.0,000127
22,15,Mitre,27000.0,000129
22,16,Moreno,0.0,000131
22,16,Moreno,76500.0,000132
22,16,Moreno,33000.0,000134
22,16,Moreno,14500.0,000136
22,16,Moreno,49000.0,000137
22,16,Moreno,36000.0,000138
22,16,Moreno,23000.0,000139
22,16,Moreno,49000.0,000140
22,16,Moreno,33000.0,000141
22,16,Moreno,0.0,000144
22,16,Moreno,34000.0,00139A
22,17,Ojo De Agua,27000.0,000145
22,17,Ojo De Agua,49000.0,000146
22,17,Ojo De Agua,0.0,000147
22,17,Ojo De Agua,50000.0,000149
22,17,Ojo De Agua,29000.0,000150
22,17,Ojo De Agua,0.0,00145A
22,17,Ojo De Agua,50500.0,00148A
22,18,Pellegrini,74000.0,000151
22,18,Pellegrini,55000.0,000152
22,18,Pellegrini,22500.0,000153
22,18,Pellegrini,13000.0,000154
22,18,Pellegrini,81000.0,000156
22,18,Pellegrini,58000.0,000157
22,18,Pellegrini,6000.0,000158
22,18,Pellegrini,0.0,000159
22,18,Pellegrini,38000.0,000160
22,18,Pellegrini,68000.0,00154A
22,18,Pellegrini,26000.0,00158A
22,19,Quebrachos,35000.0,000161
22,19,Quebrachos,8500.0,000162
22,19,Quebrachos,57000.0,000163
22,19,Quebrachos,33500.0,000164
22,19,Quebrachos,0.0,000165
22,19,Quebrachos,26000.0,000166
22,19,Quebrachos,0.0,000167
22,19,Quebrachos,0.0,000169
22,19,Quebrachos,88500.0,00168A
22,20,Rivadavia,41000.0,000170
22,20,Rivadavia,51000.0,000171
22,20,Rivadavia,0.0,000172
22,20,Rivadavia,60000.0,000173
22,21,Robles,27500.0,000175
22,21,Robles,0.0,000176
22,21,Robles,30000.0,000177
22,21,Robles,36000.0,000178
22,21,Robles,49000.0,000179
22,21,Robles,31000.0,000180
22,21,Robles,24500.0,000181
22,21,Robles,20000.0,000182
22,22,Río Hondo,38000.0,000184
22,22,Río Hondo,27000.0,000185
22,22,Río Hondo,72000.0,000189
22,22,Río Hondo,9000.0,000190
22,22,Río Hondo,0.0,000191
22,22,Río Hondo,0.0,000192
22,22,Río Hondo,27000.0,000193
22,22,Río Hondo,0.0,00183A
22,22,Río Hondo,0.0,00187A
22,22,Río Hondo,56000.0,00190A
22,22,Río Hondo,0.0,00193A
22,23,Silipica,0.0,000195
22,23,Silipica,12000.0,000196
22,23,Silipica,21000.0,000197
22,23,Silipica,6000.0,00195A
22,24,San Martín,0.0,000198
22,24,San Martín,11500.0,000199
22,24,San Martín,0.0,000200
22,24,San Martín,0.0,000201
22,24,San Martín,72000.0,000202
22,24,San Martín,5500.0,000204
22,25,Salavina,13500.0,000207
22,25,Salavina,42000.0,000209
22,25,Salavina,25000.0,000210
22,25,Salavina,0.0,000212
22,25,Salavina,0.0,000213
22,25,Salavina,49000.0,000214
22,25,Salavina,0.0,000215
22,25,Salavina,0.0,00215A
22,26,Sarmiento,41000.0,000216
22,26,Sarmiento,0.0,000217
22,26,Sarmiento,0.0,000218
22,26,Sarmiento,43500.0,000219
22,27,Taboada,0.0,000221
22,27,Taboada,5500.0,000222
22,27,Taboada,56000.0,000223
22,27,Taboada,29000.0,000224
22,27,Taboada,67000.0,000225
22,27,Taboada,4000.0,000226
22,27,Taboada,63500.0,00224A
23,1,Capital,128000.0,000001
23,1,Capital,102000.0,000002
23,1,Capital,102000.0,000003
23,1,Capital,102000.0,000004
23,1,Capital,128000.0,000005
23,1,Capital,128000.0,000006
23,1,Capital,95000.0,000007
23,1,Capital,100000.0,000008
23,1,Capital,72000.0,000009
23,1,Capital,41000.0,000010
23,1,Capital,70000.0,000011
23,1,Capital,81000.0,000012
23,1,Capital,53000.0,000013
23,1,Capital,64000.0,000014
23,1,Capital,53000.0,000015
23,1,Capital,74000.0,000016
23,1,Capital,67000.0,000017
23,1,Capital,63000.0,000018
23,1,Capital,43000.0,000019
23,1,Capital,117000.0,00001A
23,1,Capital,31000.0,000020
23,1,Capital,22000.0,000021
23,1,Capital,10000.0,000022
23,1,Capital,112000.0,00002A
23,1,Capital,93000.0,00007A
23,1,Capital,75000.0,00008A
23,1,Capital,54000.0,00009A
23,1,Capital,40500.0,00010A
23,1,Capital,17500.0,00011A
23,1,Capital,45000.0,00012A
23,1,Capital,72000.0,00013A
23,1,Capital,51000.0,00014A
23,1,Capital,10500.0,00014B
23,1,Capital,29000.0,00014C
23,1,Capital,8000.0,00014D
23,1,Capital,49500.0,00015A
23,1,Capital,49000.0,00015B
23,1,Capital,60000.0,00016A
23,1,Capital,64000.0,00017A
23,1,Capital,56000.0,00018A
23,1,Capital,26000.0,00018B
23,1,Capital,30500.0,00018C
23,1,Capital,59000.0,00018D
23,1,Capital,50000.0,00018E
23,1,Capital,21500.0,00018F
23,1,Capital,0.0,00018G
23,1,Capital,36000.0,00019A
23,2,Lules,0.0,000023
23,2,Lules,30000.0,000024
23,2,Lules,27500.0,000025
23,2,Lules,31000.0,000026
23,2,Lules,29000.0,000027
23,2,Lules,27000.0,000028
23,2,Lules,41000.0,000029
23,2,Lules,0.0,000030
23,2,Lules,65000.0,00216A
23,3,Famaillá,52000.0,000032
23,3,Famaillá,15000.0,000034
23,3,Famaillá,51500.0,000035
23,3,Famaillá,28000.0,000036
23,3,Famaillá,55000.0,000037
23,3,Famaillá,108000.0,000038
23,3,Famaillá,0.0,000039
23,3,Famaillá,7000.0,000040
23,4,Monteros,31000.0,000041
23,4,Monteros,0.0,000042
23,4,Monteros,14500.0,000043
23,4,Monteros,0.0,000044
23,4,Monteros,25000.0,000045
23,4,Monteros,30000.0,000046
23,4,Monteros,31000.0,000047
23,4,Monteros,51000.0,000048
23,4,Monteros,0.0,000049
23,4,Monteros,55500.0,000050
23,4,Monteros,49000.0,000051
23,4,Monteros,33000.0,000052
23,4,Monteros,14000.0,000053
23,4,Monteros,21000.0,000054
23,4,Monteros,0.0,000055
23,4,Monteros,53000.0,000056
23,4,Monteros,48000.0,000057
23,4,Monteros,41000.0,000058
23,4,Monteros,36000.0,00056A
23,5,Chicligasta,51500.0,000059
23,5,Chicligasta,65000.0,000060
23,5,Chicligasta,40000.0,000061
23,5,Chicligasta,0.0,000062
23,5,Chicligasta,12500.0,000063
23,5,Chicligasta,74000.0,000064
23,5,Chicligasta,45000.0,000065
23,5,Chicligasta,43000.0,000066
23,5,Chicligasta,37000.0,000067
23,5,Chicligasta,12000.0,000068
23,5,Chicligasta,63000.0,000069
23,5,Chicligasta,48000.0,000070
23,5,Chicligasta,21000.0,000071
23,5,Chicligasta,41000.0,000115
23,6,Río Chico,41000.0,000072
23,6,Río Chico,51000.0,000073
23,6,Río Chico,44000.0,000074
23,6,Río Chico,26500.0,000075
23,6,Río Chico,0.0,000076
23,6,Río Chico,27000.0,000077
23,6,Río Chico,51000.0,000078
23,6,Río Chico,10500.0,000079
23,7,Alberdi,8000.0,000080
23,7,Alberdi,0.0,000081
23,7,Alberdi,31000.0,000082
23,7,Alberdi,0.0,000083
23,7,Alberdi,51000.0,000084
23,8,La Cocha,67000.0,000085
23,8,La Cocha,38000.0,000086
23,8,La Cocha,0.0,000087
23,8,La Cocha,30000.0,000088
23,8,La Cocha,19000.0,000089
23,8,La Cocha,13000.0,000090
23,8,La Cocha,46000.0,000091
23,8,La Cocha,47000.0,000092
23,8,La Cocha,0.0,000093
23,9,Graneros,0.0,000094
23,9,Graneros,74000.0,000095
23,9,Graneros,51000.0,000096
23,9,Graneros,43500.0,000097
23,9,Graneros,34000.0,000098
23,9,Graneros,20000.0,000099
23,9,Graneros,39000.0,000100
23,9,Graneros,0.0,000101
23,10,Simoca,24000.0,000102
23,10,Simoca,53000.0,000103
23,10,Simoca,0.0,000104
23,10,Simoca,67000.0,000105
23,10,Simoca,28500.0,000106
23,10,Simoca,36000.0,000107
23,10,Simoca,22000.0,000108
23,10,Simoca,51000.0,000109
23,10,Simoca,24000.0,000110
23,10,Simoca,53000.0,000111
23,10,Simoca,47000.0,000112
23,10,Simoca,15000.0,000113
23,10,Simoca,30000.0,000114
23,10,Simoca,0.0,000115
23,10,Simoca,56000.0,000116
23,10,Simoca,45000.0,000117
23,10,Simoca,54000.0,000118
23,10,Simoca,55000.0,000119
23,10,Simoca,0.0,000120
23,10,Simoca,0.0,000121
23,11,Leales,0.0,000029
23,11,Leales,60000.0,000122
23,11,Leales,45000.0,000123
23,11,Leales,34000.0,000124
23,11,Leales,26000.0,000125
23,11,Leales,49000.0,000126
23,11,Leales,31000.0,000127
23,11,Leales,0.0,000128
23,11,Leales,8000.0,000129
23,11,Leales,14000.0,000130
23,11,Leales,42500.0,000131
23,11,Leales,13000.0,000132
23,11,Leales,0.0,000133
23,11,Leales,5000.0,000134
23,11,Leales,51000.0,000135
23,11,Leales,0.0,000136
23,11,Leales,38000.0,000137
23,11,Leales,0.0,000138
23,11,Leales,32000.0,000139
23,11,Leales,0.0,00126A
23,11,Leales,27000.0,00137A
23,12,Cruz Alta,23000.0,000140
23,12,Cruz Alta,0.0,000141
23,12,Cruz Alta,27000.0,000142
23,12,Cruz Alta,41000.0,000143
23,12,Cruz Alta,53000.0,000144
23,12,Cruz Alta,36500.0,000145
23,12,Cruz Alta,36000.0,000146
23,12,Cruz Alta,35000.0,000147
23,12,Cruz Alta,0.0,000148
23,12,Cruz Alta,16000.0,000149
23,12,Cruz Alta,10500.0,000150
23,12,Cruz Alta,46000.0,000151
23,12,Cruz Alta,0.0,000152
23,12,Cruz Alta,50000.0,000153
23,12,Cruz Alta,30000.0,000154
23,12,Cruz Alta,38500.0,000155
23,12,Cruz Alta,15000.0,000156
23,12,Cruz Alta,29000.0,000157
23,12,Cruz Alta,31000.0,000158
23,12,Cruz Alta,31000.0,000159
23,12,Cruz Alta,5000.0,000160
23,12,Cruz Alta,31000.0,000161
23,12,Cruz Alta,35000.0,000162
23,12,Cruz Alta,82000.0,000163
23,12,Cruz Alta,12000.0,000164
23,12,Cruz Alta,16500.0,000165
23,12,Cruz Alta,20500.0,000166
23,12,Cruz Alta,27500.0,000167
23,12,Cruz Alta,0.0,000168
23,12,Cruz Alta,31000.0,000169
23,12,Cruz Alta,13000.0,000170
23,12,Cruz Alta,0.0,000171
23,13,Burruyacu,26000.0,000172
23,13,Burruyacu,24000.0,000173
23,13,Burruyacu,40000.0,000174
23,13,Burruyacu,0.0,000175
23,13,Burruyacu,51000.0,000176
23,13,Burruyacu,16000.0,000177
23,13,Burruyacu,0.0,000178
23,13,Burruyacu,40500.0,000179
23,13,Burruyacu,41000.0,000180
23,13,Burruyacu,31000.0,000181
23,13,Burruyacu,0.0,000182
23,13,Burruyacu,0.0,000183
23,13,Burruyacu,44500.0,000184
23,13,Burruyacu,23000.0,000185
23,13,Burruyacu,27000.0,000186
23,13,Burruyacu,12000.0,000187
23,13,Burruyacu,27000.0,000188
23,13,Burruyacu,0.0,000189
23,13,Burruyacu,35000.0,000190
23,13,Burruyacu,0.0,000191
23,13,Burruyacu,19000.0,000192
23,13,Burruyacu,0.0,000193
23,13,Burruyacu,19500.0,000194
23,13,Burruyacu,0.0,000195
23,13,Burruyacu,38000.0,000196
23,13,Burruyacu,52500.0,000197
23,14,Trancas,0.0,000198
23,14,Trancas,46500.0,000199
23,14,Trancas,15000.0,000200
23,14,Trancas,34000.0,000201
23,14,Trancas,3500.0,000202
23,14,Trancas,60000.0,000203
23,14,Trancas,60000.0,000204
23,14,Trancas,17000.0,000205
23,14,Trancas,0.0,000206
23,14,Trancas,31000.0,000207
23,14,Trancas,0.0,000208
23,14,Trancas,28500.0,000209
23,14,Trancas,22000.0,000210
23,14,Trancas,34000.0,000211
23,14,Trancas,23000.0,00204A
23,15,Yerba Buena,0.0,000212
23,15,Yerba Buena,16500.0,000213
23,15,Yerba Buena,42000.0,000214
23,15,Yerba Buena,53000.0,000215
23,15,Yerba Buena,61000.0,000216
23,15,Yerba Buena,61000.0,00215A
23,15,Yerba Buena,50000.0,00216A
23,15,Yerba Buena,36500.0,00227A
23,16,Tafí Viejo,74500.0,000217
23,16,Tafí Viejo,0.0,000218
23,16,Tafí Viejo,29000.0,000219
23,16,Tafí Viejo,27000.0,000221
23,16,Tafí Viejo,14000.0,000222
23,16,Tafí Viejo,49000.0,000223
23,16,Tafí Viejo,41000.0,000224
23,16,Tafí Viejo,45000.0,000225
23,16,Tafí Viejo,29000.0,000226
23,16,Tafí Viejo,27000.0,000227
23,16,Tafí Viejo,26000.0,000228
23,16,Tafí Viejo,31000.0,000229
23,16,Tafí Viejo,0.0,00227A
23,17,Tafí Del Valle,51000.0,000230
23,17,Tafí Del Valle,27000.0,000231
23,17,Tafí Del Valle,30000.0,000232
23,17,Tafí Del Valle,48000.0,000233
23,17,Tafí Del Valle,50500.0,000234
24,1,Ushuaia,89000.0,000018
24,1,Ushuaia,107000.0,000101
24,1,Ushuaia,87000.0,000102
24,1,Ushuaia,107000.0,000103
24,1,Ushuaia,144000.0,000104
24,1,Ushuaia,102000.0,000105
24,1,Ushuaia,145500.0,000106
24,1,Ushuaia,131000.0,000107
24,1,Ushuaia,181000.0,000108
24,1,Ushuaia,158000.0,000109
24,1,Ushuaia,128000.0,000110
24,1,Ushuaia,93000.0,000111
24,1,Ushuaia,87000.0,000112
24,1,Ushuaia,91000.0,000113
24,2,Río Grande,89000.0,000008
24,2,Río Grande,114000.0,000010
24,2,Río Grande,134000.0,000011
24,2,Río Grande,131000.0,000012
24,2,Río Grande,81000.0,000013
24,2,Río Grande,15000.0,000014
24,2,Río Grande,151000.0,000016
24,2,Río Grande,69000.0,000021
24,2,Río Grande,0.0,000210
24,2,Río Grande,107000.0,000221
