eleccion_id,distrito_id,seccion_id,seccionprovincial_id,circuito_id,circuito_nombre
0,1,1,0,000001,
0,1,1,0,000002,
0,1,1,0,000003,
0,1,1,0,000004,
0,1,1,0,000005,
0,1,1,0,000006,
0,1,1,0,000007,
0,1,1,0,000008,
0,1,1,0,000009,
0,1,1,0,000010,
0,1,1,0,000011,
0,1,1,0,000012,
0,1,1,0,000013,
0,1,1,0,000014,
0,1,1,0,000015,
0,1,1,0,000016,
0,1,1,0,000017,
0,1,1,0,000018,
0,1,1,0,000019,
0,1,10,0,000102,
0,1,10,0,000103,
0,1,10,0,000104,
0,1,10,0,000105,
0,1,10,0,000106,
0,1,10,0,000107,
0,1,10,0,000108,
0,1,10,0,000109,
0,1,10,0,000110,
0,1,10,0,000111,
0,1,10,0,000112,
0,1,11,0,000113,
0,1,11,0,000114,
0,1,11,0,000115,
0,1,11,0,000116,
0,1,11,0,000117,
0,1,11,0,000118,
0,1,11,0,000119,
0,1,11,0,000120,
0,1,11,0,000121,
0,1,11,0,000122,
0,1,11,0,000123,
0,1,12,0,000124,
0,1,12,0,000125,
0,1,12,0,000126,
0,1,12,0,000127,
0,1,12,0,000128,
0,1,12,0,000129,
0,1,12,0,000130,
0,1,12,0,000131,
0,1,12,0,000132,
0,1,12,0,000133,
0,1,13,0,000134,
0,1,13,0,000135,
0,1,13,0,000136,
0,1,13,0,000137,
0,1,13,0,000138,
0,1,13,0,000139,
0,1,13,0,000140,
0,1,13,0,000141,
0,1,13,0,000142,
0,1,13,0,000143,
0,1,13,0,000144,
0,1,13,0,000145,
0,1,13,0,000146,
0,1,13,0,000147,
0,1,14,0,000148,
0,1,14,0,000149,
0,1,14,0,000150,
0,1,14,0,000151,
0,1,14,0,000152,
0,1,14,0,000153,
0,1,14,0,000154,
0,1,14,0,000155,
0,1,14,0,000156,
0,1,14,0,000157,
0,1,15,0,000158,
0,1,15,0,000159,
0,1,15,0,000160,
0,1,15,0,000161,
0,1,15,0,000162,
0,1,15,0,000163,
0,1,15,0,000164,
0,1,15,0,000165,
0,1,15,0,000166,
0,1,15,0,000167,
0,1,2,0,000020,
0,1,2,0,000021,
0,1,2,0,000022,
0,1,2,0,000023,
0,1,2,0,000024,
0,1,2,0,000025,
0,1,2,0,000026,
0,1,2,0,000027,
0,1,2,0,000028,
0,1,2,0,000029,
0,1,3,0,000030,
0,1,3,0,000031,
0,1,3,0,000032,
0,1,3,0,000033,
0,1,3,0,000034,
0,1,3,0,000035,
0,1,3,0,000036,
0,1,3,0,000037,
0,1,3,0,000038,
0,1,3,0,000039,
0,1,3,0,000040,
0,1,3,0,000041,
0,1,3,0,000042,
0,1,4,0,000043,
0,1,4,0,000044,
0,1,4,0,000045,
0,1,4,0,000046,
0,1,4,0,000047,
0,1,4,0,000048,
0,1,4,0,000049,
0,1,4,0,000050,
0,1,4,0,000051,
0,1,4,0,000052,
0,1,4,0,000053,
0,1,4,0,000054,
0,1,4,0,000055,
0,1,4,0,000056,
0,1,4,0,000057,
0,1,5,0,000058,
0,1,5,0,000059,
0,1,5,0,000060,
0,1,5,0,000061,
0,1,5,0,000062,
0,1,5,0,000063,
0,1,5,0,000064,
0,1,5,0,000065,
0,1,5,0,000066,
0,1,5,0,000067,
0,1,6,0,000068,
0,1,6,0,000069,
0,1,6,0,000070,
0,1,6,0,000071,
0,1,6,0,000072,
0,1,6,0,000073,
0,1,6,0,000074,
0,1,7,0,000075,
0,1,7,0,000076,
0,1,7,0,000077,
0,1,7,0,000078,
0,1,7,0,000079,
0,1,7,0,000080,
0,1,7,0,000081,
0,1,7,0,000082,
0,1,7,0,000083,
0,1,7,0,000084,
0,1,7,0,000085,
0,1,7,0,000086,
0,1,8,0,000087,
0,1,8,0,000088,
0,1,8,0,000089,
0,1,8,0,000090,
0,1,9,0,000091,
0,1,9,0,000092,
0,1,9,0,000093,
0,1,9,0,000094,
0,1,9,0,000095,
0,1,9,0,000096,
0,1,9,0,000097,
0,1,9,0,000098,
0,1,9,0,000099,
0,1,9,0,000100,
0,1,9,0,000101,
0,10,1,0,000001,
0,10,1,0,000002,
0,10,1,0,000003,
0,10,1,0,000004,
0,10,1,0,000005,
0,10,1,0,000006,
0,10,1,0,000007,
0,10,1,0,000008,
0,10,1,0,000009,
0,10,1,0,000011,
0,10,1,0,000012,
0,10,1,0,000013,
0,10,1,0,000014,
0,10,1,0,000015,
0,10,1,0,000016,
0,10,1,0,000017,
0,10,1,0,000018,
0,10,1,0,000019,
0,10,1,0,000021,
0,10,1,0,00010A,
0,10,1,0,00010B,
0,10,10,0,000083,
0,10,10,0,000086,
0,10,10,0,000087,
0,10,10,0,00088A,
0,10,10,0,00088B,
0,10,11,0,000091,
0,10,11,0,000093,
0,10,11,0,000097,
0,10,11,0,000098,
0,10,11,0,00090A,
0,10,11,0,00090C,
0,10,11,0,00092A,
0,10,11,0,00092B,
0,10,11,0,00092C,
0,10,11,0,00096A,
0,10,11,0,00096B,
0,10,12,0,000101,
0,10,12,0,000103,
0,10,12,0,000104,
0,10,12,0,000105,
0,10,12,0,000107,
0,10,12,0,00099A,
0,10,12,0,00099B,
0,10,12,0,00100A,
0,10,12,0,00100B,
0,10,12,0,00102A,
0,10,12,0,00102B,
0,10,12,0,00106A,
0,10,12,0,00106B,
0,10,13,0,000108,
0,10,13,0,000109,
0,10,13,0,000110,
0,10,13,0,00111A,
0,10,13,0,00111B,
0,10,14,0,000113,
0,10,14,0,000114,
0,10,14,0,000117,
0,10,14,0,00112A,
0,10,14,0,00112B,
0,10,14,0,00115A,
0,10,14,0,00115B,
0,10,14,0,00116A,
0,10,14,0,00116B,
0,10,14,0,00116C,
0,10,15,0,000118,
0,10,15,0,000119,
0,10,15,0,000120,
0,10,15,0,000121,
0,10,15,0,000122,
0,10,15,0,000123,
0,10,15,0,000124,
0,10,16,0,00125A,
0,10,16,0,00125B,
0,10,16,0,00126A,
0,10,16,0,00126B,
0,10,16,0,00126C,
0,10,16,0,00127A,
0,10,16,0,00127B,
0,10,2,0,000022,
0,10,2,0,000023,
0,10,2,0,000024,
0,10,3,0,000026,
0,10,3,0,000027,
0,10,3,0,00025A,
0,10,3,0,00025B,
0,10,4,0,000028,
0,10,4,0,000029,
0,10,4,0,000030,
0,10,4,0,000031,
0,10,4,0,000032,
0,10,4,0,000034,
0,10,4,0,000035,
0,10,4,0,00033A,
0,10,4,0,00033B,
0,10,5,0,000036,
0,10,5,0,000037,
0,10,5,0,000038,
0,10,5,0,000039,
0,10,5,0,000040,
0,10,5,0,000041,
0,10,5,0,000043,
0,10,5,0,000045,
0,10,5,0,000046,
0,10,5,0,00042A,
0,10,5,0,00042B,
0,10,6,0,000048,
0,10,6,0,000049,
0,10,6,0,000050,
0,10,6,0,000052,
0,10,6,0,00051A,
0,10,6,0,00051B,
0,10,7,0,000053,
0,10,7,0,000054,
0,10,7,0,000057,
0,10,7,0,000060,
0,10,7,0,000061,
0,10,7,0,000064,
0,10,7,0,000066,
0,10,7,0,000067,
0,10,7,0,000069,
0,10,7,0,000070,
0,10,9,0,000076,
0,10,9,0,000078,
0,10,9,0,000079,
0,10,9,0,000080,
0,10,9,0,000081,
0,10,9,0,000082,
0,11,1,0,000001,
0,11,1,0,000002,
0,11,1,0,000003,
0,11,1,0,000004,
0,11,1,0,000005,
0,11,10,0,000034,
0,11,10,0,000035,
0,11,10,0,000036,
0,11,10,0,000037,
0,11,10,0,000038,
0,11,11,0,000039,
0,11,11,0,000040,
0,11,11,0,000042,
0,11,11,0,00039A,
0,11,12,0,000043,
0,11,12,0,000045,
0,11,12,0,000046,
0,11,12,0,000047,
0,11,12,0,000048,
0,11,13,0,000049,
0,11,14,0,000053,
0,11,14,0,000054,
0,11,15,0,000055,
0,11,15,0,000056,
0,11,15,0,000057,
0,11,15,0,000058,
0,11,15,0,000059,
0,11,15,0,000060,
0,11,16,0,000061,
0,11,16,0,000062,
0,11,17,0,000063,
0,11,17,0,000064,
0,11,17,0,000065,
0,11,17,0,000066,
0,11,17,0,000067,
0,11,17,0,000068,
0,11,18,0,000069,
0,11,18,0,000070,
0,11,18,0,000071,
0,11,18,0,000072,
0,11,18,0,000073,
0,11,18,0,000074,
0,11,18,0,000075,
0,11,19,0,000076,
0,11,19,0,000077,
0,11,19,0,000078,
0,11,19,0,000079,
0,11,19,0,000080,
0,11,19,0,000081,
0,11,19,0,000082,
0,11,2,0,000006,
0,11,2,0,000009,
0,11,2,0,000010,
0,11,20,0,000084,
0,11,20,0,000085,
0,11,20,0,000086,
0,11,21,0,000087,
0,11,21,0,000088,
0,11,21,0,000089,
0,11,22,0,000090,
0,11,22,0,000091,
0,11,22,0,000092,
0,11,22,0,000093,
0,11,22,0,000094,
0,11,22,0,000095,
0,11,3,0,000011,
0,11,4,0,000013,
0,11,4,0,000014,
0,11,4,0,000015,
0,11,4,0,000016,
0,11,5,0,000017,
0,11,5,0,000018,
0,11,6,0,000019,
0,11,6,0,000020,
0,11,6,0,000021,
0,11,6,0,000022,
0,11,6,0,000023,
0,11,6,0,00019A,
0,11,7,0,000024,
0,11,7,0,000025,
0,11,8,0,000026,
0,11,8,0,000027,
0,11,8,0,000028,
0,11,8,0,000029,
0,11,8,0,000030,
0,11,8,0,000031,
0,11,9,0,000032,
0,11,9,0,000033,
0,12,1,0,00001A,
0,12,1,0,00001B,
0,12,1,0,00001C,
0,12,1,0,00001D,
0,12,1,0,00001E,
0,12,1,0,00001F,
0,12,1,0,00001G,
0,12,1,0,00001H,
0,12,1,0,00001I,
0,12,1,0,00001J,
0,12,1,0,00001K,
0,12,1,0,00001L,
0,12,1,0,00001M,
0,12,1,0,00001N,
0,12,1,0,00001O,
0,12,1,0,00001P,
0,12,1,0,00001Q,
0,12,1,0,00001S,
0,12,1,0,00001T,
0,12,1,0,00001U,
0,12,1,0,00001V,
0,12,1,0,00001W,
0,12,1,0,00001X,
0,12,1,0,00002A,
0,12,1,0,00002B,
0,12,1,0,00002C,
0,12,1,0,00002D,
0,12,10,0,00034A,
0,12,10,0,00034B,
0,12,10,0,00035A,
0,12,10,0,00035B,
0,12,11,0,000036,
0,12,11,0,00037A,
0,12,11,0,00037B,
0,12,12,0,000039,
0,12,12,0,00038A,
0,12,12,0,00038B,
0,12,12,0,00040A,
0,12,12,0,00040B,
0,12,13,0,00041A,
0,12,13,0,00041B,
0,12,13,0,00041C,
0,12,13,0,00041D,
0,12,13,0,00041E,
0,12,13,0,00041F,
0,12,13,0,00041G,
0,12,13,0,00041H,
0,12,14,0,000042,
0,12,14,0,000043,
0,12,14,0,000044,
0,12,14,0,000046,
0,12,14,0,00045A,
0,12,14,0,00045B,
0,12,15,0,000050,
0,12,15,0,00047A,
0,12,15,0,00047B,
0,12,15,0,00048A,
0,12,15,0,00048B,
0,12,15,0,00049A,
0,12,15,0,00049B,
0,12,15,0,00049C,
0,12,15,0,00049D,
0,12,16,0,000053,
0,12,16,0,00051A,
0,12,16,0,00051B,
0,12,16,0,00052A,
0,12,16,0,00052B,
0,12,16,0,00054A,
0,12,16,0,00054B,
0,12,17,0,000059,
0,12,17,0,00055A,
0,12,17,0,00055B,
0,12,17,0,00055C,
0,12,17,0,00055D,
0,12,17,0,00055E,
0,12,17,0,00056A,
0,12,17,0,00056B,
0,12,17,0,00056C,
0,12,17,0,00057A,
0,12,17,0,00057B,
0,12,17,0,00058A,
0,12,17,0,00058B,
0,12,18,0,000060,
0,12,18,0,00061A,
0,12,18,0,00061B,
0,12,18,0,00061C,
0,12,18,0,00061D,
0,12,18,0,00062A,
0,12,18,0,00062B,
0,12,18,0,00062C,
0,12,18,0,00062D,
0,12,18,0,00062E,
0,12,2,0,000003,
0,12,3,0,000004,
0,12,3,0,000007,
0,12,3,0,00005A,
0,12,3,0,00005B,
0,12,3,0,00006A,
0,12,3,0,00006B,
0,12,3,0,00008A,
0,12,3,0,00008B,
0,12,3,0,00008C,
0,12,4,0,000010,
0,12,4,0,00009A,
0,12,4,0,00009B,
0,12,4,0,00011A,
0,12,4,0,00012A,
0,12,4,0,00012B,
0,12,5,0,000013,
0,12,5,0,000015,
0,12,5,0,000017,
0,12,5,0,00014A,
0,12,5,0,00014B,
0,12,5,0,00016A,
0,12,5,0,00016B,
0,12,6,0,000019,
0,12,6,0,000020,
0,12,6,0,000021,
0,12,6,0,000024,
0,12,6,0,000025,
0,12,6,0,00018A,
0,12,6,0,00018B,
0,12,6,0,00022A,
0,12,6,0,00023A,
0,12,6,0,00023B,
0,12,6,0,00023C,
0,12,7,0,000026,
0,12,7,0,000027,
0,12,7,0,00028A,
0,12,7,0,00028B,
0,12,7,0,00028C,
0,12,7,0,00028D,
0,12,7,0,00029A,
0,12,7,0,00029B,
0,12,8,0,000032,
0,12,8,0,00030A,
0,12,8,0,00030B,
0,12,8,0,00030C,
0,12,8,0,00031A,
0,12,8,0,00031B,
0,12,8,0,00031C,
0,12,9,0,000033,
0,13,1,9,000001,
0,13,1,9,000002,
0,13,1,9,000003,
0,13,1,9,000004,
0,13,1,9,000005,
0,13,1,9,000006,
0,13,1,9,000007,
0,13,1,9,000008,
0,13,1,9,000009,
0,13,1,9,000010,
0,13,1,9,000011,
0,13,1,9,000012,
0,13,1,9,000013,
0,13,1,9,000014,
0,13,1,9,000015,
0,13,1,9,000016,
0,13,1,9,000017,
0,13,1,9,000018,
0,13,1,9,000019,
0,13,1,9,000020,
0,13,1,9,000021,
0,13,1,9,000022,
0,13,1,9,000023,
0,13,1,9,000024,
0,13,1,9,00018A,
0,13,1,9,00018B,
0,13,10,10,000077,
0,13,10,10,000078,
0,13,10,10,000079,
0,13,10,10,000080,
0,13,10,10,000081,
0,13,10,10,000082,
0,13,10,10,000083,
0,13,11,10,000084,
0,13,11,10,000085,
0,13,11,10,000086,
0,13,11,10,000087,
0,13,11,10,000088,
0,13,11,10,000089,
0,13,11,10,000090,
0,13,11,10,00086A,
0,13,12,11,000091,
0,13,12,11,000092,
0,13,12,11,000093,
0,13,12,11,000094,
0,13,12,11,000095,
0,13,12,11,000096,
0,13,12,11,00093A,
0,13,12,11,00094A,
0,13,13,11,000097,
0,13,13,11,000098,
0,13,13,11,000099,
0,13,13,11,00097A,
0,13,13,11,00098A,
0,13,13,11,00099A,
0,13,14,10,000100,
0,13,14,10,000101,
0,13,14,10,000102,
0,13,14,10,00100A,
0,13,14,10,00100B,
0,13,14,10,00100C,
0,13,14,10,00101A,
0,13,15,10,000103,
0,13,15,10,000104,
0,13,15,10,000105,
0,13,15,10,000106,
0,13,16,12,000107,
0,13,16,12,000108,
0,13,16,12,000109,
0,13,16,12,000110,
0,13,16,12,000111,
0,13,16,12,000112,
0,13,16,12,000113,
0,13,16,12,000114,
0,13,16,12,000115,
0,13,16,12,000116,
0,13,16,12,000117,
0,13,16,12,000118,
0,13,16,12,000119,
0,13,16,12,000120,
0,13,16,12,000121,
0,13,16,12,000122,
0,13,16,12,000123,
0,13,16,12,000124,
0,13,16,12,00107A,
0,13,16,12,00107B,
0,13,16,12,00107C,
0,13,16,12,00117A,
0,13,17,12,000125,
0,13,17,12,000126,
0,13,17,12,000127,
0,13,17,12,000128,
0,13,17,12,000129,
0,13,17,12,00127A,
0,13,18,12,000130,
0,13,18,12,000131,
0,13,18,12,000132,
0,13,18,12,000133,
0,13,18,12,000134,
0,13,2,11,000025,
0,13,2,11,000026,
0,13,2,11,000027,
0,13,2,11,000028,
0,13,2,11,00025A,
0,13,2,11,00025B,
0,13,2,11,00026A,
0,13,2,11,00027A,
0,13,2,11,00027B,
0,13,3,9,000029,
0,13,3,9,000030,
0,13,3,9,000031,
0,13,3,9,000032,
0,13,3,9,000033,
0,13,3,9,00029A,
0,13,3,9,00030A,
0,13,3,9,00030B,
0,13,3,9,00030C,
0,13,3,9,00030D,
0,13,3,9,00030E,
0,13,3,9,00031A,
0,13,3,9,00031B,
0,13,3,9,00032A,
0,13,4,9,000034,
0,13,4,9,000035,
0,13,4,9,000036,
0,13,4,9,000037,
0,13,4,9,000038,
0,13,4,9,000039,
0,13,4,9,000040,
0,13,4,9,00034A,
0,13,4,9,00034B,
0,13,4,9,00034C,
0,13,4,9,00034D,
0,13,4,9,00034E,
0,13,4,9,00037A,
0,13,4,9,00040A,
0,13,4,9,00040B,
0,13,4,9,00040C,
0,13,5,9,000041,
0,13,5,9,000042,
0,13,5,9,000043,
0,13,5,9,000044,
0,13,5,9,000045,
0,13,5,9,000046,
0,13,5,9,00043A,
0,13,6,10,000047,
0,13,6,10,000048,
0,13,6,10,000049,
0,13,6,10,000050,
0,13,6,10,000051,
0,13,6,10,000052,
0,13,6,10,000053,
0,13,6,10,000054,
0,13,6,10,000055,
0,13,6,10,000056,
0,13,6,10,00047A,
0,13,6,10,00049A,
0,13,6,10,00049B,
0,13,6,10,00054A,
0,13,7,11,000057,
0,13,7,11,000058,
0,13,7,11,000059,
0,13,7,11,000060,
0,13,7,11,000061,
0,13,7,11,000062,
0,13,7,11,000063,
0,13,7,11,000064,
0,13,7,11,000065,
0,13,7,11,00060A,
0,13,7,11,00062A,
0,13,7,11,00065A,
0,13,8,11,000066,
0,13,8,11,000067,
0,13,8,11,000068,
0,13,8,11,00066A,
0,13,8,11,00066B,
0,13,8,11,00067A,
0,13,8,11,00068A,
0,13,9,10,000069,
0,13,9,10,000070,
0,13,9,10,000071,
0,13,9,10,000072,
0,13,9,10,000073,
0,13,9,10,000074,
0,13,9,10,000075,
0,13,9,10,000076,
0,13,9,10,00076A,
0,13,9,10,00076B,
0,14,1,0,000001,
0,14,1,0,000002,
0,14,1,0,000003,
0,14,1,0,000004,
0,14,1,0,000005,
0,14,1,0,000006,
0,14,1,0,000007,
0,14,1,0,000008,
0,14,1,0,000009,
0,14,1,0,00003A,
0,14,1,0,00004A,
0,14,1,0,00004B,
0,14,1,0,00008A,
0,14,1,0,00008B,
0,14,1,0,00008C,
0,14,10,0,000059,
0,14,10,0,000060,
0,14,10,0,000061,
0,14,10,0,00059B,
0,14,11,0,000062,
0,14,11,0,000063,
0,14,11,0,000064,
0,14,11,0,00064A,
0,14,11,0,00064B,
0,14,12,0,000065,
0,14,12,0,000066,
0,14,12,0,000067,
0,14,12,0,00066A,
0,14,13,0,000068,
0,14,13,0,00059A,
0,14,13,0,00068A,
0,14,13,0,00068B,
0,14,13,0,00068C,
0,14,13,0,00068D,
0,14,14,0,000069,
0,14,14,0,000070,
0,14,14,0,000071,
0,14,14,0,000072,
0,14,14,0,000073,
0,14,14,0,000074,
0,14,15,0,000075,
0,14,15,0,000076,
0,14,15,0,00075A,
0,14,16,0,000077,
0,14,16,0,000078,
0,14,16,0,000079,
0,14,16,0,000080,
0,14,17,0,000081,
0,14,17,0,000082,
0,14,17,0,00082A,
0,14,2,0,000010,
0,14,2,0,000011,
0,14,2,0,000012,
0,14,2,0,000013,
0,14,2,0,00010A,
0,14,2,0,00012A,
0,14,3,0,000014,
0,14,3,0,000015,
0,14,3,0,000016,
0,14,3,0,000017,
0,14,3,0,000018,
0,14,3,0,000019,
0,14,3,0,000020,
0,14,4,0,000021,
0,14,4,0,000022,
0,14,4,0,000023,
0,14,4,0,000024,
0,14,4,0,000025,
0,14,4,0,000026,
0,14,4,0,000027,
0,14,4,0,000028,
0,14,5,0,000029,
0,14,5,0,000030,
0,14,5,0,000031,
0,14,6,0,000032,
0,14,6,0,000033,
0,14,6,0,000034,
0,14,6,0,000035,
0,14,6,0,00035A,
0,14,7,0,000036,
0,14,7,0,000037,
0,14,7,0,000038,
0,14,7,0,000039,
0,14,7,0,000040,
0,14,7,0,000041,
0,14,7,0,000042,
0,14,7,0,000043,
0,14,8,0,000044,
0,14,8,0,000045,
0,14,8,0,000046,
0,14,8,0,000047,
0,14,8,0,000048,
0,14,8,0,000049,
0,14,8,0,000050,
0,14,8,0,000051,
0,14,8,0,000052,
0,14,9,0,000053,
0,14,9,0,000054,
0,14,9,0,000055,
0,14,9,0,000056,
0,14,9,0,000057,
0,14,9,0,000058,
0,14,9,0,00054A,
0,15,1,0,000001,
0,15,1,0,000002,
0,15,1,0,000003,
0,15,1,0,000004,
0,15,1,0,000005,
0,15,1,0,000006,
0,15,1,0,000007,
0,15,1,0,000008,
0,15,1,0,00001A,
0,15,1,0,00001B,
0,15,1,0,00001C,
0,15,1,0,00001D,
0,15,1,0,00001E,
0,15,1,0,00001F,
0,15,1,0,00001G,
0,15,1,0,00002A,
0,15,1,0,00004A,
0,15,1,0,00005A,
0,15,1,0,000062,
0,15,1,0,000063,
0,15,1,0,000064,
0,15,1,0,000072,
0,15,1,0,000073,
0,15,1,0,000074,
0,15,1,0,000075,
0,15,1,0,00007A,
0,15,1,0,00007B,
0,15,1,0,00007C,
0,15,1,0,00062A,
0,15,1,0,00063A,
0,15,1,0,00064A,
0,15,1,0,00074A,
0,15,10,0,000039,
0,15,10,0,000040,
0,15,10,0,000041,
0,15,10,0,000042,
0,15,10,0,000066,
0,15,10,0,00040A,
0,15,10,0,00042A,
0,15,10,0,00042B,
0,15,10,0,00066A,
0,15,11,0,000043,
0,15,11,0,000044,
0,15,11,0,000045,
0,15,11,0,000070,
0,15,11,0,00044A,
0,15,11,0,00044B,
0,15,11,0,00045A,
0,15,11,0,00046A,
0,15,12,0,000047,
0,15,12,0,000048,
0,15,12,0,00047A,
0,15,12,0,00048A,
0,15,13,0,000049,
0,15,13,0,000050,
0,15,13,0,000051,
0,15,13,0,000052,
0,15,13,0,00049A,
0,15,13,0,00049B,
0,15,14,0,000053,
0,15,14,0,000055,
0,15,14,0,000056,
0,15,14,0,00054A,
0,15,14,0,00055A,
0,15,14,0,00056A,
0,15,15,0,000057,
0,15,15,0,000058,
0,15,15,0,000065,
0,15,15,0,00058A,
0,15,15,0,00058B,
0,15,15,0,00058C,
0,15,15,0,00058D,
0,15,15,0,00059A,
0,15,16,0,000060,
0,15,16,0,000061,
0,15,16,0,00060A,
0,15,16,0,00061B,
0,15,2,0,000009,
0,15,2,0,000010,
0,15,2,0,000011,
0,15,2,0,000012,
0,15,2,0,000013,
0,15,2,0,000067,
0,15,2,0,000076,
0,15,2,0,00009A,
0,15,2,0,00009B,
0,15,2,0,00009C,
0,15,2,0,00011A,
0,15,2,0,00012A,
0,15,3,0,000014,
0,15,3,0,000015,
0,15,3,0,00015A,
0,15,3,0,00015B,
0,15,4,0,000016,
0,15,4,0,000017,
0,15,4,0,000071,
0,15,4,0,00016A,
0,15,4,0,00017B,
0,15,4,0,00017C,
0,15,5,0,000018,
0,15,5,0,000019,
0,15,5,0,000020,
0,15,5,0,000021,
0,15,5,0,00019A,
0,15,5,0,00020A,
0,15,5,0,00021A,
0,15,5,0,00021B,
0,15,5,0,00021C,
0,15,5,0,00021D,
0,15,5,0,00021E,
0,15,6,0,000022,
0,15,6,0,000023,
0,15,6,0,000024,
0,15,6,0,000025,
0,15,6,0,000069,
0,15,6,0,00022A,
0,15,6,0,00023A,
0,15,6,0,00023B,
0,15,6,0,00023C,
0,15,6,0,00024A,
0,15,6,0,00025B,
0,15,6,0,00069A,
0,15,7,0,000026,
0,15,7,0,000027,
0,15,7,0,000028,
0,15,7,0,000029,
0,15,7,0,000068,
0,15,7,0,00026A,
0,15,7,0,00026B,
0,15,7,0,00026C,
0,15,7,0,00026D,
0,15,7,0,00027B,
0,15,7,0,00029A,
0,15,7,0,00029B,
0,15,8,0,000030,
0,15,8,0,000031,
0,15,8,0,000032,
0,15,8,0,00030A,
0,15,8,0,00030B,
0,15,8,0,00031B,
0,15,8,0,00032A,
0,15,9,0,000033,
0,15,9,0,000034,
0,15,9,0,000035,
0,15,9,0,000038,
0,15,9,0,00034A,
0,15,9,0,00035A,
0,15,9,0,00035B,
0,16,1,0,000001,
0,16,1,0,000002,
0,16,1,0,000003,
0,16,1,0,000004,
0,16,10,0,000044,
0,16,11,0,000047,
0,16,11,0,000048,
0,16,11,0,000049,
0,16,11,0,000050,
0,16,11,0,000051,
0,16,11,0,000052,
0,16,11,0,000053,
0,16,11,0,000054,
0,16,11,0,000055,
0,16,11,0,00050A,
0,16,12,0,000057,
0,16,12,0,000058,
0,16,12,0,000059,
0,16,12,0,000060,
0,16,12,0,000061,
0,16,12,0,000062,
0,16,12,0,000063,
0,16,12,0,000064,
0,16,12,0,000065,
0,16,12,0,000066,
0,16,12,0,000067,
0,16,12,0,000068,
0,16,12,0,000069,
0,16,12,0,000070,
0,16,12,0,00068B,
0,16,12,0,00069A,
0,16,13,0,000071,
0,16,13,0,000072,
0,16,13,0,000073,
0,16,13,0,000074,
0,16,13,0,000075,
0,16,13,0,00071A,
0,16,2,0,000007,
0,16,2,0,000008,
0,16,2,0,00007A,
0,16,3,0,000009,
0,16,3,0,000011,
0,16,3,0,00009A,
0,16,3,0,00009B,
0,16,4,0,000012,
0,16,4,0,000013,
0,16,4,0,000014,
0,16,4,0,000015,
0,16,4,0,000016,
0,16,4,0,000017,
0,16,4,0,000018,
0,16,4,0,00012A,
0,16,4,0,00012B,
0,16,5,0,000019,
0,16,5,0,000020,
0,16,5,0,000021,
0,16,5,0,000022,
0,16,5,0,00019A,
0,16,5,0,00020A,
0,16,5,0,00022A,
0,16,6,0,000023,
0,16,6,0,000024,
0,16,6,0,000025,
0,16,6,0,000026,
0,16,6,0,000027,
0,16,6,0,000028,
0,16,6,0,000029,
0,16,6,0,000030,
0,16,6,0,00023A,
0,16,6,0,00024A,
0,16,6,0,00024B,
0,16,6,0,00028A,
0,16,7,0,000031,
0,16,7,0,000032,
0,16,7,0,000033,
0,16,7,0,000034,
0,16,7,0,000035,
0,16,7,0,00031A,
0,16,7,0,00031B,
0,16,8,0,000036,
0,16,8,0,000037,
0,16,8,0,000038,
0,16,8,0,000039,
0,16,8,0,000040,
0,16,8,0,00036A,
0,16,8,0,00036B,
0,16,8,0,00036C,
0,16,8,0,00037A,
0,16,8,0,00038A,
0,16,8,0,00040A,
0,16,9,0,000041,
0,16,9,0,000042,
0,16,9,0,000043,
0,16,9,0,00043A,
0,17,1,0,00001A,
0,17,1,0,00001B,
0,17,1,0,00001C,
0,17,1,0,00001D,
0,17,1,0,00001E,
0,17,1,0,00001F,
0,17,1,0,00001G,
0,17,1,0,00002A,
0,17,1,0,00002B,
0,17,1,0,00002C,
0,17,1,0,00002D,
0,17,1,0,00002E,
0,17,1,0,00002F,
0,17,1,0,00002G,
0,17,1,0,00002H,
0,17,1,0,00002I,
0,17,1,0,00002J,
0,17,1,0,00002K,
0,17,1,0,00002L,
0,17,1,0,00002M,
0,17,1,0,00002N,
0,17,1,0,00002O,
0,17,1,0,00002P,
0,17,1,0,00002Q,
0,17,1,0,00003A,
0,17,1,0,00003B,
0,17,1,0,00003C,
0,17,1,0,00003D,
0,17,1,0,00003E,
0,17,1,0,00003F,
0,17,1,0,00003G,
0,17,1,0,00003H,
0,17,1,0,00003I,
0,17,1,0,00003J,
0,17,1,0,00003K,
0,17,1,0,00004A,
0,17,1,0,00004B,
0,17,1,0,00004C,
0,17,1,0,00005A,
0,17,1,0,00005B,
0,17,1,0,00005C,
0,17,1,0,00005D,
0,17,1,0,00005E,
0,17,1,0,00005F,
0,17,1,0,00005G,
0,17,1,0,00005H,
0,17,1,0,00005I,
0,17,1,0,00005J,
0,17,1,0,00005K,
0,17,1,0,00005L,
0,17,1,0,00005M,
0,17,1,0,00005N,
0,17,1,0,00006A,
0,17,1,0,00007A,
0,17,10,0,00049A,
0,17,10,0,00049B,
0,17,10,0,00049E,
0,17,10,0,00049F,
0,17,10,0,00049I,
0,17,10,0,00049J,
0,17,10,0,00049K,
0,17,10,0,00050A,
0,17,11,0,00052A,
0,17,11,0,00052B,
0,17,11,0,00052C,
0,17,11,0,00052D,
0,17,11,0,00053A,
0,17,11,0,00053B,
0,17,11,0,00054A,
0,17,11,0,00054B,
0,17,11,0,00055A,
0,17,11,0,00055B,
0,17,11,0,00055C,
0,17,12,0,00056A,
0,17,12,0,00056B,
0,17,12,0,00056C,
0,17,12,0,00056D,
0,17,12,0,00056E,
0,17,12,0,00056F,
0,17,12,0,00056G,
0,17,12,0,00057A,
0,17,12,0,00057B,
0,17,12,0,00058A,
0,17,12,0,00058B,
0,17,13,0,00059A,
0,17,13,0,00060A,
0,17,13,0,00061A,
0,17,13,0,00062A,
0,17,14,0,00063A,
0,17,15,0,00067A,
0,17,15,0,00067B,
0,17,15,0,00067C,
0,17,15,0,00067D,
0,17,15,0,00067E,
0,17,15,0,00067F,
0,17,15,0,00067G,
0,17,15,0,00067H,
0,17,15,0,00068A,
0,17,15,0,00068B,
0,17,15,0,00068C,
0,17,15,0,00069A,
0,17,15,0,00070A,
0,17,15,0,00070B,
0,17,15,0,00071A,
0,17,15,0,00071B,
0,17,15,0,00072A,
0,17,15,0,00072B,
0,17,15,0,00072C,
0,17,15,0,00072D,
0,17,16,0,00073A,
0,17,16,0,00073B,
0,17,16,0,00074A,
0,17,16,0,00075A,
0,17,16,0,00075B,
0,17,17,0,00076A,
0,17,17,0,00077A,
0,17,17,0,00077B,
0,17,17,0,00077C,
0,17,17,0,00077D,
0,17,17,0,00077E,
0,17,17,0,00078A,
0,17,18,0,00079A,
0,17,18,0,00079B,
0,17,18,0,00079C,
0,17,18,0,00080A,
0,17,18,0,00081A,
0,17,18,0,00082A,
0,17,18,0,00082B,
0,17,18,0,00083A,
0,17,19,0,00084A,
0,17,19,0,00085A,
0,17,19,0,00085B,
0,17,19,0,00086A,
0,17,19,0,00087A,
0,17,19,0,00088A,
0,17,19,0,00088B,
0,17,19,0,00088C,
0,17,2,0,00008A,
0,17,2,0,00008B,
0,17,2,0,00008C,
0,17,2,0,00009A,
0,17,2,0,00009B,
0,17,20,0,00089A,
0,17,20,0,00089B,
0,17,20,0,00089C,
0,17,20,0,00089D,
0,17,20,0,00089E,
0,17,20,0,00090A,
0,17,20,0,00090B,
0,17,21,0,00091A,
0,17,21,0,00091B,
0,17,21,0,00091C,
0,17,21,0,00091D,
0,17,21,0,00092A,
0,17,21,0,00093A,
0,17,21,0,00093B,
0,17,21,0,00094A,
0,17,21,0,00095A,
0,17,21,0,00096B,
0,17,21,0,00097A,
0,17,21,0,00097B,
0,17,21,0,00097C,
0,17,21,0,00097D,
0,17,22,0,00099A,
0,17,22,0,00099B,
0,17,22,0,00099C,
0,17,23,0,00100A,
0,17,23,0,00101A,
0,17,23,0,00102A,
0,17,3,0,00010A,
0,17,3,0,00011A,
0,17,3,0,00011B,
0,17,3,0,00011C,
0,17,3,0,00012A,
0,17,3,0,00012B,
0,17,3,0,00012C,
0,17,3,0,00014A,
0,17,4,0,00015A,
0,17,4,0,00015B,
0,17,4,0,00015C,
0,17,4,0,00015D,
0,17,4,0,00015E,
0,17,4,0,00015F,
0,17,4,0,00015G,
0,17,4,0,00016A,
0,17,4,0,00016B,
0,17,4,0,00017A,
0,17,4,0,00017B,
0,17,4,0,00018A,
0,17,4,0,00018B,
0,17,4,0,00018C,
0,17,5,0,00020A,
0,17,5,0,00021A,
0,17,5,0,00021B,
0,17,5,0,00022A,
0,17,5,0,00022B,
0,17,5,0,00022C,
0,17,5,0,00022D,
0,17,5,0,00022E,
0,17,5,0,00023A,
0,17,5,0,00024A,
0,17,5,0,00024B,
0,17,5,0,00024C,
0,17,5,0,00024D,
0,17,5,0,00024E,
0,17,5,0,00024F,
0,17,5,0,00025A,
0,17,5,0,00025B,
0,17,5,0,00025C,
0,17,5,0,00025D,
0,17,5,0,00025E,
0,17,5,0,00025F,
0,17,5,0,00025G,
0,17,6,0,00026A,
0,17,6,0,00026B,
0,17,6,0,00027A,
0,17,6,0,00028A,
0,17,6,0,00028B,
0,17,6,0,00028C,
0,17,6,0,00028E,
0,17,6,0,00028F,
0,17,6,0,00028G,
0,17,6,0,00029C,
0,17,6,0,00029E,
0,17,7,0,00030A,
0,17,7,0,00030B,
0,17,7,0,00031A,
0,17,7,0,00031B,
0,17,7,0,00031C,
0,17,7,0,00032A,
0,17,7,0,00032B,
0,17,7,0,00033A,
0,17,7,0,00033B,
0,17,7,0,00033C,
0,17,7,0,00034A,
0,17,7,0,00034B,
0,17,7,0,00035A,
0,17,7,0,00036A,
0,17,7,0,00036B,
0,17,7,0,00037A,
0,17,7,0,00038A,
0,17,7,0,00038B,
0,17,7,0,00039A,
0,17,8,0,00040A,
0,17,8,0,00040B,
0,17,8,0,00040C,
0,17,8,0,00041A,
0,17,8,0,00041B,
0,17,8,0,00041C,
0,17,8,0,00042A,
0,17,8,0,00042B,
0,17,8,0,00042C,
0,17,8,0,00043A,
0,17,8,0,00043B,
0,17,8,0,00043C,
0,17,8,0,00043D,
0,17,8,0,00043E,
0,17,8,0,00043F,
0,17,8,0,00044A,
0,17,8,0,00044B,
0,17,8,0,00044C,
0,17,8,0,00044D,
0,17,8,0,00044E,
0,17,8,0,00044F,
0,17,8,0,00044G,
0,17,8,0,00045A,
0,17,9,0,00046A,
0,17,9,0,00046B,
0,17,9,0,00046C,
0,17,9,0,00046F,
0,17,9,0,00048C,
0,17,9,0,00048D,
0,18,1,0,000001,
0,18,1,0,000002,
0,18,1,0,000003,
0,18,1,0,000004,
0,18,1,0,000005,
0,18,1,0,000006,
0,18,1,0,000007,
0,18,1,0,000008,
0,18,1,0,000009,
0,18,1,0,000010,
0,18,1,0,000011,
0,18,1,0,000012,
0,18,1,0,000013,
0,18,1,0,000014,
0,18,1,0,000015,
0,18,1,0,000016,
0,18,1,0,000017,
0,18,1,0,000018,
0,18,1,0,000019,
0,18,1,0,000020,
0,18,1,0,000021,
0,18,1,0,000022,
0,18,1,0,000023,
0,18,1,0,000024,
0,18,1,0,000025,
0,18,1,0,000026,
0,18,1,0,000027,
0,18,1,0,000028,
0,18,1,0,000029,
0,18,1,0,000030,
0,18,1,0,000031,
0,18,10,0,000074,
0,18,10,0,000075,
0,18,10,0,000076,
0,18,10,0,000077,
0,18,10,0,000078,
0,18,10,0,000079,
0,18,10,0,000080,
0,18,11,0,000081,
0,18,12,0,000083,
0,18,12,0,000084,
0,18,12,0,000085,
0,18,12,0,000086,
0,18,12,0,000087,
0,18,12,0,000088,
0,18,13,0,000089,
0,18,13,0,000090,
0,18,13,0,000091,
0,18,13,0,000092,
0,18,13,0,000093,
0,18,13,0,000094,
0,18,13,0,000096,
0,18,13,0,00090A,
0,18,13,0,00093A,
0,18,14,0,000097,
0,18,14,0,000098,
0,18,14,0,000099,
0,18,14,0,000100,
0,18,15,0,000101,
0,18,15,0,000102,
0,18,15,0,000103,
0,18,15,0,000104,
0,18,15,0,000105,
0,18,15,0,000106,
0,18,15,0,000107,
0,18,15,0,000108,
0,18,15,0,000109,
0,18,15,0,000110,
0,18,15,0,000111,
0,18,15,0,000112,
0,18,16,0,000113,
0,18,16,0,000114,
0,18,16,0,000115,
0,18,16,0,000116,
0,18,16,0,000117,
0,18,16,0,00113A,
0,18,17,0,000118,
0,18,17,0,000119,
0,18,17,0,000120,
0,18,17,0,000121,
0,18,17,0,000122,
0,18,17,0,000123,
0,18,17,0,000124,
0,18,17,0,000125,
0,18,17,0,000126,
0,18,17,0,000127,
0,18,17,0,000128,
0,18,17,0,000129,
0,18,17,0,000130,
0,18,17,0,000131,
0,18,17,0,000132,
0,18,18,0,000134,
0,18,18,0,000135,
0,18,18,0,000136,
0,18,18,0,000137,
0,18,18,0,000138,
0,18,19,0,000139,
0,18,19,0,000140,
0,18,19,0,000141,
0,18,19,0,000142,
0,18,2,0,000032,
0,18,2,0,000033,
0,18,2,0,000034,
0,18,2,0,000035,
0,18,2,0,000036,
0,18,2,0,000037,
0,18,2,0,000038,
0,18,3,0,000039,
0,18,3,0,000040,
0,18,3,0,000041,
0,18,3,0,000042,
0,18,3,0,000043,
0,18,3,0,000044,
0,18,4,0,000045,
0,18,4,0,000046,
0,18,4,0,000047,
0,18,4,0,000048,
0,18,4,0,000049,
0,18,4,0,000050,
0,18,4,0,000051,
0,18,4,0,000052,
0,18,5,0,000053,
0,18,6,0,000054,
0,18,6,0,000055,
0,18,6,0,000056,
0,18,6,0,000057,
0,18,6,0,000058,
0,18,6,0,000059,
0,18,6,0,000060,
0,18,6,0,000061,
0,18,7,0,000062,
0,18,7,0,000063,
0,18,8,0,000064,
0,18,8,0,000065,
0,18,8,0,000066,
0,18,9,0,000067,
0,18,9,0,000068,
0,18,9,0,000069,
0,18,9,0,000070,
0,18,9,0,000071,
0,18,9,0,000072,
0,18,9,0,000073,
0,19,1,0,000002,
0,19,1,0,000003,
0,19,1,0,000004,
0,19,1,0,000005,
0,19,1,0,000006,
0,19,1,0,000007,
0,19,1,0,000008,
0,19,1,0,000009,
0,19,1,0,000010,
0,19,1,0,000011,
0,19,1,0,000012,
0,19,1,0,000013,
0,19,1,0,000014,
0,19,1,0,000015,
0,19,1,0,00004A,
0,19,1,0,001001,
0,19,1,0,001002,
0,19,1,0,001003,
0,19,1,0,001004,
0,19,1,0,001005,
0,19,1,0,001006,
0,19,1,0,001007,
0,19,1,0,001008,
0,19,1,0,001009,
0,19,1,0,001010,
0,19,1,0,001011,
0,19,1,0,001012,
0,19,1,0,001013,
0,19,1,0,001014,
0,19,1,0,001015,
0,19,1,0,001016,
0,19,1,0,001017,
0,19,1,0,001018,
0,19,1,0,001019,
0,19,1,0,001020,
0,19,1,0,001021,
0,19,1,0,001022,
0,19,2,0,000016,
0,19,2,0,000017,
0,19,2,0,000019,
0,19,2,0,000020,
0,19,2,0,000021,
0,19,2,0,000022,
0,19,2,0,000023,
0,19,2,0,000024,
0,19,2,0,000025,
0,19,2,0,000026,
0,19,2,0,000027,
0,19,2,0,000028,
0,19,2,0,00022A,
0,19,2,0,00026A,
0,19,2,0,001801,
0,19,2,0,001802,
0,19,2,0,001803,
0,19,2,0,001804,
0,19,3,0,000031,
0,19,3,0,000032,
0,19,3,0,000033,
0,19,3,0,000035,
0,19,3,0,000036,
0,19,3,0,000037,
0,19,3,0,000038,
0,19,3,0,000039,
0,19,3,0,000040,
0,19,3,0,000041,
0,19,3,0,003001,
0,19,3,0,003002,
0,19,3,0,003003,
0,19,3,0,003004,
0,19,3,0,003005,
0,19,3,0,003006,
0,19,3,0,003007,
0,19,3,0,003008,
0,19,3,0,003009,
0,19,3,0,003010,
0,19,3,0,003011,
0,19,3,0,003012,
0,19,3,0,003013,
0,19,3,0,003014,
0,19,3,0,003015,
0,19,3,0,003016,
0,19,3,0,003017,
0,19,3,0,003018,
0,19,3,0,003019,
0,19,3,0,003020,
0,19,3,0,003021,
0,19,3,0,003401,
0,19,3,0,003402,
0,19,3,0,003403,
0,19,3,0,003404,
0,19,3,0,003405,
0,19,3,0,003406,
0,19,3,0,003407,
0,19,4,0,000042,
0,19,4,0,000043,
0,19,4,0,000044,
0,19,4,0,000045,
0,19,4,0,000046,
0,19,4,0,000047,
0,19,4,0,000048,
0,19,4,0,000049,
0,19,4,0,000050,
0,19,4,0,000051,
0,19,5,0,000052,
0,19,5,0,000053,
0,19,5,0,000054,
0,19,5,0,000055,
0,19,5,0,000056,
0,19,5,0,000057,
0,19,5,0,000058,
0,19,5,0,000059,
0,19,5,0,000060,
0,19,5,0,000061,
0,19,5,0,000062,
0,19,6,0,000063,
0,19,6,0,000064,
0,19,6,0,000065,
0,19,6,0,000066,
0,19,6,0,000067,
0,19,6,0,000068,
0,19,6,0,000069,
0,19,6,0,000072,
0,19,6,0,000073,
0,19,6,0,000074,
0,19,6,0,007001,
0,19,6,0,007002,
0,19,6,0,007003,
0,19,6,0,007004,
0,19,6,0,007005,
0,19,6,0,007006,
0,19,6,0,007007,
0,19,6,0,007008,
0,19,7,0,000075,
0,19,7,0,000076,
0,19,7,0,000077,
0,19,7,0,000078,
0,19,7,0,000079,
0,19,7,0,000080,
0,19,7,0,000081,
0,19,7,0,000082,
0,19,7,0,000083,
0,19,7,0,000084,
0,19,7,0,000085,
0,19,7,0,000086,
0,19,7,0,000087,
0,19,7,0,00083A,
0,19,8,0,000088,
0,19,8,0,000089,
0,19,8,0,000090,
0,19,8,0,000091,
0,19,8,0,000092,
0,19,8,0,000093,
0,19,8,0,000094,
0,19,8,0,000095,
0,19,8,0,000096,
0,19,8,0,000097,
0,19,8,0,000098,
0,19,8,0,000099,
0,19,8,0,000100,
0,19,9,0,000101,
0,19,9,0,000102,
0,19,9,0,000103,
0,19,9,0,000104,
0,19,9,0,000105,
0,19,9,0,000106,
0,19,9,0,000107,
0,19,9,0,000108,
0,19,9,0,000109,
0,19,9,0,000110,
0,19,9,0,000111,
0,19,9,0,000112,
0,19,9,0,000113,
0,19,9,0,000114,
0,2,1,6,000001,
0,2,1,6,000002,
0,2,1,6,000003,
0,2,1,6,000004,
0,2,1,6,000005,
0,2,1,6,000006,
0,2,1,6,000007,
0,2,10,2,000117,
0,2,10,2,000118,
0,2,10,2,000120,
0,2,10,2,00117A,
0,2,10,2,00117B,
0,2,100,6,000746,
0,2,100,6,00746A,
0,2,101,2,000854,
0,2,101,2,000855,
0,2,101,2,000856,
0,2,101,2,000857,
0,2,101,2,000858,
0,2,101,2,00855A,
0,2,101,2,00857A,
0,2,101,2,00857B,
0,2,102,2,000860,
0,2,102,2,000861,
0,2,102,2,000862,
0,2,102,2,000863,
0,2,102,2,000864,
0,2,102,2,00862A,
0,2,102,2,00863A,
0,2,103,2,000866,
0,2,103,2,000867,
0,2,103,2,000868,
0,2,103,2,000869,
0,2,103,2,000870,
0,2,104,5,000871,
0,2,104,5,00871A,
0,2,104,5,00871B,
0,2,104,5,00871C,
0,2,105,1,000872,
0,2,105,1,000873,
0,2,105,1,000874,
0,2,105,1,000875,
0,2,105,1,000876,
0,2,105,1,000877,
0,2,105,1,000878,
0,2,105,1,000879,
0,2,105,1,000880,
0,2,105,1,000881,
0,2,105,1,000882,
0,2,105,1,00878A,
0,2,105,1,00879A,
0,2,105,1,00880A,
0,2,105,1,00880B,
0,2,105,1,00882A,
0,2,106,1,000887,
0,2,106,1,000888,
0,2,106,1,000889,
0,2,106,1,000890,
0,2,106,1,000891,
0,2,106,1,000892,
0,2,106,1,000893,
0,2,106,1,000894,
0,2,106,1,000895,
0,2,106,1,00892A,
0,2,107,2,000901,
0,2,107,2,000902,
0,2,107,2,000903,
0,2,107,2,000904,
0,2,107,2,000905,
0,2,107,2,000906,
0,2,107,2,000907,
0,2,107,2,000908,
0,2,107,2,000909,
0,2,107,2,000910,
0,2,107,2,000911,
0,2,107,2,00901A,
0,2,107,2,00901B,
0,2,108,2,000913,
0,2,108,2,000914,
0,2,108,2,000915,
0,2,108,2,000916,
0,2,108,2,000917,
0,2,108,2,000918,
0,2,108,2,000919,
0,2,108,2,000920,
0,2,108,2,000921,
0,2,108,2,000922,
0,2,108,2,00922A,
0,2,109,3,000924,
0,2,109,3,000925,
0,2,109,3,000926,
0,2,109,3,000927,
0,2,11,3,000789,
0,2,11,3,000790,
0,2,11,3,000792,
0,2,11,3,00789A,
0,2,11,3,00789B,
0,2,11,3,00789C,
0,2,11,3,00789D,
0,2,11,3,00789E,
0,2,11,3,00790A,
0,2,11,3,00792A,
0,2,11,3,00792B,
0,2,11,3,00792C,
0,2,11,3,00792D,
0,2,110,1,000929,
0,2,110,1,000930,
0,2,110,1,000931,
0,2,110,1,00929A,
0,2,111,5,000933,
0,2,111,5,000934,
0,2,111,5,000935,
0,2,111,5,000936,
0,2,111,5,000937,
0,2,111,5,000938,
0,2,111,5,000939,
0,2,111,5,000940,
0,2,112,7,000944,
0,2,112,7,000945,
0,2,112,7,000946,
0,2,112,7,000947,
0,2,112,7,000948,
0,2,112,7,000949,
0,2,113,1,000530,
0,2,113,1,000533,
0,2,113,1,000534,
0,2,113,1,000535,
0,2,113,1,000536,
0,2,113,1,00534A,
0,2,113,1,00535A,
0,2,113,1,00536A,
0,2,114,6,000953,
0,2,114,6,000954,
0,2,114,6,000955,
0,2,114,6,000956,
0,2,114,6,00955A,
0,2,114,6,00955B,
0,2,115,4,000957,
0,2,115,4,000958,
0,2,115,4,000959,
0,2,115,4,000960,
0,2,115,4,000961,
0,2,115,4,00959A,
0,2,115,4,00961A,
0,2,115,4,00961B,
0,2,115,4,00961C,
0,2,115,4,00961D,
0,2,116,5,000951,
0,2,117,6,000964,
0,2,117,6,000968,
0,2,117,6,000969,
0,2,117,6,000970,
0,2,117,6,000972,
0,2,117,6,000973,
0,2,117,6,000974,
0,2,117,6,000975,
0,2,117,6,000976,
0,2,117,6,000977,
0,2,117,6,000978,
0,2,117,6,00973A,
0,2,117,6,00975A,
0,2,117,6,00975B,
0,2,118,1,000389,
0,2,118,1,000390,
0,2,118,1,000391,
0,2,118,1,000392,
0,2,118,1,000393,
0,2,118,1,000394,
0,2,118,1,000395,
0,2,118,1,00394A,
0,2,119,5,000337,
0,2,119,5,00337A,
0,2,119,5,00337B,
0,2,12,3,000511,
0,2,12,3,000512,
0,2,12,3,000513,
0,2,12,3,00513A,
0,2,120,6,000239,
0,2,121,7,000980,
0,2,121,7,000981,
0,2,121,7,000982,
0,2,121,7,000983,
0,2,121,7,000984,
0,2,121,7,000985,
0,2,121,7,000986,
0,2,121,7,000987,
0,2,121,7,000988,
0,2,121,7,000989,
0,2,121,7,000990,
0,2,121,7,000991,
0,2,122,1,000993,
0,2,122,1,000994,
0,2,122,1,000995,
0,2,122,1,000996,
0,2,122,1,000997,
0,2,122,1,000998,
0,2,122,1,000999,
0,2,122,1,001000,
0,2,122,1,001001,
0,2,123,5,000344,
0,2,124,6,001007,
0,2,124,6,001008,
0,2,124,6,001009,
0,2,124,6,001010,
0,2,124,6,001011,
0,2,124,6,01011A,
0,2,125,2,001013,
0,2,125,2,001014,
0,2,125,2,001015,
0,2,125,2,001016,
0,2,125,2,001017,
0,2,125,2,001018,
0,2,125,2,001019,
0,2,125,2,001020,
0,2,125,2,001021,
0,2,125,2,01013A,
0,2,126,6,000744,
0,2,126,6,000745,
0,2,127,4,000361,
0,2,127,4,000362,
0,2,127,4,00361A,
0,2,128,3,000304,
0,2,128,3,00304A,
0,2,128,3,00304B,
0,2,128,3,00304C,
0,2,129,1,000398,
0,2,129,1,00398A,
0,2,129,1,00398B,
0,2,13,7,000125,
0,2,13,7,000127,
0,2,13,7,000128,
0,2,13,7,000129,
0,2,13,7,000130,
0,2,13,7,000131,
0,2,13,7,000132,
0,2,13,7,000133,
0,2,13,7,00125A,
0,2,13,7,00131A,
0,2,130,1,000399,
0,2,130,1,00399A,
0,2,130,1,00399B,
0,2,130,1,00399C,
0,2,130,1,00399D,
0,2,130,1,00399E,
0,2,130,1,00399F,
0,2,130,1,00399G,
0,2,131,3,000611,
0,2,131,3,000612,
0,2,131,3,000613,
0,2,131,3,00613A,
0,2,131,3,00613B,
0,2,132,3,000289,
0,2,132,3,000290,
0,2,132,3,00290A,
0,2,132,3,00290B,
0,2,133,1,000666,
0,2,133,1,000667,
0,2,133,1,00666A,
0,2,134,1,000668,
0,2,134,1,00668A,
0,2,134,1,00668B,
0,2,135,5,00207L,
0,2,14,4,000136,
0,2,14,4,000137,
0,2,14,4,000138,
0,2,14,4,000139,
0,2,14,4,000140,
0,2,14,4,000141,
0,2,14,4,000142,
0,2,14,4,000143,
0,2,14,4,000144,
0,2,14,4,000145,
0,2,15,3,000148,
0,2,15,3,000149,
0,2,15,3,000150,
0,2,15,3,000151,
0,2,15,3,000152,
0,2,15,3,000153,
0,2,15,3,00153A,
0,2,16,1,000155,
0,2,16,1,000156,
0,2,16,1,00155A,
0,2,16,1,00156A,
0,2,16,1,00156B,
0,2,17,3,000157,
0,2,17,3,000158,
0,2,17,3,000159,
0,2,17,3,000160,
0,2,17,3,000161,
0,2,17,3,000162,
0,2,17,3,00158A,
0,2,17,3,00158B,
0,2,18,2,000121,
0,2,18,2,000122,
0,2,19,4,000164,
0,2,19,4,000165,
0,2,19,4,000166,
0,2,19,4,000167,
0,2,19,4,00164A,
0,2,19,4,00165A,
0,2,19,4,00165B,
0,2,19,4,00166A,
0,2,19,4,00167A,
0,2,2,4,000010,
0,2,2,4,000011,
0,2,2,4,000012,
0,2,2,4,000013,
0,2,2,4,000014,
0,2,2,4,000015,
0,2,20,4,000169,
0,2,20,4,000170,
0,2,20,4,000171,
0,2,20,4,000172,
0,2,20,4,000173,
0,2,20,4,00171A,
0,2,21,2,000175,
0,2,21,2,000176,
0,2,21,2,000177,
0,2,22,6,000729,
0,2,22,6,000730,
0,2,22,6,000731,
0,2,22,6,000732,
0,2,22,6,000733,
0,2,22,6,00731A,
0,2,23,5,000185,
0,2,23,5,000186,
0,2,23,5,000187,
0,2,24,2,000230,
0,2,24,2,000231,
0,2,24,2,00230A,
0,2,24,2,00231A,
0,2,25,6,000232,
0,2,25,6,000233,
0,2,25,6,000234,
0,2,25,6,000235,
0,2,25,6,000236,
0,2,25,6,000237,
0,2,25,6,000238,
0,2,25,6,00232A,
0,2,25,6,00236A,
0,2,25,6,00237A,
0,2,26,6,000240,
0,2,26,6,000241,
0,2,26,6,000242,
0,2,26,6,000243,
0,2,26,6,000244,
0,2,26,6,000245,
0,2,26,6,000246,
0,2,27,6,000248,
0,2,27,6,000249,
0,2,27,6,00248A,
0,2,27,6,00248B,
0,2,27,6,00248C,
0,2,27,6,00248D,
0,2,27,6,00248E,
0,2,27,6,00248F,
0,2,27,6,00249A,
0,2,27,6,00249B,
0,2,28,6,000252,
0,2,28,6,000253,
0,2,28,6,000254,
0,2,28,6,000255,
0,2,28,6,000256,
0,2,28,6,000257,
0,2,28,6,000258,
0,2,28,6,00255A,
0,2,28,6,00256A,
0,2,28,6,00258A,
0,2,28,6,00258B,
0,2,28,6,00258C,
0,2,29,4,000189,
0,2,29,4,000190,
0,2,29,4,000191,
0,2,29,4,000192,
0,2,29,4,000193,
0,2,29,4,000194,
0,2,29,4,000195,
0,2,29,4,000196,
0,2,29,4,000197,
0,2,29,4,000198,
0,2,29,4,00196A,
0,2,3,3,000017,
0,2,3,3,000018,
0,2,3,3,000019,
0,2,3,3,000020,
0,2,3,3,000021,
0,2,3,3,000022,
0,2,3,3,00018A,
0,2,3,3,00020A,
0,2,3,3,00021A,
0,2,3,3,00022A,
0,2,3,3,00022B,
0,2,30,5,000201,
0,2,30,5,000202,
0,2,30,5,000203,
0,2,30,5,000204,
0,2,30,5,000205,
0,2,30,5,000206,
0,2,30,5,000208,
0,2,30,5,000209,
0,2,31,4,000211,
0,2,31,4,000212,
0,2,31,4,000213,
0,2,31,4,000214,
0,2,31,4,000215,
0,2,31,4,000216,
0,2,31,4,000217,
0,2,31,4,000218,
0,2,31,4,000219,
0,2,31,4,000220,
0,2,31,4,000221,
0,2,31,4,000222,
0,2,31,4,000223,
0,2,31,4,000224,
0,2,31,4,000225,
0,2,31,4,000226,
0,2,32,6,000179,
0,2,32,6,000180,
0,2,32,6,000181,
0,2,32,6,000182,
0,2,32,6,000183,
0,2,33,5,000282,
0,2,33,5,000283,
0,2,33,5,000284,
0,2,33,5,000285,
0,2,34,3,000490,
0,2,34,3,000491,
0,2,34,3,000492,
0,2,34,3,00491A,
0,2,35,1,000773,
0,2,35,1,000774,
0,2,35,1,000775,
0,2,35,1,00773A,
0,2,35,1,00773B,
0,2,35,1,00775A,
0,2,36,3,000286,
0,2,36,3,000287,
0,2,36,3,000288,
0,2,36,3,000291,
0,2,36,3,00286A,
0,2,36,3,00287A,
0,2,36,3,00287B,
0,2,36,3,00287C,
0,2,36,3,00287D,
0,2,36,3,00288A,
0,2,36,3,00288B,
0,2,36,3,00291A,
0,2,37,2,000292,
0,2,37,2,000293,
0,2,37,2,000294,
0,2,37,2,000295,
0,2,37,2,000296,
0,2,37,2,000297,
0,2,37,2,000298,
0,2,38,3,000302,
0,2,38,3,000303,
0,2,38,3,00302A,
0,2,38,3,00302B,
0,2,38,3,00302C,
0,2,38,3,00302D,
0,2,38,3,00302E,
0,2,38,3,00302F,
0,2,38,3,00303A,
0,2,38,3,00303B,
0,2,39,5,000305,
0,2,39,5,000306,
0,2,39,5,000307,
0,2,39,5,000308,
0,2,39,5,000309,
0,2,4,3,000023,
0,2,4,3,000024,
0,2,4,3,000025,
0,2,4,3,000026,
0,2,4,3,000027,
0,2,4,3,000030,
0,2,4,3,000031,
0,2,4,3,000032,
0,2,4,3,000033,
0,2,4,3,000034,
0,2,4,3,000037,
0,2,4,3,000038,
0,2,4,3,000039,
0,2,4,3,000040,
0,2,40,7,000310,
0,2,40,7,000311,
0,2,40,7,000312,
0,2,40,7,000313,
0,2,41,4,000314,
0,2,41,4,000315,
0,2,41,4,000316,
0,2,41,4,000317,
0,2,41,4,000318,
0,2,41,4,00314A,
0,2,41,4,00316A,
0,2,42,5,000320,
0,2,42,5,000321,
0,2,42,5,000322,
0,2,42,5,000323,
0,2,42,5,000324,
0,2,43,5,000326,
0,2,43,5,000327,
0,2,43,5,000328,
0,2,44,6,000330,
0,2,44,6,000331,
0,2,44,6,000332,
0,2,44,6,000333,
0,2,44,6,000334,
0,2,44,6,000335,
0,2,44,6,000336,
0,2,45,1,000547,
0,2,45,1,000548,
0,2,45,1,00548A,
0,2,45,1,00548B,
0,2,46,5,000338,
0,2,46,5,00338A,
0,2,46,5,00338B,
0,2,47,5,000340,
0,2,47,5,000341,
0,2,47,5,000342,
0,2,47,5,000343,
0,2,48,5,000345,
0,2,48,5,000347,
0,2,48,5,000348,
0,2,48,5,000349,
0,2,48,5,000350,
0,2,48,5,000351,
0,2,48,5,000352,
0,2,49,4,000354,
0,2,49,4,000356,
0,2,49,4,000357,
0,2,49,4,000358,
0,2,49,4,000359,
0,2,49,4,000360,
0,2,5,5,000046,
0,2,5,5,000049,
0,2,5,5,000050,
0,2,5,5,000051,
0,2,5,5,000052,
0,2,5,5,000054,
0,2,5,5,000055,
0,2,5,5,000056,
0,2,5,5,000057,
0,2,50,5,000364,
0,2,50,5,000365,
0,2,50,5,000366,
0,2,50,5,000367,
0,2,50,5,000368,
0,2,50,5,000369,
0,2,50,5,000370,
0,2,50,5,00366A,
0,2,51,1,000374,
0,2,52,1,000376,
0,2,52,1,000377,
0,2,52,1,000378,
0,2,52,1,000379,
0,2,52,1,000380,
0,2,52,1,000381,
0,2,52,1,000382,
0,2,52,1,000383,
0,2,52,1,000384,
0,2,52,1,000388,
0,2,52,1,00377A,
0,2,53,1,000397,
0,2,53,1,000400,
0,2,53,1,000401,
0,2,53,1,000402,
0,2,53,1,00397A,
0,2,53,1,00397B,
0,2,53,1,00397C,
0,2,53,1,00401A,
0,2,54,4,000404,
0,2,54,4,000405,
0,2,54,4,000406,
0,2,54,4,000407,
0,2,54,4,000408,
0,2,54,4,000409,
0,2,54,4,000410,
0,2,55,4,000411,
0,2,55,4,000412,
0,2,55,4,000413,
0,2,55,4,000414,
0,2,55,4,000415,
0,2,55,4,000416,
0,2,55,4,000417,
0,2,55,4,000418,
0,2,55,4,000419,
0,2,55,4,000420,
0,2,55,4,000421,
0,2,55,4,000422,
0,2,56,6,000424,
0,2,56,6,000427,
0,2,56,6,000428,
0,2,57,6,000430,
0,2,57,6,000431,
0,2,57,6,000432,
0,2,57,6,000433,
0,2,57,6,000434,
0,2,58,4,000742,
0,2,58,4,00742A,
0,2,58,4,00742B,
0,2,59,6,000436,
0,2,59,6,000437,
0,2,59,6,000438,
0,2,59,6,000439,
0,2,59,6,000440,
0,2,59,6,000441,
0,2,59,6,000442,
0,2,6,7,000060,
0,2,6,7,000061,
0,2,6,7,000062,
0,2,6,7,000063,
0,2,6,7,000064,
0,2,6,7,000065,
0,2,6,7,000066,
0,2,6,7,000067,
0,2,6,7,000068,
0,2,6,7,00062A,
0,2,6,7,00062B,
0,2,60,4,000444,
0,2,60,4,000445,
0,2,60,4,000446,
0,2,60,4,000447,
0,2,60,4,000448,
0,2,60,4,000449,
0,2,60,4,000450,
0,2,60,4,000451,
0,2,60,4,000452,
0,2,60,4,000453,
0,2,60,4,000454,
0,2,60,4,000455,
0,2,60,4,000456,
0,2,61,3,000626,
0,2,61,3,000627,
0,2,61,3,000628,
0,2,61,3,000629,
0,2,61,3,000630,
0,2,61,3,000631,
0,2,61,3,000632,
0,2,61,3,000633,
0,2,61,3,000634,
0,2,61,3,000635,
0,2,61,3,00626A,
0,2,61,3,00629A,
0,2,61,3,00629B,
0,2,61,3,00631A,
0,2,61,3,00631B,
0,2,61,3,00631C,
0,2,61,3,00631D,
0,2,61,3,00632A,
0,2,61,3,00632B,
0,2,61,3,00635A,
0,2,61,3,00635B,
0,2,61,3,00635C,
0,2,61,3,00635D,
0,2,61,3,00635E,
0,2,61,3,00635F,
0,2,62,3,000259,
0,2,62,3,000260,
0,2,62,3,000261,
0,2,62,3,000262,
0,2,62,3,000263,
0,2,62,3,000264,
0,2,62,3,000265,
0,2,62,3,000271,
0,2,62,3,000272,
0,2,62,3,000273,
0,2,62,3,000274,
0,2,62,3,000275,
0,2,62,3,000276,
0,2,63,8,000460,
0,2,63,8,000461,
0,2,63,8,000462,
0,2,63,8,000463,
0,2,63,8,000464,
0,2,63,8,000465,
0,2,63,8,000466,
0,2,63,8,000467,
0,2,63,8,000468,
0,2,63,8,000469,
0,2,63,8,000471,
0,2,63,8,000472,
0,2,63,8,000473,
0,2,63,8,000474,
0,2,63,8,000475,
0,2,63,8,000476,
0,2,63,8,000477,
0,2,63,8,000480,
0,2,63,8,000481,
0,2,63,8,000482,
0,2,63,8,000483,
0,2,63,8,000484,
0,2,63,8,000485,
0,2,63,8,000486,
0,2,63,8,000487,
0,2,63,8,000488,
0,2,63,8,000493,
0,2,63,8,000495,
0,2,63,8,000496,
0,2,63,8,000497,
0,2,63,8,000498,
0,2,63,8,000501,
0,2,63,8,000502,
0,2,63,8,000503,
0,2,63,8,000504,
0,2,63,8,000505,
0,2,63,8,000508,
0,2,63,8,000509,
0,2,63,8,000516,
0,2,63,8,000517,
0,2,63,8,000518,
0,2,63,8,000519,
0,2,63,8,000520,
0,2,63,8,000521,
0,2,63,8,00496A,
0,2,63,8,00496B,
0,2,63,8,00496C,
0,2,63,8,00496D,
0,2,63,8,00496E,
0,2,63,8,00496F,
0,2,63,8,00497A,
0,2,63,8,00497B,
0,2,63,8,00497C,
0,2,63,8,00497D,
0,2,63,8,00497E,
0,2,63,8,00497F,
0,2,63,8,00503A,
0,2,63,8,00504A,
0,2,63,8,00505A,
0,2,63,8,00505B,
0,2,63,8,00508A,
0,2,63,8,00508B,
0,2,63,8,00508C,
0,2,63,8,00508D,
0,2,63,8,00508E,
0,2,63,8,00508F,
0,2,63,8,00508G,
0,2,63,8,00509A,
0,2,64,6,000524,
0,2,64,6,000525,
0,2,64,6,000526,
0,2,64,6,000527,
0,2,64,6,000528,
0,2,65,5,000538,
0,2,65,5,000539,
0,2,65,5,000540,
0,2,65,5,000541,
0,2,65,5,000542,
0,2,65,5,000543,
0,2,65,5,000544,
0,2,65,5,000545,
0,2,66,4,000549,
0,2,66,4,000550,
0,2,66,4,000551,
0,2,66,4,000552,
0,2,66,4,000553,
0,2,67,4,000554,
0,2,67,4,000555,
0,2,67,4,000557,
0,2,67,4,000558,
0,2,67,4,000559,
0,2,67,4,000560,
0,2,67,4,000561,
0,2,67,4,000562,
0,2,67,4,000563,
0,2,67,4,000564,
0,2,67,4,000565,
0,2,67,4,000566,
0,2,67,4,000567,
0,2,67,4,00567A,
0,2,68,5,000568,
0,2,68,5,000569,
0,2,68,5,000570,
0,2,68,5,000571,
0,2,68,5,000572,
0,2,68,5,00568A,
0,2,68,5,00569A,
0,2,69,3,000574,
0,2,69,3,000575,
0,2,69,3,000576,
0,2,69,3,000577,
0,2,69,3,000578,
0,2,69,3,000579,
0,2,69,3,000580,
0,2,69,3,000581,
0,2,69,3,00576A,
0,2,7,6,000072,
0,2,7,6,000073,
0,2,7,6,000074,
0,2,7,6,000075,
0,2,7,6,000076,
0,2,7,6,000077,
0,2,7,6,000078,
0,2,7,6,000079,
0,2,7,6,000080,
0,2,7,6,000083,
0,2,7,6,000084,
0,2,7,6,000085,
0,2,7,6,000086,
0,2,7,6,000087,
0,2,7,6,000088,
0,2,7,6,000089,
0,2,7,6,000090,
0,2,7,6,000091,
0,2,7,6,000092,
0,2,7,6,000093,
0,2,70,3,000583,
0,2,70,3,000584,
0,2,70,3,000585,
0,2,70,3,000586,
0,2,70,3,000587,
0,2,70,3,000588,
0,2,70,3,000589,
0,2,70,3,000590,
0,2,70,3,000591,
0,2,70,3,000592,
0,2,70,3,000593,
0,2,70,3,00590A,
0,2,70,3,00593A,
0,2,71,1,000596,
0,2,71,1,000597,
0,2,71,1,000598,
0,2,71,1,000599,
0,2,71,1,000600,
0,2,71,1,000601,
0,2,71,1,000602,
0,2,71,1,000603,
0,2,72,3,000604,
0,2,72,3,000605,
0,2,72,3,000606,
0,2,72,3,000607,
0,2,72,3,000608,
0,2,72,3,000609,
0,2,72,3,000610,
0,2,73,5,000615,
0,2,73,5,000616,
0,2,73,5,000617,
0,2,73,5,00617A,
0,2,74,5,000619,
0,2,74,5,000620,
0,2,74,5,000621,
0,2,74,5,000622,
0,2,74,5,00621A,
0,2,74,5,00622A,
0,2,74,5,00622B,
0,2,75,1,000624,
0,2,75,1,00624A,
0,2,76,1,000638,
0,2,76,1,000639,
0,2,76,1,000640,
0,2,76,1,000641,
0,2,76,1,000642,
0,2,76,1,000643,
0,2,76,1,000644,
0,2,76,1,000645,
0,2,76,1,000646,
0,2,76,1,000647,
0,2,76,1,000648,
0,2,77,1,000652,
0,2,77,1,000653,
0,2,77,1,000654,
0,2,77,1,000655,
0,2,77,1,00652A,
0,2,77,1,00655A,
0,2,78,5,000656,
0,2,78,5,000657,
0,2,78,5,000658,
0,2,78,5,000659,
0,2,78,5,000660,
0,2,78,5,000661,
0,2,78,5,000662,
0,2,79,1,000663,
0,2,79,1,000664,
0,2,79,1,00663A,
0,2,79,1,00663B,
0,2,79,1,00663C,
0,2,79,1,00663D,
0,2,79,1,00664A,
0,2,79,1,00664B,
0,2,8,5,000098,
0,2,8,5,000099,
0,2,8,5,000100,
0,2,8,5,000101,
0,2,8,5,000102,
0,2,8,5,000103,
0,2,8,5,000104,
0,2,8,5,00103A,
0,2,80,1,000665,
0,2,80,1,000669,
0,2,80,1,000670,
0,2,80,1,000671,
0,2,80,1,000672,
0,2,80,1,000673,
0,2,81,1,000675,
0,2,81,1,000676,
0,2,81,1,000677,
0,2,81,1,000678,
0,2,81,1,000679,
0,2,81,1,000681,
0,2,81,1,000682,
0,2,81,1,000683,
0,2,81,1,00681A,
0,2,82,5,000686,
0,2,82,5,000687,
0,2,82,5,000688,
0,2,82,5,000689,
0,2,82,5,000691,
0,2,82,5,000692,
0,2,82,5,00686A,
0,2,82,5,00691A,
0,2,83,4,000696,
0,2,83,4,000697,
0,2,83,4,000698,
0,2,83,4,000699,
0,2,83,4,000700,
0,2,83,4,000701,
0,2,83,4,000703,
0,2,83,4,000704,
0,2,83,4,000705,
0,2,83,4,000706,
0,2,83,4,000707,
0,2,83,4,000708,
0,2,83,4,000709,
0,2,83,4,00701A,
0,2,83,4,00705A,
0,2,84,7,000711,
0,2,84,7,000712,
0,2,84,7,000714,
0,2,84,7,000715,
0,2,84,7,000716,
0,2,84,7,000717,
0,2,84,7,000718,
0,2,84,7,000719,
0,2,84,7,000720,
0,2,84,7,000721,
0,2,84,7,000722,
0,2,84,7,000723,
0,2,84,7,000724,
0,2,84,7,000725,
0,2,84,7,000726,
0,2,84,7,00711A,
0,2,84,7,00711B,
0,2,84,7,00711C,
0,2,84,7,00711D,
0,2,84,7,00711E,
0,2,84,7,00723A,
0,2,85,4,000734,
0,2,85,4,000736,
0,2,85,4,000738,
0,2,85,4,000739,
0,2,85,4,000740,
0,2,85,4,000741,
0,2,85,4,00734A,
0,2,85,4,00738A,
0,2,86,6,000743,
0,2,87,2,000747,
0,2,87,2,000748,
0,2,87,2,000749,
0,2,87,2,000750,
0,2,87,2,000751,
0,2,87,2,000752,
0,2,87,2,000753,
0,2,87,2,000754,
0,2,87,2,000755,
0,2,87,2,000756,
0,2,87,2,000757,
0,2,87,2,000758,
0,2,87,2,000759,
0,2,87,2,00747A,
0,2,87,2,00753A,
0,2,87,2,00754A,
0,2,88,5,000765,
0,2,88,5,000766,
0,2,88,5,00765A,
0,2,89,1,000768,
0,2,89,1,000769,
0,2,89,1,000770,
0,2,89,1,000771,
0,2,89,1,000772,
0,2,89,1,00770A,
0,2,9,2,000105,
0,2,9,2,000106,
0,2,9,2,000107,
0,2,9,2,000108,
0,2,9,2,000109,
0,2,9,2,000110,
0,2,9,2,000111,
0,2,9,2,000113,
0,2,9,2,000114,
0,2,90,5,000339,
0,2,91,6,000776,
0,2,91,6,000777,
0,2,91,6,000778,
0,2,91,6,000779,
0,2,91,6,000780,
0,2,91,6,000781,
0,2,91,6,000782,
0,2,91,6,00777A,
0,2,92,3,000783,
0,2,92,3,000784,
0,2,92,3,000785,
0,2,92,3,000786,
0,2,92,3,000787,
0,2,92,3,000788,
0,2,92,3,000791,
0,2,92,3,00783A,
0,2,92,3,00785A,
0,2,92,3,00785B,
0,2,92,3,00786A,
0,2,92,3,00787A,
0,2,92,3,00788A,
0,2,92,3,00788B,
0,2,92,3,00788C,
0,2,92,3,00791A,
0,2,92,3,00791B,
0,2,93,2,000797,
0,2,93,2,000798,
0,2,93,2,000800,
0,2,93,2,000801,
0,2,93,2,000802,
0,2,93,2,000803,
0,2,93,2,000804,
0,2,94,5,000806,
0,2,94,5,000807,
0,2,94,5,000808,
0,2,94,5,000809,
0,2,94,5,000810,
0,2,94,5,000811,
0,2,94,5,000812,
0,2,94,5,000813,
0,2,95,4,000815,
0,2,95,4,000816,
0,2,95,4,000817,
0,2,95,4,000818,
0,2,95,4,000819,
0,2,95,4,000820,
0,2,95,4,000821,
0,2,96,2,000823,
0,2,96,2,000824,
0,2,96,2,000825,
0,2,96,2,000826,
0,2,96,2,000827,
0,2,96,2,000828,
0,2,96,2,000829,
0,2,96,2,000830,
0,2,97,7,000832,
0,2,97,7,000833,
0,2,97,7,000834,
0,2,97,7,000835,
0,2,97,7,000836,
0,2,97,7,000837,
0,2,98,6,000839,
0,2,98,6,000840,
0,2,98,6,000841,
0,2,98,6,000842,
0,2,98,6,000843,
0,2,98,6,000844,
0,2,99,7,000846,
0,2,99,7,000847,
0,2,99,7,000848,
0,2,99,7,000849,
0,2,99,7,000850,
0,2,99,7,000851,
0,2,99,7,000852,
0,2,99,7,00849A,
0,20,1,0,000001,
0,20,1,0,000002,
0,20,1,0,000003,
0,20,1,0,000004,
0,20,1,0,000005,
0,20,1,0,000006,
0,20,1,0,00001A,
0,20,1,0,00004A,
0,20,1,0,00005A,
0,20,1,0,00006A,
0,20,2,0,000008,
0,20,2,0,000009,
0,20,2,0,00008A,
0,20,3,0,000010,
0,20,3,0,000011,
0,20,4,0,000013,
0,20,4,0,00012A,
0,20,4,0,00012B,
0,20,4,0,00013A,
0,20,5,0,000014,
0,20,5,0,000015,
0,20,5,0,00014A,
0,20,5,0,00015A,
0,20,6,0,000016,
0,20,6,0,000017,
0,20,6,0,00016A,
0,20,7,0,000018,
0,20,7,0,000019,
0,20,7,0,000020,
0,20,7,0,000021,
0,20,7,0,00021A,
0,20,7,0,00021B,
0,21,1,0,000402,
0,21,1,0,000403,
0,21,1,0,000405,
0,21,1,0,000406,
0,21,1,0,00404A,
0,21,1,0,00404B,
0,21,10,0,000020,
0,21,10,0,000022,
0,21,10,0,000023,
0,21,10,0,000024,
0,21,10,0,000025,
0,21,10,0,000026,
0,21,10,0,000027,
0,21,10,0,000029,
0,21,10,0,000030,
0,21,10,0,000031,
0,21,10,0,000033,
0,21,10,0,000037,
0,21,10,0,000039,
0,21,10,0,000040,
0,21,10,0,00020A,
0,21,10,0,00020B,
0,21,11,0,000041,
0,21,11,0,000042,
0,21,11,0,000043,
0,21,11,0,000044,
0,21,11,0,000045,
0,21,11,0,000046,
0,21,11,0,000047,
0,21,11,0,000048,
0,21,11,0,000049,
0,21,11,0,000050,
0,21,11,0,000051,
0,21,11,0,000052,
0,21,11,0,000053,
0,21,11,0,000054,
0,21,11,0,000055,
0,21,11,0,000056,
0,21,11,0,000057,
0,21,11,0,000058,
0,21,11,0,000059,
0,21,11,0,000060,
0,21,11,0,000061,
0,21,11,0,000062,
0,21,11,0,000063,
0,21,11,0,000064,
0,21,11,0,000065,
0,21,11,0,000066,
0,21,11,0,000067,
0,21,11,0,000068,
0,21,11,0,000069,
0,21,11,0,000070,
0,21,11,0,000071,
0,21,11,0,000072,
0,21,11,0,000073,
0,21,11,0,000074,
0,21,11,0,000075,
0,21,11,0,000076,
0,21,11,0,000077,
0,21,11,0,00055A,
0,21,11,0,00055B,
0,21,11,0,00055C,
0,21,11,0,00055D,
0,21,12,0,000283,
0,21,12,0,000284,
0,21,12,0,000285,
0,21,12,0,000286,
0,21,12,0,000287,
0,21,12,0,000289,
0,21,12,0,000290,
0,21,12,0,000291,
0,21,12,0,000292,
0,21,12,0,000293,
0,21,12,0,000294,
0,21,12,0,00285A,
0,21,12,0,00285B,
0,21,13,0,000301,
0,21,13,0,000302,
0,21,13,0,000303,
0,21,13,0,000304,
0,21,13,0,000305,
0,21,13,0,000306,
0,21,13,0,000307,
0,21,13,0,000308,
0,21,13,0,000309,
0,21,13,0,000310,
0,21,13,0,000311,
0,21,13,0,000312,
0,21,13,0,000313,
0,21,13,0,000314,
0,21,13,0,000315,
0,21,13,0,000316,
0,21,13,0,000317,
0,21,13,0,000318,
0,21,13,0,000319,
0,21,13,0,000320,
0,21,13,0,000321,
0,21,13,0,000322,
0,21,13,0,000323,
0,21,13,0,000324,
0,21,13,0,000325,
0,21,13,0,000326,
0,21,13,0,000327,
0,21,13,0,000328,
0,21,13,0,000329,
0,21,13,0,000330,
0,21,13,0,000331,
0,21,13,0,000332,
0,21,13,0,000333,
0,21,13,0,000334,
0,21,13,0,000335,
0,21,13,0,000336,
0,21,13,0,000337,
0,21,13,0,000338,
0,21,13,0,000339,
0,21,13,0,000340,
0,21,14,0,000342,
0,21,14,0,000344,
0,21,14,0,000347,
0,21,14,0,000348,
0,21,14,0,000349,
0,21,14,0,000353,
0,21,14,0,000354,
0,21,14,0,000358,
0,21,14,0,000359,
0,21,14,0,00342A,
0,21,14,0,00342B,
0,21,14,0,00344A,
0,21,14,0,00347A,
0,21,14,0,00349A,
0,21,14,0,00349B,
0,21,14,0,00349C,
0,21,14,0,00349D,
0,21,14,0,00353A,
0,21,14,0,00354A,
0,21,14,0,00359A,
0,21,15,0,000341,
0,21,15,0,000343,
0,21,15,0,000345,
0,21,15,0,000350,
0,21,15,0,000351,
0,21,15,0,000352,
0,21,15,0,000355,
0,21,15,0,000356,
0,21,15,0,000357,
0,21,15,0,000360,
0,21,15,0,000363,
0,21,15,0,00341A,
0,21,15,0,00341B,
0,21,15,0,00343A,
0,21,15,0,00345A,
0,21,15,0,00350A,
0,21,15,0,00351A,
0,21,15,0,00355A,
0,21,15,0,00356A,
0,21,15,0,00360A,
0,21,15,0,00362A,
0,21,15,0,00362B,
0,21,15,0,00362C,
0,21,15,0,00362D,
0,21,16,0,000174,
0,21,16,0,000175,
0,21,16,0,000176,
0,21,16,0,000177,
0,21,16,0,000178,
0,21,16,0,000179,
0,21,16,0,000180,
0,21,16,0,000181,
0,21,16,0,000182,
0,21,16,0,000183,
0,21,16,0,000184,
0,21,16,0,000185,
0,21,16,0,000186,
0,21,16,0,000187,
0,21,16,0,000188,
0,21,16,0,000189,
0,21,16,0,000191,
0,21,16,0,000192,
0,21,16,0,000193,
0,21,16,0,000194,
0,21,16,0,000195,
0,21,16,0,000196,
0,21,16,0,000197,
0,21,16,0,000198,
0,21,16,0,000199,
0,21,16,0,000200,
0,21,16,0,000201,
0,21,16,0,000202,
0,21,16,0,000203,
0,21,16,0,000204,
0,21,16,0,000205,
0,21,16,0,00181A,
0,21,16,0,00196A,
0,21,16,0,00196B,
0,21,17,0,000274,
0,21,17,0,000275,
0,21,17,0,000276,
0,21,17,0,000277,
0,21,17,0,000278,
0,21,17,0,000279,
0,21,17,0,000280,
0,21,17,0,000281,
0,21,17,0,00275A,
0,21,17,0,00276A,
0,21,17,0,00276B,
0,21,17,0,00277A,
0,21,17,0,00277B,
0,21,18,0,000079,
0,21,18,0,000080,
0,21,18,0,000081,
0,21,18,0,000082,
0,21,18,0,000083,
0,21,18,0,000084,
0,21,18,0,000085,
0,21,18,0,000086,
0,21,18,0,000087,
0,21,18,0,000088,
0,21,18,0,000089,
0,21,18,0,000091,
0,21,18,0,000092,
0,21,18,0,000093,
0,21,18,0,000094,
0,21,18,0,000095,
0,21,18,0,000096,
0,21,18,0,000097,
0,21,18,0,000098,
0,21,18,0,000100,
0,21,18,0,000101,
0,21,18,0,00085A,
0,21,18,0,00096A,
0,21,19,0,000207,
0,21,19,0,000208,
0,21,19,0,000209,
0,21,19,0,000210,
0,21,19,0,000211,
0,21,19,0,000212,
0,21,19,0,000213,
0,21,19,0,000214,
0,21,19,0,000215,
0,21,19,0,000216,
0,21,19,0,000217,
0,21,19,0,000218,
0,21,19,0,000219,
0,21,19,0,00208A,
0,21,19,0,00208B,
0,21,19,0,00208C,
0,21,19,0,00210A,
0,21,19,0,00212A,
0,21,19,0,00214A,
0,21,19,0,00215A,
0,21,19,0,00216A,
0,21,2,0,000364,
0,21,2,0,000365,
0,21,2,0,000366,
0,21,2,0,000367,
0,21,2,0,000369,
0,21,2,0,000370,
0,21,2,0,000371,
0,21,2,0,000372,
0,21,2,0,000373,
0,21,2,0,000374,
0,21,2,0,000375,
0,21,2,0,000376,
0,21,2,0,00368A,
0,21,2,0,00368B,
0,21,2,0,00368C,
0,21,2,0,00368D,
0,21,2,0,00375A,
0,21,20,0,000416,
0,21,20,0,000417,
0,21,20,0,000419,
0,21,20,0,000420,
0,21,20,0,000421,
0,21,20,0,000422,
0,21,20,0,000423,
0,21,20,0,000424,
0,21,20,0,00417A,
0,21,20,0,00417B,
0,21,20,0,00418A,
0,21,20,0,00418B,
0,21,20,0,00420A,
0,21,20,0,00422A,
0,21,20,0,00422B,
0,21,20,0,00425A,
0,21,20,0,00425B,
0,21,21,0,000153,
0,21,21,0,000154,
0,21,21,0,000155,
0,21,21,0,000156,
0,21,21,0,000157,
0,21,21,0,000158,
0,21,21,0,000159,
0,21,21,0,000160,
0,21,21,0,000161,
0,21,21,0,000162,
0,21,21,0,000163,
0,21,21,0,000164,
0,21,21,0,000165,
0,21,21,0,000166,
0,21,21,0,000167,
0,21,21,0,000168,
0,21,21,0,000169,
0,21,22,0,000251,
0,21,22,0,000252,
0,21,22,0,000253,
0,21,22,0,000254,
0,21,22,0,000255,
0,21,22,0,000256,
0,21,22,0,000257,
0,21,22,0,000258,
0,21,22,0,000259,
0,21,22,0,000260,
0,21,22,0,000261,
0,21,22,0,000262,
0,21,22,0,000263,
0,21,22,0,000264,
0,21,22,0,000267,
0,21,22,0,000268,
0,21,22,0,000269,
0,21,22,0,000270,
0,21,22,0,000271,
0,21,22,0,00254A,
0,21,22,0,00256A,
0,21,22,0,00268A,
0,21,22,0,00268B,
0,21,3,0,000111,
0,21,3,0,000112,
0,21,3,0,000113,
0,21,3,0,000114,
0,21,3,0,000115,
0,21,3,0,000116,
0,21,3,0,000117,
0,21,3,0,000118,
0,21,3,0,000119,
0,21,3,0,000120,
0,21,3,0,000121,
0,21,3,0,000122,
0,21,3,0,000123,
0,21,3,0,000124,
0,21,3,0,000125,
0,21,3,0,000126,
0,21,3,0,000127,
0,21,3,0,000129,
0,21,3,0,000130,
0,21,3,0,000131,
0,21,3,0,000132,
0,21,3,0,000133,
0,21,3,0,000134,
0,21,3,0,000135,
0,21,3,0,000136,
0,21,3,0,000137,
0,21,3,0,000138,
0,21,3,0,000139,
0,21,3,0,000140,
0,21,3,0,000141,
0,21,3,0,000142,
0,21,3,0,000143,
0,21,3,0,000144,
0,21,3,0,000145,
0,21,3,0,000147,
0,21,3,0,000148,
0,21,3,0,000149,
0,21,3,0,000150,
0,21,3,0,000151,
0,21,3,0,000152,
0,21,3,0,00120A,
0,21,3,0,00120B,
0,21,3,0,00128A,
0,21,3,0,00128B,
0,21,3,0,00128C,
0,21,3,0,00128D,
0,21,3,0,00134A,
0,21,3,0,00136A,
0,21,4,0,000378,
0,21,4,0,000380,
0,21,4,0,000381,
0,21,4,0,000382,
0,21,4,0,000383,
0,21,4,0,000384,
0,21,4,0,00377A,
0,21,4,0,00377B,
0,21,4,0,00377C,
0,21,4,0,00378A,
0,21,4,0,00378B,
0,21,4,0,00378C,
0,21,4,0,00378D,
0,21,4,0,00379A,
0,21,4,0,00379B,
0,21,4,0,00379C,
0,21,4,0,00384A,
0,21,4,0,00384B,
0,21,4,0,00384C,
0,21,5,0,000104,
0,21,5,0,000105,
0,21,5,0,000106,
0,21,5,0,000107,
0,21,5,0,000108,
0,21,5,0,000109,
0,21,5,0,000110,
0,21,5,0,00106A,
0,21,5,0,00106B,
0,21,6,0,000386,
0,21,6,0,000387,
0,21,6,0,000389,
0,21,6,0,000391,
0,21,6,0,000392,
0,21,6,0,000393,
0,21,6,0,000394,
0,21,6,0,000396,
0,21,6,0,000397,
0,21,6,0,000398,
0,21,6,0,000399,
0,21,6,0,000400,
0,21,6,0,00385A,
0,21,6,0,00385B,
0,21,6,0,00385C,
0,21,6,0,00386A,
0,21,6,0,00386B,
0,21,6,0,00388A,
0,21,6,0,00388B,
0,21,6,0,00390A,
0,21,6,0,00390B,
0,21,6,0,00390C,
0,21,6,0,00390D,
0,21,6,0,00391A,
0,21,6,0,00393A,
0,21,6,0,00395A,
0,21,6,0,00395B,
0,21,6,0,00396A,
0,21,6,0,00397A,
0,21,6,0,00401A,
0,21,6,0,00401B,
0,21,7,0,000220,
0,21,7,0,000221,
0,21,7,0,000222,
0,21,7,0,000223,
0,21,7,0,000224,
0,21,7,0,000225,
0,21,7,0,000226,
0,21,7,0,000227,
0,21,7,0,000228,
0,21,7,0,000229,
0,21,7,0,000230,
0,21,7,0,000231,
0,21,7,0,000232,
0,21,7,0,000233,
0,21,7,0,000234,
0,21,7,0,000235,
0,21,7,0,000237,
0,21,7,0,000238,
0,21,7,0,000239,
0,21,7,0,000240,
0,21,7,0,000241,
0,21,7,0,000242,
0,21,7,0,000245,
0,21,7,0,000246,
0,21,7,0,000247,
0,21,7,0,000248,
0,21,7,0,000249,
0,21,7,0,00221A,
0,21,7,0,00223A,
0,21,7,0,00224A,
0,21,7,0,00224B,
0,21,7,0,00224C,
0,21,7,0,00224D,
0,21,7,0,00224E,
0,21,7,0,00225A,
0,21,7,0,00227A,
0,21,7,0,00227B,
0,21,7,0,00230A,
0,21,7,0,00232A,
0,21,7,0,00239A,
0,21,7,0,00244A,
0,21,7,0,00244B,
0,21,7,0,00246A,
0,21,8,0,000407,
0,21,8,0,000408,
0,21,8,0,000409,
0,21,8,0,000410,
0,21,8,0,000412,
0,21,8,0,000414,
0,21,8,0,000415,
0,21,8,0,00411A,
0,21,8,0,00411B,
0,21,8,0,00413A,
0,21,8,0,00413B,
0,21,8,0,00413C,
0,21,8,0,00414A,
0,21,9,0,000001,
0,21,9,0,000002,
0,21,9,0,000003,
0,21,9,0,000004,
0,21,9,0,000005,
0,21,9,0,000006,
0,21,9,0,000007,
0,21,9,0,000008,
0,21,9,0,000009,
0,21,9,0,000010,
0,21,9,0,000011,
0,21,9,0,000012,
0,21,9,0,000013,
0,21,9,0,000014,
0,21,9,0,000015,
0,21,9,0,000016,
0,21,9,0,000017,
0,21,9,0,000018,
0,21,9,0,000019,
0,21,9,0,000021,
0,21,9,0,000032,
0,21,9,0,000034,
0,21,9,0,000035,
0,21,9,0,000036,
0,21,9,0,000038,
0,21,9,0,00011A,
0,22,1,0,000001,
0,22,1,0,000002,
0,22,1,0,000003,
0,22,1,0,000004,
0,22,1,0,000005,
0,22,1,0,000006,
0,22,1,0,000007,
0,22,1,0,000008,
0,22,1,0,000009,
0,22,1,0,000010,
0,22,1,0,000011,
0,22,1,0,000012,
0,22,1,0,000013,
0,22,1,0,000014,
0,22,1,0,000015,
0,22,1,0,000016,
0,22,1,0,000017,
0,22,1,0,000018,
0,22,1,0,00002A,
0,22,1,0,00003A,
0,22,1,0,00007A,
0,22,1,0,00007B,
0,22,10,0,000087,
0,22,10,0,000088,
0,22,10,0,000089,
0,22,10,0,000090,
0,22,10,0,000091,
0,22,10,0,000092,
0,22,10,0,000093,
0,22,10,0,000094,
0,22,10,0,000095,
0,22,10,0,00089A,
0,22,11,0,000096,
0,22,11,0,000097,
0,22,11,0,000098,
0,22,11,0,000099,
0,22,11,0,000100,
0,22,11,0,000101,
0,22,11,0,000102,
0,22,12,0,000103,
0,22,12,0,000104,
0,22,12,0,000105,
0,22,12,0,000106,
0,22,12,0,000107,
0,22,12,0,000108,
0,22,12,0,000109,
0,22,12,0,00105A,
0,22,12,0,00107A,
0,22,12,0,00107B,
0,22,13,0,000110,
0,22,13,0,000111,
0,22,13,0,000112,
0,22,13,0,000113,
0,22,13,0,000114,
0,22,13,0,000115,
0,22,13,0,000116,
0,22,13,0,000117,
0,22,13,0,000118,
0,22,13,0,000119,
0,22,13,0,000120,
0,22,13,0,00110A,
0,22,13,0,00117A,
0,22,14,0,000121,
0,22,14,0,000122,
0,22,14,0,000123,
0,22,14,0,000124,
0,22,14,0,000125,
0,22,14,0,000126,
0,22,14,0,00125A,
0,22,14,0,00126A,
0,22,14,0,00126B,
0,22,15,0,000127,
0,22,15,0,000128,
0,22,15,0,000129,
0,22,15,0,000130,
0,22,16,0,000131,
0,22,16,0,000132,
0,22,16,0,000133,
0,22,16,0,000134,
0,22,16,0,000135,
0,22,16,0,000136,
0,22,16,0,000137,
0,22,16,0,000138,
0,22,16,0,000139,
0,22,16,0,000140,
0,22,16,0,000141,
0,22,16,0,000142,
0,22,16,0,000143,
0,22,16,0,000144,
0,22,16,0,00139A,
0,22,17,0,000145,
0,22,17,0,000146,
0,22,17,0,000147,
0,22,17,0,000148,
0,22,17,0,000149,
0,22,17,0,000150,
0,22,17,0,00145A,
0,22,17,0,00147A,
0,22,17,0,00148A,
0,22,18,0,000151,
0,22,18,0,000152,
0,22,18,0,000153,
0,22,18,0,000154,
0,22,18,0,000155,
0,22,18,0,000156,
0,22,18,0,000157,
0,22,18,0,000158,
0,22,18,0,000159,
0,22,18,0,000160,
0,22,18,0,00154A,
0,22,18,0,00158A,
0,22,19,0,000161,
0,22,19,0,000162,
0,22,19,0,000163,
0,22,19,0,000164,
0,22,19,0,000165,
0,22,19,0,000166,
0,22,19,0,000167,
0,22,19,0,000168,
0,22,19,0,000169,
0,22,19,0,00168A,
0,22,2,0,000019,
0,22,2,0,000020,
0,22,2,0,000021,
0,22,2,0,000022,
0,22,2,0,000023,
0,22,2,0,000024,
0,22,2,0,000025,
0,22,2,0,000026,
0,22,2,0,000027,
0,22,20,0,000170,
0,22,20,0,000171,
0,22,20,0,000172,
0,22,20,0,000173,
0,22,20,0,00171A,
0,22,21,0,000174,
0,22,21,0,000175,
0,22,21,0,000176,
0,22,21,0,000177,
0,22,21,0,000178,
0,22,21,0,000179,
0,22,21,0,000180,
0,22,21,0,000181,
0,22,21,0,000182,
0,22,22,0,000183,
0,22,22,0,000184,
0,22,22,0,000185,
0,22,22,0,000186,
0,22,22,0,000187,
0,22,22,0,000188,
0,22,22,0,000189,
0,22,22,0,000190,
0,22,22,0,000191,
0,22,22,0,000192,
0,22,22,0,000193,
0,22,22,0,00183A,
0,22,22,0,00187A,
0,22,22,0,00190A,
0,22,22,0,00193A,
0,22,23,0,000194,
0,22,23,0,000195,
0,22,23,0,000196,
0,22,23,0,000197,
0,22,23,0,00195A,
0,22,24,0,000198,
0,22,24,0,000199,
0,22,24,0,000200,
0,22,24,0,000201,
0,22,24,0,000202,
0,22,24,0,000203,
0,22,24,0,000204,
0,22,24,0,000205,
0,22,24,0,000206,
0,22,25,0,000207,
0,22,25,0,000208,
0,22,25,0,000209,
0,22,25,0,000210,
0,22,25,0,000211,
0,22,25,0,000212,
0,22,25,0,000213,
0,22,25,0,000214,
0,22,25,0,000215,
0,22,25,0,00215A,
0,22,26,0,000216,
0,22,26,0,000217,
0,22,26,0,000218,
0,22,26,0,000219,
0,22,27,0,000221,
0,22,27,0,000222,
0,22,27,0,000223,
0,22,27,0,000224,
0,22,27,0,000225,
0,22,27,0,000226,
0,22,27,0,00224A,
0,22,3,0,000028,
0,22,3,0,000029,
0,22,3,0,000030,
0,22,3,0,000031,
0,22,4,0,000032,
0,22,4,0,000033,
0,22,4,0,000034,
0,22,4,0,000035,
0,22,4,0,000036,
0,22,4,0,00033A,
0,22,5,0,000037,
0,22,5,0,000038,
0,22,5,0,000039,
0,22,5,0,000040,
0,22,5,0,000041,
0,22,5,0,000042,
0,22,5,0,00040A,
0,22,6,0,000043,
0,22,6,0,000044,
0,22,6,0,000045,
0,22,6,0,000046,
0,22,6,0,000047,
0,22,6,0,000048,
0,22,6,0,000049,
0,22,6,0,000050,
0,22,6,0,000051,
0,22,6,0,000052,
0,22,6,0,000053,
0,22,6,0,000054,
0,22,6,0,000055,
0,22,6,0,000056,
0,22,6,0,000057,
0,22,6,0,000058,
0,22,6,0,000059,
0,22,6,0,000060,
0,22,6,0,000061,
0,22,6,0,000062,
0,22,6,0,000063,
0,22,6,0,000064,
0,22,6,0,000065,
0,22,6,0,000066,
0,22,6,0,00049A,
0,22,6,0,00053A,
0,22,7,0,000067,
0,22,7,0,000068,
0,22,7,0,000069,
0,22,7,0,00067A,
0,22,8,0,000070,
0,22,8,0,000071,
0,22,8,0,000072,
0,22,8,0,000073,
0,22,8,0,00070A,
0,22,8,0,00072A,
0,22,8,0,00072B,
0,22,9,0,000074,
0,22,9,0,000075,
0,22,9,0,000076,
0,22,9,0,000077,
0,22,9,0,000078,
0,22,9,0,000079,
0,22,9,0,000080,
0,22,9,0,000081,
0,22,9,0,000082,
0,22,9,0,000083,
0,22,9,0,000084,
0,22,9,0,000085,
0,22,9,0,000086,
0,23,1,13,000001,
0,23,1,13,000002,
0,23,1,13,000003,
0,23,1,13,000004,
0,23,1,13,000005,
0,23,1,13,000006,
0,23,1,13,000007,
0,23,1,13,000008,
0,23,1,13,000009,
0,23,1,13,000010,
0,23,1,13,000011,
0,23,1,13,000012,
0,23,1,13,000013,
0,23,1,13,000014,
0,23,1,13,000015,
0,23,1,13,000016,
0,23,1,13,000017,
0,23,1,13,000018,
0,23,1,13,000019,
0,23,1,13,00001A,
0,23,1,13,000020,
0,23,1,13,000021,
0,23,1,13,000022,
0,23,1,13,00002A,
0,23,1,13,00007A,
0,23,1,13,00008A,
0,23,1,13,00009A,
0,23,1,13,00010A,
0,23,1,13,00012A,
0,23,1,13,00013A,
0,23,1,13,00014A,
0,23,1,13,00015A,
0,23,1,13,00015B,
0,23,1,13,00016A,
0,23,1,13,00017A,
0,23,1,13,00018A,
0,23,1,13,00018B,
0,23,10,14,000102,
0,23,10,14,000103,
0,23,10,14,000104,
0,23,10,14,000105,
0,23,10,14,000106,
0,23,10,14,000107,
0,23,10,14,000108,
0,23,10,14,000109,
0,23,10,14,000110,
0,23,10,14,000111,
0,23,10,14,000112,
0,23,10,14,000113,
0,23,10,14,000114,
0,23,10,14,000115,
0,23,10,14,000116,
0,23,10,14,000117,
0,23,10,14,000118,
0,23,10,14,000119,
0,23,10,14,000120,
0,23,10,14,000121,
0,23,10,14,00110A,
0,23,11,14,000122,
0,23,11,14,000123,
0,23,11,14,000124,
0,23,11,14,000125,
0,23,11,14,000126,
0,23,11,14,000127,
0,23,11,14,000128,
0,23,11,14,000129,
0,23,11,14,000130,
0,23,11,14,000131,
0,23,11,14,000132,
0,23,11,14,000133,
0,23,11,14,000134,
0,23,11,14,000135,
0,23,11,14,000136,
0,23,11,14,000137,
0,23,11,14,000138,
0,23,11,14,000139,
0,23,11,14,00126A,
0,23,11,14,00137A,
0,23,12,14,000140,
0,23,12,14,000141,
0,23,12,14,000142,
0,23,12,14,000143,
0,23,12,14,000144,
0,23,12,14,000145,
0,23,12,14,000146,
0,23,12,14,000147,
0,23,12,14,000148,
0,23,12,14,000149,
0,23,12,14,000150,
0,23,12,14,000151,
0,23,12,14,000152,
0,23,12,14,000153,
0,23,12,14,000154,
0,23,12,14,000155,
0,23,12,14,000156,
0,23,12,14,000157,
0,23,12,14,000158,
0,23,12,14,000159,
0,23,12,14,000160,
0,23,12,14,000161,
0,23,12,14,000162,
0,23,12,14,000163,
0,23,12,14,000164,
0,23,12,14,000165,
0,23,12,14,000166,
0,23,12,14,000167,
0,23,12,14,000168,
0,23,12,14,000169,
0,23,12,14,000170,
0,23,12,14,000171,
0,23,12,14,00170A,
0,23,13,14,000172,
0,23,13,14,000173,
0,23,13,14,000174,
0,23,13,14,000175,
0,23,13,14,000176,
0,23,13,14,000177,
0,23,13,14,000178,
0,23,13,14,000179,
0,23,13,14,000180,
0,23,13,14,000181,
0,23,13,14,000182,
0,23,13,14,000183,
0,23,13,14,000184,
0,23,13,14,000185,
0,23,13,14,000186,
0,23,13,14,000187,
0,23,13,14,000188,
0,23,13,14,000189,
0,23,13,14,000190,
0,23,13,14,000191,
0,23,13,14,000192,
0,23,13,14,000193,
0,23,13,14,000194,
0,23,13,14,000195,
0,23,13,14,000196,
0,23,13,14,000197,
0,23,14,14,000198,
0,23,14,14,000199,
0,23,14,14,000200,
0,23,14,14,000201,
0,23,14,14,000202,
0,23,14,14,000203,
0,23,14,14,000204,
0,23,14,14,000205,
0,23,14,14,000206,
0,23,14,14,000207,
0,23,14,14,000208,
0,23,14,14,000209,
0,23,14,14,000210,
0,23,14,14,000211,
0,23,15,15,000212,
0,23,15,15,000213,
0,23,15,15,000214,
0,23,15,15,000215,
0,23,15,15,000216,
0,23,16,15,000219,
0,23,16,15,000221,
0,23,16,15,000222,
0,23,16,15,000223,
0,23,16,15,000224,
0,23,16,15,000225,
0,23,16,15,000226,
0,23,16,15,000227,
0,23,16,15,000228,
0,23,16,15,000229,
0,23,16,15,00223A,
0,23,16,15,00223B,
0,23,16,15,00228A,
0,23,17,15,000230,
0,23,17,15,000231,
0,23,17,15,000232,
0,23,17,15,000233,
0,23,17,15,000234,
0,23,2,15,000023,
0,23,2,15,000024,
0,23,2,15,000025,
0,23,2,15,000026,
0,23,2,15,000027,
0,23,2,15,000028,
0,23,2,15,000029,
0,23,2,15,000030,
0,23,3,15,000031,
0,23,3,15,000032,
0,23,3,15,000033,
0,23,3,15,000034,
0,23,3,15,000035,
0,23,3,15,000036,
0,23,3,15,000037,
0,23,3,15,000038,
0,23,3,15,000039,
0,23,3,15,000040,
0,23,4,15,000041,
0,23,4,15,000042,
0,23,4,15,000043,
0,23,4,15,000044,
0,23,4,15,000045,
0,23,4,15,000046,
0,23,4,15,000047,
0,23,4,15,000048,
0,23,4,15,000049,
0,23,4,15,000050,
0,23,4,15,000051,
0,23,4,15,000052,
0,23,4,15,000053,
0,23,4,15,000054,
0,23,4,15,000055,
0,23,4,15,000056,
0,23,4,15,000057,
0,23,4,15,000058,
0,23,4,15,00056A,
0,23,5,15,000059,
0,23,5,15,000060,
0,23,5,15,000061,
0,23,5,15,000062,
0,23,5,15,000063,
0,23,5,15,000064,
0,23,5,15,000065,
0,23,5,15,000066,
0,23,5,15,000067,
0,23,5,15,000068,
0,23,5,15,000069,
0,23,5,15,000070,
0,23,5,15,000071,
0,23,5,15,00060A,
0,23,5,15,00060B,
0,23,5,15,00061A,
0,23,6,15,000072,
0,23,6,15,000073,
0,23,6,15,000074,
0,23,6,15,000075,
0,23,6,15,000076,
0,23,6,15,000077,
0,23,6,15,000078,
0,23,6,15,000079,
0,23,7,15,000080,
0,23,7,15,000081,
0,23,7,15,000082,
0,23,7,15,000083,
0,23,7,15,000084,
0,23,8,15,000085,
0,23,8,15,000086,
0,23,8,15,000087,
0,23,8,15,000088,
0,23,8,15,000089,
0,23,8,15,000090,
0,23,8,15,000091,
0,23,8,15,000092,
0,23,8,15,000093,
0,23,9,14,000094,
0,23,9,14,000095,
0,23,9,14,000096,
0,23,9,14,000097,
0,23,9,14,000098,
0,23,9,14,000099,
0,23,9,14,000100,
0,23,9,14,000101,
0,24,1,0,000001,
0,24,1,0,000002,
0,24,1,0,000003,
0,24,1,0,000004,
0,24,1,0,000005,
0,24,1,0,000006,
0,24,2,0,000008,
0,24,2,0,000009,
0,24,2,0,000010,
0,24,2,0,000011,
0,24,2,0,000012,
0,24,2,0,000013,
0,24,2,0,000014,
0,24,2,0,000015,
0,24,2,0,000016,
0,24,2,0,000021,
0,24,3,0,000022,
0,24,3,0,000023,
0,24,3,0,000024,
0,24,3,0,000025,
0,24,3,0,000027,
0,24,3,0,000028,
0,3,1,0,000001,
0,3,1,0,000002,
0,3,1,0,000003,
0,3,1,0,000004,
0,3,1,0,000005,
0,3,1,0,000006,
0,3,1,0,000007,
0,3,1,0,000008,
0,3,1,0,000009,
0,3,10,0,000082,
0,3,10,0,000083,
0,3,10,0,000084,
0,3,10,0,000085,
0,3,10,0,000086,
0,3,10,0,000087,
0,3,10,0,000088,
0,3,10,0,000089,
0,3,11,0,000090,
0,3,11,0,000091,
0,3,11,0,000092,
0,3,11,0,000093,
0,3,11,0,000094,
0,3,11,0,000095,
0,3,11,0,000096,
0,3,11,0,000097,
0,3,11,0,000098,
0,3,12,0,000099,
0,3,12,0,000100,
0,3,12,0,000101,
0,3,12,0,000102,
0,3,12,0,000103,
0,3,12,0,000104,
0,3,12,0,000105,
0,3,12,0,000106,
0,3,12,0,000107,
0,3,12,0,000108,
0,3,12,0,000109,
0,3,13,0,000110,
0,3,13,0,000111,
0,3,13,0,000112,
0,3,13,0,000113,
0,3,13,0,000114,
0,3,13,0,000115,
0,3,13,0,000116,
0,3,13,0,000117,
0,3,13,0,000118,
0,3,13,0,000119,
0,3,13,0,000120,
0,3,13,0,000121,
0,3,13,0,000122,
0,3,13,0,000123,
0,3,13,0,000124,
0,3,13,0,000125,
0,3,14,0,000126,
0,3,14,0,000127,
0,3,15,0,000128,
0,3,15,0,000129,
0,3,15,0,000130,
0,3,15,0,000131,
0,3,15,0,000132,
0,3,15,0,000133,
0,3,15,0,000134,
0,3,15,0,000135,
0,3,15,0,000136,
0,3,15,0,000137,
0,3,15,0,000138,
0,3,15,0,000139,
0,3,15,0,000140,
0,3,15,0,000141,
0,3,15,0,000142,
0,3,15,0,000143,
0,3,16,0,000144,
0,3,16,0,000145,
0,3,16,0,000146,
0,3,16,0,000147,
0,3,16,0,000148,
0,3,16,0,000149,
0,3,16,0,000150,
0,3,16,0,000151,
0,3,16,0,000152,
0,3,16,0,000153,
0,3,16,0,000154,
0,3,2,0,000010,
0,3,2,0,000011,
0,3,2,0,000012,
0,3,2,0,000013,
0,3,2,0,000014,
0,3,2,0,000015,
0,3,2,0,000016,
0,3,2,0,000017,
0,3,2,0,000018,
0,3,2,0,000019,
0,3,2,0,000020,
0,3,2,0,000021,
0,3,3,0,000022,
0,3,3,0,000023,
0,3,3,0,000024,
0,3,3,0,000025,
0,3,3,0,000026,
0,3,3,0,000027,
0,3,3,0,000028,
0,3,3,0,000029,
0,3,3,0,000030,
0,3,3,0,000031,
0,3,3,0,000032,
0,3,4,0,000033,
0,3,4,0,000034,
0,3,4,0,000035,
0,3,4,0,000036,
0,3,4,0,000037,
0,3,4,0,000038,
0,3,4,0,000039,
0,3,4,0,000040,
0,3,4,0,000041,
0,3,4,0,000042,
0,3,4,0,000043,
0,3,5,0,000044,
0,3,5,0,000045,
0,3,5,0,000046,
0,3,5,0,000047,
0,3,5,0,000048,
0,3,5,0,000049,
0,3,5,0,000050,
0,3,5,0,00044A,
0,3,6,0,000051,
0,3,6,0,000052,
0,3,6,0,000053,
0,3,6,0,000054,
0,3,6,0,000055,
0,3,6,0,000056,
0,3,6,0,000057,
0,3,6,0,000058,
0,3,6,0,000059,
0,3,6,0,000060,
0,3,6,0,000061,
0,3,7,0,000062,
0,3,7,0,000063,
0,3,7,0,000064,
0,3,7,0,000065,
0,3,7,0,000066,
0,3,7,0,000067,
0,3,7,0,000068,
0,3,8,0,000069,
0,3,8,0,000070,
0,3,8,0,000071,
0,3,8,0,000072,
0,3,8,0,000073,
0,3,8,0,000074,
0,3,8,0,000075,
0,3,8,0,000076,
0,3,9,0,000077,
0,3,9,0,000078,
0,3,9,0,000079,
0,3,9,0,000080,
0,3,9,0,000081,
0,4,1,0,000001,
0,4,1,0,000002,
0,4,1,0,000003,
0,4,1,0,000004,
0,4,1,0,000005,
0,4,1,0,000006,
0,4,1,0,000007,
0,4,1,0,000008,
0,4,1,0,000009,
0,4,1,0,000010,
0,4,1,0,000011,
0,4,1,0,000012,
0,4,1,0,000013,
0,4,1,0,000014,
0,4,1,0,00004A,
0,4,1,0,00004B,
0,4,1,0,00004C,
0,4,1,0,00004D,
0,4,1,0,00004E,
0,4,1,0,00004F,
0,4,1,0,00005A,
0,4,1,0,00005B,
0,4,1,0,00005C,
0,4,1,0,00005D,
0,4,1,0,00005E,
0,4,1,0,00005F,
0,4,1,0,00005G,
0,4,1,0,00005H,
0,4,1,0,00005I,
0,4,1,0,00006A,
0,4,1,0,00006B,
0,4,1,0,00006C,
0,4,1,0,00006D,
0,4,1,0,00006E,
0,4,1,0,00006F,
0,4,1,0,00007A,
0,4,1,0,00007B,
0,4,1,0,00007C,
0,4,1,0,00007D,
0,4,1,0,00007E,
0,4,1,0,00007F,
0,4,1,0,00007G,
0,4,1,0,00008A,
0,4,1,0,00008B,
0,4,1,0,00008C,
0,4,1,0,00009A,
0,4,1,0,00009B,
0,4,1,0,00009C,
0,4,1,0,00009D,
0,4,1,0,00009E,
0,4,1,0,00009F,
0,4,1,0,00009G,
0,4,1,0,00010A,
0,4,1,0,00010B,
0,4,1,0,00010C,
0,4,1,0,00010D,
0,4,1,0,00010E,
0,4,1,0,00010F,
0,4,1,0,00010G,
0,4,1,0,00010H,
0,4,1,0,00010I,
0,4,1,0,00010J,
0,4,1,0,00010K,
0,4,1,0,00010L,
0,4,1,0,00010M,
0,4,1,0,00011A,
0,4,1,0,00011B,
0,4,1,0,00011C,
0,4,1,0,00011D,
0,4,1,0,00011E,
0,4,1,0,00011F,
0,4,1,0,00011G,
0,4,1,0,00011H,
0,4,1,0,00011I,
0,4,1,0,00011J,
0,4,1,0,00011K,
0,4,1,0,00011L,
0,4,1,0,00011M,
0,4,1,0,00012A,
0,4,1,0,00012B,
0,4,1,0,00012C,
0,4,1,0,00012D,
0,4,1,0,00012E,
0,4,1,0,00012F,
0,4,1,0,00012G,
0,4,1,0,00012H,
0,4,1,0,00012I,
0,4,1,0,00013A,
0,4,1,0,00013B,
0,4,1,0,00013C,
0,4,1,0,00013D,
0,4,1,0,00013E,
0,4,1,0,00013F,
0,4,1,0,00013G,
0,4,1,0,00013H,
0,4,1,0,00013I,
0,4,1,0,00013J,
0,4,1,0,00013K,
0,4,1,0,00013M,
0,4,1,0,00013N,
0,4,1,0,00013O,
0,4,1,0,00014A,
0,4,1,0,00014B,
0,4,1,0,00014C,
0,4,1,0,00014D,
0,4,1,0,00014E,
0,4,1,0,00014F,
0,4,1,0,00014G,
0,4,1,0,00014H,
0,4,1,0,00014I,
0,4,1,0,00014J,
0,4,1,0,00014K,
0,4,1,0,00014L,
0,4,1,0,00014M,
0,4,1,0,00014N,
0,4,1,0,00014O,
0,4,1,0,00014P,
0,4,1,0,00014Q,
0,4,10,0,000138,
0,4,10,0,000139,
0,4,10,0,000140,
0,4,10,0,000141,
0,4,10,0,000142,
0,4,10,0,00138B,
0,4,10,0,00138C,
0,4,10,0,00138D,
0,4,10,0,00139A,
0,4,10,0,00139B,
0,4,10,0,00140A,
0,4,10,0,00141A,
0,4,10,0,00142A,
0,4,11,0,000144,
0,4,11,0,000145,
0,4,11,0,000146,
0,4,11,0,00144A,
0,4,11,0,00144B,
0,4,11,0,00145A,
0,4,11,0,00146A,
0,4,11,0,00146B,
0,4,11,0,00146C,
0,4,12,0,000147,
0,4,12,0,000148,
0,4,12,0,000149,
0,4,12,0,000150,
0,4,12,0,000151,
0,4,12,0,000152,
0,4,12,0,000153,
0,4,12,0,000154,
0,4,12,0,000155,
0,4,12,0,000156,
0,4,12,0,000157,
0,4,12,0,000158,
0,4,12,0,000159,
0,4,12,0,00147A,
0,4,12,0,00147B,
0,4,12,0,00152A,
0,4,12,0,00155A,
0,4,12,0,00156A,
0,4,12,0,00156B,
0,4,12,0,00156C,
0,4,12,0,00156D,
0,4,12,0,00156E,
0,4,12,0,00158A,
0,4,12,0,00158B,
0,4,12,0,00158C,
0,4,13,0,000160,
0,4,13,0,000161,
0,4,13,0,000162,
0,4,13,0,000163,
0,4,13,0,000164,
0,4,13,0,000165,
0,4,13,0,000166,
0,4,13,0,000167,
0,4,13,0,000168,
0,4,13,0,000169,
0,4,13,0,000170,
0,4,13,0,000171,
0,4,13,0,000172,
0,4,13,0,000173,
0,4,13,0,000174,
0,4,13,0,000175,
0,4,13,0,000176,
0,4,13,0,000177,
0,4,13,0,000178,
0,4,13,0,000179,
0,4,13,0,000180,
0,4,13,0,000182,
0,4,13,0,000183,
0,4,13,0,000184,
0,4,13,0,000185,
0,4,13,0,000186,
0,4,13,0,000187,
0,4,13,0,000188,
0,4,13,0,000189,
0,4,13,0,000190,
0,4,13,0,000191,
0,4,13,0,000192,
0,4,13,0,000193,
0,4,13,0,000194,
0,4,13,0,00160A,
0,4,13,0,00178A,
0,4,13,0,00178B,
0,4,13,0,00184A,
0,4,13,0,00191A,
0,4,14,0,000195,
0,4,14,0,000196,
0,4,14,0,000197,
0,4,14,0,000198,
0,4,14,0,000199,
0,4,14,0,000200,
0,4,14,0,000201,
0,4,14,0,000202,
0,4,14,0,000203,
0,4,14,0,000204,
0,4,14,0,000205,
0,4,14,0,000206,
0,4,14,0,000207,
0,4,14,0,000208,
0,4,14,0,000209,
0,4,14,0,000210,
0,4,14,0,000211,
0,4,14,0,000212,
0,4,14,0,000213,
0,4,14,0,000214,
0,4,14,0,000215,
0,4,14,0,000216,
0,4,14,0,000217,
0,4,14,0,000218,
0,4,14,0,000219,
0,4,14,0,000220,
0,4,14,0,000221,
0,4,14,0,000222,
0,4,14,0,00201A,
0,4,14,0,00212B,
0,4,14,0,00215A,
0,4,15,0,000223,
0,4,15,0,000224,
0,4,15,0,000225,
0,4,15,0,000226,
0,4,15,0,000227,
0,4,15,0,000228,
0,4,15,0,000229,
0,4,15,0,00225A,
0,4,15,0,00226A,
0,4,15,0,00227A,
0,4,15,0,00227B,
0,4,15,0,00227C,
0,4,15,0,00227D,
0,4,15,0,00229A,
0,4,16,0,000230,
0,4,16,0,000231,
0,4,16,0,000232,
0,4,16,0,000233,
0,4,16,0,000234,
0,4,16,0,000235,
0,4,16,0,000236,
0,4,16,0,000237,
0,4,16,0,000238,
0,4,16,0,000239,
0,4,16,0,000240,
0,4,16,0,000241,
0,4,16,0,000242,
0,4,16,0,000243,
0,4,16,0,000244,
0,4,16,0,000245,
0,4,16,0,00230A,
0,4,16,0,00236A,
0,4,16,0,00237A,
0,4,16,0,00237B,
0,4,16,0,00242A,
0,4,16,0,00244A,
0,4,17,0,000248,
0,4,17,0,000249,
0,4,17,0,000251,
0,4,17,0,000252,
0,4,17,0,000253,
0,4,17,0,000254,
0,4,17,0,000255,
0,4,17,0,000256,
0,4,17,0,000257,
0,4,17,0,000258,
0,4,18,0,000259,
0,4,18,0,000260,
0,4,18,0,000261,
0,4,18,0,000262,
0,4,18,0,000263,
0,4,18,0,000264,
0,4,18,0,000265,
0,4,18,0,000266,
0,4,18,0,00260A,
0,4,18,0,00261A,
0,4,18,0,00261B,
0,4,18,0,00263A,
0,4,18,0,00263B,
0,4,18,0,00263C,
0,4,18,0,00263D,
0,4,18,0,00263E,
0,4,18,0,00264A,
0,4,18,0,00265A,
0,4,18,0,00265B,
0,4,18,0,00265C,
0,4,18,0,00266A,
0,4,19,0,000267,
0,4,19,0,000268,
0,4,19,0,000269,
0,4,19,0,000270,
0,4,19,0,000271,
0,4,19,0,000272,
0,4,19,0,000273,
0,4,19,0,000274,
0,4,19,0,000275,
0,4,19,0,000276,
0,4,19,0,00269A,
0,4,19,0,00269B,
0,4,19,0,00274A,
0,4,19,0,00275A,
0,4,2,0,000015,
0,4,2,0,000016,
0,4,2,0,000017,
0,4,2,0,000018,
0,4,2,0,000019,
0,4,2,0,000020,
0,4,2,0,000021,
0,4,2,0,000022,
0,4,2,0,000023,
0,4,2,0,000024,
0,4,2,0,000025,
0,4,2,0,000026,
0,4,2,0,00015A,
0,4,2,0,00016A,
0,4,2,0,00016B,
0,4,2,0,00016C,
0,4,2,0,00018A,
0,4,2,0,00018B,
0,4,2,0,00018C,
0,4,2,0,00018D,
0,4,2,0,00020A,
0,4,2,0,00020B,
0,4,2,0,00024A,
0,4,2,0,00025A,
0,4,2,0,00025B,
0,4,2,0,00026A,
0,4,2,0,00026B,
0,4,2,0,00328A,
0,4,20,0,000277,
0,4,20,0,000278,
0,4,20,0,000279,
0,4,20,0,000280,
0,4,20,0,000281,
0,4,20,0,000282,
0,4,20,0,000283,
0,4,20,0,000285,
0,4,20,0,000286,
0,4,20,0,000287,
0,4,20,0,000288,
0,4,20,0,000289,
0,4,20,0,000290,
0,4,20,0,000291,
0,4,20,0,000292,
0,4,20,0,000293,
0,4,20,0,000294,
0,4,20,0,000295,
0,4,20,0,000296,
0,4,20,0,000297,
0,4,20,0,000298,
0,4,20,0,000299,
0,4,20,0,000300,
0,4,20,0,000301,
0,4,20,0,000302,
0,4,20,0,000303,
0,4,20,0,000304,
0,4,20,0,000305,
0,4,20,0,000306,
0,4,20,0,000307,
0,4,20,0,000308,
0,4,20,0,000309,
0,4,20,0,000310,
0,4,20,0,000311,
0,4,20,0,000312,
0,4,20,0,000313,
0,4,20,0,000314,
0,4,20,0,000315,
0,4,20,0,00279A,
0,4,20,0,00283A,
0,4,20,0,00288A,
0,4,20,0,00291A,
0,4,20,0,00294A,
0,4,20,0,00295A,
0,4,20,0,00310A,
0,4,21,0,000316,
0,4,21,0,000317,
0,4,21,0,000318,
0,4,21,0,000319,
0,4,21,0,000320,
0,4,21,0,000322,
0,4,21,0,000323,
0,4,21,0,000324,
0,4,21,0,000325,
0,4,21,0,000326,
0,4,21,0,000327,
0,4,21,0,000328,
0,4,21,0,000329,
0,4,21,0,000330,
0,4,21,0,000331,
0,4,21,0,00316A,
0,4,21,0,00316B,
0,4,21,0,00316C,
0,4,21,0,00316D,
0,4,21,0,00316E,
0,4,21,0,00316F,
0,4,21,0,00316G,
0,4,21,0,00316H,
0,4,21,0,00316I,
0,4,21,0,00316J,
0,4,21,0,00326A,
0,4,21,0,00326B,
0,4,21,0,00326C,
0,4,21,0,00328B,
0,4,21,0,00330A,
0,4,22,0,000332,
0,4,22,0,000333,
0,4,22,0,000334,
0,4,22,0,000335,
0,4,23,0,000336,
0,4,23,0,000337,
0,4,23,0,000338,
0,4,23,0,000339,
0,4,23,0,000340,
0,4,23,0,000341,
0,4,23,0,000342,
0,4,23,0,000343,
0,4,23,0,000344,
0,4,23,0,000345,
0,4,23,0,000346,
0,4,23,0,000347,
0,4,23,0,000348,
0,4,23,0,000349,
0,4,23,0,00337A,
0,4,23,0,00347A,
0,4,23,0,00349A,
0,4,24,0,000350,
0,4,24,0,000351,
0,4,24,0,000352,
0,4,24,0,000353,
0,4,24,0,000354,
0,4,24,0,000355,
0,4,24,0,000356,
0,4,24,0,000357,
0,4,24,0,000358,
0,4,24,0,000359,
0,4,24,0,00351A,
0,4,24,0,00352A,
0,4,25,0,000360,
0,4,25,0,000361,
0,4,25,0,000362,
0,4,25,0,000363,
0,4,25,0,000364,
0,4,25,0,000365,
0,4,25,0,000366,
0,4,25,0,000367,
0,4,25,0,000368,
0,4,25,0,000369,
0,4,25,0,000370,
0,4,25,0,000371,
0,4,25,0,00360A,
0,4,25,0,00360B,
0,4,25,0,00370A,
0,4,26,0,000372,
0,4,26,0,000373,
0,4,26,0,000374,
0,4,26,0,000375,
0,4,26,0,000376,
0,4,26,0,000377,
0,4,26,0,000378,
0,4,26,0,000379,
0,4,26,0,000381,
0,4,26,0,000382,
0,4,26,0,000384,
0,4,26,0,000385,
0,4,26,0,000386,
0,4,26,0,000387,
0,4,26,0,000389,
0,4,26,0,000390,
0,4,26,0,000391,
0,4,26,0,000392,
0,4,26,0,000393,
0,4,26,0,000394,
0,4,26,0,000395,
0,4,26,0,000396,
0,4,26,0,000397,
0,4,26,0,000400,
0,4,26,0,000401,
0,4,26,0,000402,
0,4,26,0,00372A,
0,4,26,0,00396A,
0,4,26,0,00397A,
0,4,3,0,000027,
0,4,3,0,000028,
0,4,3,0,000029,
0,4,3,0,000030,
0,4,3,0,000031,
0,4,3,0,000032,
0,4,3,0,000033,
0,4,3,0,000034,
0,4,3,0,000035,
0,4,3,0,000036,
0,4,3,0,000037,
0,4,3,0,000038,
0,4,3,0,000039,
0,4,3,0,000040,
0,4,3,0,000041,
0,4,3,0,00028A,
0,4,3,0,00029A,
0,4,3,0,00031A,
0,4,3,0,00031B,
0,4,3,0,00033A,
0,4,3,0,00035A,
0,4,3,0,00040A,
0,4,3,0,00041A,
0,4,4,0,000042,
0,4,4,0,000043,
0,4,4,0,000044,
0,4,4,0,000045,
0,4,4,0,000046,
0,4,4,0,000047,
0,4,4,0,000048,
0,4,4,0,000049,
0,4,4,0,000050,
0,4,4,0,000051,
0,4,4,0,000052,
0,4,4,0,000053,
0,4,4,0,000054,
0,4,4,0,000055,
0,4,4,0,000056,
0,4,4,0,000057,
0,4,4,0,00043A,
0,4,4,0,00043B,
0,4,4,0,00043C,
0,4,4,0,00044A,
0,4,4,0,00046B,
0,4,4,0,00050A,
0,4,4,0,00051A,
0,4,4,0,00053A,
0,4,4,0,00054A,
0,4,4,0,00055A,
0,4,5,0,000058,
0,4,5,0,000059,
0,4,5,0,000060,
0,4,5,0,000061,
0,4,5,0,000062,
0,4,5,0,000063,
0,4,5,0,000065,
0,4,5,0,000066,
0,4,5,0,000067,
0,4,5,0,000068,
0,4,5,0,000069,
0,4,5,0,000070,
0,4,5,0,000071,
0,4,5,0,000072,
0,4,6,0,000073,
0,4,6,0,000074,
0,4,6,0,000075,
0,4,6,0,000076,
0,4,6,0,000077,
0,4,6,0,000078,
0,4,6,0,000079,
0,4,6,0,000080,
0,4,6,0,000081,
0,4,6,0,000082,
0,4,6,0,000083,
0,4,6,0,000084,
0,4,6,0,000086,
0,4,6,0,000087,
0,4,6,0,000088,
0,4,6,0,000089,
0,4,6,0,000090,
0,4,6,0,00088A,
0,4,6,0,00088B,
0,4,7,0,000091,
0,4,7,0,000092,
0,4,7,0,000093,
0,4,7,0,000094,
0,4,7,0,000095,
0,4,7,0,000097,
0,4,7,0,000098,
0,4,7,0,000099,
0,4,7,0,000100,
0,4,7,0,000101,
0,4,7,0,00091A,
0,4,7,0,00091B,
0,4,7,0,00091C,
0,4,7,0,00096A,
0,4,8,0,000102,
0,4,8,0,000103,
0,4,8,0,000105,
0,4,8,0,000106,
0,4,8,0,000107,
0,4,8,0,000108,
0,4,8,0,000109,
0,4,8,0,000110,
0,4,8,0,000111,
0,4,8,0,000112,
0,4,8,0,000113,
0,4,8,0,000114,
0,4,8,0,000116,
0,4,8,0,000117,
0,4,8,0,000118,
0,4,8,0,00110A,
0,4,8,0,00116A,
0,4,9,0,000119,
0,4,9,0,000120,
0,4,9,0,000121,
0,4,9,0,000122,
0,4,9,0,000123,
0,4,9,0,000124,
0,4,9,0,000125,
0,4,9,0,000126,
0,4,9,0,000127,
0,4,9,0,000128,
0,4,9,0,000129,
0,4,9,0,000130,
0,4,9,0,000131,
0,4,9,0,000132,
0,4,9,0,000133,
0,4,9,0,000134,
0,4,9,0,000135,
0,4,9,0,000136,
0,4,9,0,000137,
0,4,9,0,00128A,
0,4,9,0,00131A,
0,5,1,0,000001,
0,5,1,0,000002,
0,5,1,0,000003,
0,5,1,0,000004,
0,5,1,0,000005,
0,5,1,0,000006,
0,5,1,0,000007,
0,5,1,0,000008,
0,5,1,0,000009,
0,5,1,0,000010,
0,5,1,0,000011,
0,5,1,0,00002A,
0,5,1,0,00005A,
0,5,1,0,00005B,
0,5,1,0,00005C,
0,5,1,0,00007A,
0,5,1,0,00007B,
0,5,1,0,00009A,
0,5,1,0,00011A,
0,5,10,0,000060,
0,5,10,0,000061,
0,5,10,0,000062,
0,5,10,0,000063,
0,5,10,0,000064,
0,5,10,0,000065,
0,5,10,0,000066,
0,5,11,0,000067,
0,5,11,0,000068,
0,5,11,0,000069,
0,5,11,0,000070,
0,5,11,0,000071,
0,5,12,0,000072,
0,5,12,0,000073,
0,5,12,0,000074,
0,5,12,0,000075,
0,5,12,0,000076,
0,5,12,0,00073A,
0,5,13,0,000077,
0,5,13,0,000078,
0,5,13,0,000079,
0,5,13,0,000080,
0,5,13,0,000081,
0,5,13,0,000082,
0,5,14,0,000083,
0,5,14,0,000084,
0,5,14,0,000085,
0,5,14,0,000086,
0,5,14,0,000087,
0,5,14,0,000088,
0,5,14,0,000089,
0,5,14,0,000090,
0,5,14,0,00087A,
0,5,15,0,000091,
0,5,15,0,000092,
0,5,15,0,000093,
0,5,15,0,000094,
0,5,15,0,000095,
0,5,16,0,000096,
0,5,16,0,000097,
0,5,16,0,000098,
0,5,16,0,000099,
0,5,16,0,000100,
0,5,16,0,00100A,
0,5,17,0,000101,
0,5,17,0,000102,
0,5,17,0,000103,
0,5,17,0,000104,
0,5,17,0,000105,
0,5,17,0,000106,
0,5,17,0,000107,
0,5,17,0,00105A,
0,5,18,0,000108,
0,5,18,0,000109,
0,5,18,0,000110,
0,5,18,0,000111,
0,5,19,0,000112,
0,5,19,0,000113,
0,5,19,0,000114,
0,5,19,0,000115,
0,5,19,0,000116,
0,5,19,0,000117,
0,5,19,0,000118,
0,5,19,0,000119,
0,5,19,0,000120,
0,5,19,0,00117A,
0,5,2,0,000012,
0,5,2,0,000013,
0,5,2,0,000014,
0,5,2,0,000015,
0,5,2,0,000016,
0,5,2,0,00012A,
0,5,2,0,00012B,
0,5,2,0,00013A,
0,5,20,0,000121,
0,5,20,0,000122,
0,5,20,0,000123,
0,5,20,0,000124,
0,5,20,0,000125,
0,5,21,0,000126,
0,5,21,0,000127,
0,5,21,0,000128,
0,5,21,0,000129,
0,5,21,0,000130,
0,5,21,0,000131,
0,5,21,0,00128A,
0,5,21,0,00130A,
0,5,22,0,000132,
0,5,22,0,000133,
0,5,22,0,000134,
0,5,22,0,000135,
0,5,23,0,000136,
0,5,23,0,000137,
0,5,23,0,000138,
0,5,23,0,000139,
0,5,23,0,000140,
0,5,24,0,000141,
0,5,24,0,000142,
0,5,24,0,000143,
0,5,24,0,000144,
0,5,25,0,000145,
0,5,25,0,000146,
0,5,25,0,000147,
0,5,3,0,000017,
0,5,3,0,000018,
0,5,3,0,000019,
0,5,3,0,000020,
0,5,3,0,000021,
0,5,3,0,000022,
0,5,4,0,000023,
0,5,4,0,000024,
0,5,4,0,000025,
0,5,4,0,000026,
0,5,4,0,000027,
0,5,4,0,000028,
0,5,4,0,000029,
0,5,5,0,000030,
0,5,5,0,000031,
0,5,5,0,000032,
0,5,5,0,000033,
0,5,5,0,000034,
0,5,5,0,000035,
0,5,5,0,00032A,
0,5,6,0,000036,
0,5,6,0,000037,
0,5,6,0,000038,
0,5,6,0,000039,
0,5,6,0,00037A,
0,5,6,0,00037B,
0,5,7,0,000040,
0,5,7,0,000041,
0,5,7,0,000042,
0,5,7,0,000043,
0,5,7,0,000044,
0,5,7,0,000045,
0,5,7,0,000046,
0,5,7,0,000047,
0,5,7,0,000048,
0,5,8,0,000049,
0,5,8,0,000050,
0,5,8,0,000051,
0,5,8,0,000052,
0,5,8,0,000053,
0,5,8,0,000054,
0,5,9,0,000055,
0,5,9,0,000056,
0,5,9,0,000057,
0,5,9,0,000058,
0,5,9,0,000059,
0,5,9,0,00059A,
0,6,1,0,000001,
0,6,1,0,000002,
0,6,1,0,000003,
0,6,1,0,000004,
0,6,1,0,000006,
0,6,1,0,000009,
0,6,1,0,000010,
0,6,1,0,000012,
0,6,1,0,000014,
0,6,1,0,000015,
0,6,1,0,000017,
0,6,1,0,000018,
0,6,1,0,000020,
0,6,1,0,000021,
0,6,1,0,000023,
0,6,1,0,000024,
0,6,1,0,000025,
0,6,1,0,000026,
0,6,1,0,000027,
0,6,1,0,00005A,
0,6,1,0,00005B,
0,6,1,0,00007A,
0,6,1,0,00007B,
0,6,1,0,00008A,
0,6,1,0,00008B,
0,6,1,0,00011A,
0,6,1,0,00011B,
0,6,1,0,00013A,
0,6,1,0,00013B,
0,6,1,0,00016A,
0,6,1,0,00016B,
0,6,1,0,00016C,
0,6,1,0,00019A,
0,6,1,0,00019B,
0,6,1,0,00022A,
0,6,1,0,00022B,
0,6,10,0,000073,
0,6,10,0,000074,
0,6,10,0,000075,
0,6,11,0,000076,
0,6,11,0,000077,
0,6,11,0,000078,
0,6,11,0,000079,
0,6,11,0,000080,
0,6,11,0,000081,
0,6,11,0,000082,
0,6,12,0,000083,
0,6,12,0,000084,
0,6,12,0,000085,
0,6,12,0,000086,
0,6,13,0,000087,
0,6,13,0,000088,
0,6,13,0,000089,
0,6,13,0,000090,
0,6,13,0,000091,
0,6,13,0,000092,
0,6,13,0,000093,
0,6,13,0,000094,
0,6,13,0,000095,
0,6,13,0,000096,
0,6,13,0,000097,
0,6,14,0,000098,
0,6,14,0,000099,
0,6,14,0,000100,
0,6,14,0,000101,
0,6,15,0,000102,
0,6,15,0,000103,
0,6,15,0,000104,
0,6,15,0,000105,
0,6,15,0,000106,
0,6,16,0,000107,
0,6,16,0,000108,
0,6,16,0,000109,
0,6,17,0,000110,
0,6,17,0,000111,
0,6,17,0,000112,
0,6,17,0,000113,
0,6,17,0,000114,
0,6,18,0,000115,
0,6,18,0,000116,
0,6,19,0,000117,
0,6,19,0,000118,
0,6,19,0,00117A,
0,6,19,0,00118A,
0,6,2,0,000028,
0,6,2,0,000029,
0,6,2,0,000030,
0,6,2,0,00028A,
0,6,20,0,000119,
0,6,20,0,000120,
0,6,21,0,000121,
0,6,21,0,000122,
0,6,21,0,000123,
0,6,21,0,000124,
0,6,21,0,000125,
0,6,22,0,000126,
0,6,22,0,000127,
0,6,23,0,000128,
0,6,23,0,000129,
0,6,24,0,000130,
0,6,24,0,000131,
0,6,24,0,000132,
0,6,24,0,000133,
0,6,24,0,00132A,
0,6,25,0,000136,
0,6,25,0,000137,
0,6,25,0,000139,
0,6,25,0,00134A,
0,6,25,0,00134B,
0,6,25,0,00134C,
0,6,25,0,00134D,
0,6,25,0,00135A,
0,6,25,0,00135B,
0,6,25,0,00135C,
0,6,25,0,00138A,
0,6,25,0,00138B,
0,6,3,0,000032,
0,6,3,0,000033,
0,6,3,0,000034,
0,6,3,0,000035,
0,6,3,0,000036,
0,6,4,0,000037,
0,6,4,0,000038,
0,6,4,0,000039,
0,6,4,0,000040,
0,6,5,0,000041,
0,6,5,0,000042,
0,6,5,0,000043,
0,6,5,0,000044,
0,6,6,0,000045,
0,6,6,0,000046,
0,6,6,0,000047,
0,6,6,0,000048,
0,6,7,0,000049,
0,6,7,0,000050,
0,6,7,0,000051,
0,6,7,0,000052,
0,6,7,0,000053,
0,6,7,0,000054,
0,6,7,0,000056,
0,6,7,0,000057,
0,6,7,0,00055A,
0,6,7,0,00055B,
0,6,8,0,000058,
0,6,8,0,000059,
0,6,8,0,000060,
0,6,8,0,000061,
0,6,8,0,000062,
0,6,8,0,000063,
0,6,8,0,000064,
0,6,8,0,000065,
0,6,8,0,000066,
0,6,8,0,000067,
0,6,9,0,000068,
0,6,9,0,000069,
0,6,9,0,000070,
0,6,9,0,000071,
0,6,9,0,000072,
0,7,1,0,000001,
0,7,1,0,000002,
0,7,1,0,000003,
0,7,1,0,000004,
0,7,1,0,000005,
0,7,1,0,000006,
0,7,1,0,000007,
0,7,1,0,000008,
0,7,1,0,000009,
0,7,1,0,000010,
0,7,1,0,000011,
0,7,1,0,000012,
0,7,1,0,000013,
0,7,1,0,000014,
0,7,1,0,000015,
0,7,1,0,000016,
0,7,1,0,000017,
0,7,1,0,000018,
0,7,1,0,000019,
0,7,1,0,000020,
0,7,1,0,000021,
0,7,1,0,000022,
0,7,1,0,000023,
0,7,1,0,000024,
0,7,1,0,000025,
0,7,10,0,000065,
0,7,10,0,000066,
0,7,11,0,000067,
0,7,12,0,000068,
0,7,12,0,000069,
0,7,12,0,000070,
0,7,12,0,000071,
0,7,12,0,000072,
0,7,12,0,000073,
0,7,13,0,000074,
0,7,13,0,000075,
0,7,13,0,000077,
0,7,13,0,000078,
0,7,13,0,000079,
0,7,13,0,000080,
0,7,13,0,000081,
0,7,14,0,000082,
0,7,14,0,000083,
0,7,14,0,000084,
0,7,15,0,000086,
0,7,15,0,000087,
0,7,15,0,000088,
0,7,15,0,000089,
0,7,15,0,000090,
0,7,15,0,000091,
0,7,15,0,000092,
0,7,15,0,000093,
0,7,15,0,000094,
0,7,15,0,000095,
0,7,15,0,000096,
0,7,15,0,000097,
0,7,15,0,000098,
0,7,15,0,000099,
0,7,15,0,000100,
0,7,15,0,000101,
0,7,15,0,000102,
0,7,15,0,000103,
0,7,15,0,000104,
0,7,15,0,000105,
0,7,15,0,000106,
0,7,15,0,000107,
0,7,15,0,000108,
0,7,15,0,000109,
0,7,2,0,000026,
0,7,2,0,000027,
0,7,2,0,000028,
0,7,2,0,000029,
0,7,2,0,000030,
0,7,2,0,000031,
0,7,2,0,000032,
0,7,3,0,000033,
0,7,3,0,000034,
0,7,4,0,000035,
0,7,4,0,00036A,
0,7,4,0,00036B,
0,7,5,0,000037,
0,7,5,0,000039,
0,7,5,0,000040,
0,7,5,0,000041,
0,7,5,0,000042,
0,7,5,0,000043,
0,7,5,0,00044A,
0,7,5,0,00044B,
0,7,5,0,00044C,
0,7,6,0,000045,
0,7,6,0,000046,
0,7,6,0,000047,
0,7,6,0,000048,
0,7,6,0,000049,
0,7,6,0,000051,
0,7,6,0,000052,
0,7,6,0,000053,
0,7,6,0,00048A,
0,7,6,0,00050A,
0,7,6,0,00050B,
0,7,6,0,00054A,
0,7,6,0,00054B,
0,7,7,0,000055,
0,7,7,0,000056,
0,7,7,0,000057,
0,7,7,0,000058,
0,7,7,0,00058A,
0,7,8,0,000059,
0,7,8,0,000060,
0,7,8,0,000061,
0,7,8,0,000062,
0,7,9,0,000063,
0,7,9,0,00063A,
0,8,1,0,000001,
0,8,1,0,000002,
0,8,1,0,000003,
0,8,1,0,000004,
0,8,1,0,000005,
0,8,1,0,000006,
0,8,1,0,000007,
0,8,1,0,000008,
0,8,1,0,000009,
0,8,1,0,000010,
0,8,1,0,000011,
0,8,1,0,000012,
0,8,1,0,000013,
0,8,1,0,000014,
0,8,1,0,000015,
0,8,1,0,000016,
0,8,1,0,000017,
0,8,1,0,000018,
0,8,10,0,000182,
0,8,10,0,000183,
0,8,10,0,000184,
0,8,10,0,000185,
0,8,10,0,000186,
0,8,10,0,000187,
0,8,10,0,000188,
0,8,10,0,000189,
0,8,10,0,000190,
0,8,10,0,000191,
0,8,10,0,000192,
0,8,10,0,000193,
0,8,10,0,000194,
0,8,10,0,000195,
0,8,10,0,000196,
0,8,10,0,000197,
0,8,10,0,000198,
0,8,10,0,000199,
0,8,10,0,000200,
0,8,10,0,000201,
0,8,10,0,000202,
0,8,10,0,000203,
0,8,10,0,000204,
0,8,10,0,000205,
0,8,10,0,000206,
0,8,10,0,000207,
0,8,10,0,00202A,
0,8,11,0,000208,
0,8,11,0,000209,
0,8,11,0,000210,
0,8,11,0,000211,
0,8,11,0,000212,
0,8,11,0,000213,
0,8,11,0,00213A,
0,8,12,0,000214,
0,8,12,0,000215,
0,8,12,0,000216,
0,8,12,0,000217,
0,8,12,0,000218,
0,8,12,0,000219,
0,8,12,0,000220,
0,8,12,0,000221,
0,8,12,0,000222,
0,8,12,0,000223,
0,8,12,0,000224,
0,8,12,0,000225,
0,8,12,0,000226,
0,8,12,0,000227,
0,8,12,0,000228,
0,8,12,0,000229,
0,8,13,0,000230,
0,8,13,0,000231,
0,8,13,0,000232,
0,8,13,0,000233,
0,8,13,0,000234,
0,8,13,0,000235,
0,8,13,0,000236,
0,8,13,0,000237,
0,8,13,0,000238,
0,8,13,0,000239,
0,8,13,0,000240,
0,8,13,0,000241,
0,8,13,0,000242,
0,8,13,0,000243,
0,8,13,0,000244,
0,8,13,0,000245,
0,8,13,0,000246,
0,8,13,0,000247,
0,8,13,0,000248,
0,8,13,0,000249,
0,8,13,0,000250,
0,8,13,0,000251,
0,8,14,0,000252,
0,8,14,0,000253,
0,8,14,0,000254,
0,8,14,0,000255,
0,8,14,0,000256,
0,8,14,0,000257,
0,8,14,0,000258,
0,8,14,0,000259,
0,8,14,0,000260,
0,8,14,0,000261,
0,8,14,0,000262,
0,8,14,0,000263,
0,8,14,0,000264,
0,8,14,0,000265,
0,8,15,0,000266,
0,8,15,0,000267,
0,8,15,0,000268,
0,8,15,0,000269,
0,8,15,0,000270,
0,8,15,0,000271,
0,8,15,0,000272,
0,8,15,0,000273,
0,8,15,0,000274,
0,8,15,0,000275,
0,8,15,0,000276,
0,8,15,0,000277,
0,8,15,0,000278,
0,8,15,0,000279,
0,8,15,0,000280,
0,8,15,0,000281,
0,8,15,0,000282,
0,8,15,0,000283,
0,8,15,0,000285,
0,8,15,0,000286,
0,8,15,0,000287,
0,8,16,0,000288,
0,8,16,0,000289,
0,8,16,0,000290,
0,8,16,0,000291,
0,8,16,0,000292,
0,8,16,0,000293,
0,8,16,0,000294,
0,8,17,0,000295,
0,8,17,0,000296,
0,8,17,0,000297,
0,8,17,0,000298,
0,8,17,0,000299,
0,8,17,0,000300,
0,8,17,0,000301,
0,8,17,0,000302,
0,8,17,0,000303,
0,8,17,0,000304,
0,8,17,0,000305,
0,8,17,0,000306,
0,8,17,0,000307,
0,8,17,0,000308,
0,8,17,0,000309,
0,8,17,0,00304A,
0,8,18,0,000310,
0,8,18,0,000311,
0,8,18,0,000312,
0,8,18,0,000314,
0,8,18,0,000315,
0,8,2,0,000019,
0,8,2,0,000020,
0,8,2,0,000021,
0,8,2,0,000022,
0,8,2,0,000023,
0,8,2,0,000024,
0,8,2,0,000025,
0,8,2,0,000026,
0,8,2,0,000027,
0,8,2,0,000029,
0,8,2,0,000030,
0,8,2,0,000031,
0,8,2,0,000032,
0,8,2,0,000033,
0,8,2,0,000034,
0,8,2,0,000035,
0,8,2,0,000036,
0,8,2,0,000037,
0,8,2,0,000038,
0,8,2,0,000039,
0,8,2,0,000040,
0,8,2,0,000041,
0,8,2,0,000042,
0,8,2,0,000043,
0,8,2,0,000044,
0,8,2,0,000045,
0,8,2,0,000046,
0,8,2,0,000047,
0,8,2,0,000048,
0,8,2,0,000049,
0,8,2,0,000050,
0,8,2,0,000051,
0,8,2,0,000052,
0,8,2,0,000053,
0,8,2,0,000054,
0,8,2,0,000055,
0,8,2,0,000056,
0,8,2,0,000057,
0,8,2,0,000058,
0,8,2,0,00023A,
0,8,3,0,000059,
0,8,3,0,000060,
0,8,3,0,000061,
0,8,3,0,000062,
0,8,3,0,000063,
0,8,3,0,000064,
0,8,3,0,000065,
0,8,3,0,000066,
0,8,3,0,000067,
0,8,3,0,000068,
0,8,3,0,000069,
0,8,3,0,000070,
0,8,3,0,000071,
0,8,3,0,000072,
0,8,3,0,000073,
0,8,3,0,000074,
0,8,3,0,000075,
0,8,3,0,000076,
0,8,4,0,000077,
0,8,4,0,000078,
0,8,4,0,000079,
0,8,4,0,000080,
0,8,4,0,000081,
0,8,4,0,000082,
0,8,4,0,000083,
0,8,4,0,000084,
0,8,4,0,000085,
0,8,4,0,000086,
0,8,4,0,000087,
0,8,4,0,000088,
0,8,4,0,000089,
0,8,4,0,000090,
0,8,4,0,000091,
0,8,4,0,000092,
0,8,4,0,000093,
0,8,4,0,000094,
0,8,4,0,000096,
0,8,4,0,000097,
0,8,5,0,000098,
0,8,5,0,000099,
0,8,5,0,000100,
0,8,5,0,000101,
0,8,5,0,000102,
0,8,5,0,000103,
0,8,5,0,000104,
0,8,5,0,000105,
0,8,5,0,000106,
0,8,5,0,000107,
0,8,5,0,000108,
0,8,5,0,000109,
0,8,6,0,000111,
0,8,6,0,000112,
0,8,6,0,000113,
0,8,6,0,000114,
0,8,6,0,000115,
0,8,6,0,000116,
0,8,6,0,000117,
0,8,6,0,000118,
0,8,6,0,000119,
0,8,6,0,000120,
0,8,6,0,000121,
0,8,6,0,000122,
0,8,6,0,000123,
0,8,6,0,000124,
0,8,6,0,000125,
0,8,6,0,000126,
0,8,6,0,000127,
0,8,7,0,000128,
0,8,7,0,000129,
0,8,7,0,000130,
0,8,7,0,000131,
0,8,7,0,000132,
0,8,7,0,000133,
0,8,7,0,000134,
0,8,7,0,000135,
0,8,7,0,000136,
0,8,7,0,000137,
0,8,7,0,000138,
0,8,7,0,000139,
0,8,7,0,000140,
0,8,8,0,000141,
0,8,8,0,000142,
0,8,8,0,000143,
0,8,8,0,000144,
0,8,8,0,000145,
0,8,8,0,000146,
0,8,8,0,000147,
0,8,8,0,000148,
0,8,8,0,000149,
0,8,8,0,000150,
0,8,8,0,000151,
0,8,8,0,000152,
0,8,8,0,000153,
0,8,8,0,000154,
0,8,8,0,000155,
0,8,8,0,000156,
0,8,9,0,000157,
0,8,9,0,000158,
0,8,9,0,000159,
0,8,9,0,000160,
0,8,9,0,000161,
0,8,9,0,000162,
0,8,9,0,000163,
0,8,9,0,000164,
0,8,9,0,000165,
0,8,9,0,000166,
0,8,9,0,000167,
0,8,9,0,000168,
0,8,9,0,000169,
0,8,9,0,000170,
0,8,9,0,000171,
0,8,9,0,000172,
0,8,9,0,000173,
0,8,9,0,000174,
0,8,9,0,000175,
0,8,9,0,000176,
0,8,9,0,000178,
0,8,9,0,000179,
0,8,9,0,000180,
0,8,9,0,000181,
0,8,9,0,00166A,
0,8,9,0,00174A,
0,9,1,0,000001,
0,9,1,0,000002,
0,9,1,0,000003,
0,9,1,0,000004,
0,9,1,0,000005,
0,9,1,0,000006,
0,9,1,0,000007,
0,9,1,0,000008,
0,9,1,0,000009,
0,9,1,0,000011,
0,9,1,0,000014,
0,9,1,0,000015,
0,9,1,0,000016,
0,9,1,0,000017,
0,9,1,0,000018,
0,9,1,0,000019,
0,9,1,0,000020,
0,9,1,0,000021,
0,9,1,0,00005A,
0,9,1,0,00008A,
0,9,1,0,00008B,
0,9,1,0,00017A,
0,9,1,0,00017B,
0,9,1,0,00021A,
0,9,2,0,000022,
0,9,2,0,000023,
0,9,2,0,000024,
0,9,2,0,00022A,
0,9,2,0,00022B,
0,9,2,0,00022C,
0,9,2,0,00023A,
0,9,2,0,00023B,
0,9,2,0,00023C,
0,9,2,0,00024A,
0,9,2,0,00024B,
0,9,3,0,000025,
0,9,3,0,000026,
0,9,3,0,000027,
0,9,3,0,000028,
0,9,3,0,000029,
0,9,3,0,000030,
0,9,3,0,000031,
0,9,3,0,000032,
0,9,3,0,00026A,
0,9,3,0,00026B,
0,9,3,0,00028A,
0,9,3,0,00028B,
0,9,3,0,00029A,
0,9,3,0,00030A,
0,9,3,0,00031A,
0,9,3,0,00031B,
0,9,3,0,00032A,
0,9,3,0,00032B,
0,9,4,0,000034,
0,9,4,0,000035,
0,9,4,0,000036,
0,9,4,0,000037,
0,9,4,0,000038,
0,9,4,0,000039,
0,9,4,0,000040,
0,9,4,0,000041,
0,9,4,0,000042,
0,9,4,0,00034A,
0,9,4,0,00034B,
0,9,4,0,00034C,
0,9,4,0,00035A,
0,9,4,0,00035B,
0,9,4,0,00036A,
0,9,4,0,00036B,
0,9,4,0,00036C,
0,9,4,0,00037A,
0,9,4,0,00037B,
0,9,4,0,00037C,
0,9,4,0,00037D,
0,9,4,0,00037E,
0,9,4,0,00037F,
0,9,4,0,00037G,
0,9,4,0,00038A,
0,9,4,0,00039A,
0,9,4,0,00041A,
0,9,5,0,000043,
0,9,5,0,000044,
0,9,5,0,000045,
0,9,5,0,00043A,
0,9,5,0,00043B,
0,9,5,0,00043C,
0,9,5,0,00043F,
0,9,5,0,00044A,
0,9,6,0,000047,
0,9,6,0,000048,
0,9,6,0,000049,
0,9,6,0,000050,
0,9,6,0,000051,
0,9,6,0,000052,
0,9,6,0,000053,
0,9,6,0,000054,
0,9,6,0,000055,
0,9,6,0,000056,
0,9,6,0,000057,
0,9,6,0,000058,
0,9,6,0,000059,
0,9,6,0,000060,
0,9,6,0,000061,
0,9,6,0,000062,
0,9,6,0,000063,
0,9,6,0,000064,
0,9,6,0,000065,
0,9,6,0,000066,
0,9,6,0,000067,
0,9,6,0,000068,
0,9,6,0,000069,
0,9,6,0,000070,
0,9,6,0,000071,
0,9,6,0,00050A,
0,9,6,0,00050B,
0,9,6,0,00051A,
0,9,6,0,00051B,
0,9,6,0,00054A,
0,9,6,0,00056A,
0,9,6,0,00058A,
0,9,6,0,00059A,
0,9,6,0,00060A,
0,9,6,0,00063A,
0,9,6,0,00064A,
0,9,6,0,00065A,
0,9,6,0,00066A,
0,9,6,0,00066B,
0,9,6,0,00067A,
0,9,6,0,00071A,
0,9,7,0,000072,
0,9,7,0,000073,
0,9,7,0,000074,
0,9,7,0,000075,
0,9,7,0,000076,
0,9,7,0,000077,
0,9,7,0,000078,
0,9,7,0,000081,
0,9,7,0,00072A,
0,9,7,0,00072B,
0,9,7,0,00076A,
0,9,7,0,00081A,
0,9,8,0,000082,
0,9,8,0,00082A,
0,9,8,0,00082B,
0,9,9,0,00083A,
0,9,9,0,00083B,
11,2,53,1,000400,
12,1,1,0,000001,
12,1,1,0,000002,
12,1,1,0,000003,
12,1,1,0,000005,
12,1,1,0,000006,
12,1,1,0,000007,
12,1,1,0,000008,
12,1,1,0,000009,
12,1,1,0,000010,
12,1,1,0,000011,
12,1,1,0,000012,
12,1,1,0,000013,
12,1,1,0,000014,
12,1,1,0,000015,
12,1,1,0,000016,
12,1,1,0,000017,
12,1,1,0,000018,
12,1,1,0,000019,
12,1,10,0,000102,
12,1,10,0,000103,
12,1,10,0,000104,
12,1,10,0,000105,
12,1,10,0,000106,
12,1,10,0,000107,
12,1,10,0,000108,
12,1,10,0,000109,
12,1,10,0,000110,
12,1,10,0,000111,
12,1,10,0,000112,
12,1,11,0,000113,
12,1,11,0,000114,
12,1,11,0,000115,
12,1,11,0,000116,
12,1,11,0,000117,
12,1,11,0,000118,
12,1,11,0,000119,
12,1,11,0,000120,
12,1,11,0,000121,
12,1,11,0,000122,
12,1,11,0,000123,
12,1,12,0,000124,
12,1,12,0,000125,
12,1,12,0,000126,
12,1,12,0,000127,
12,1,12,0,000128,
12,1,12,0,000129,
12,1,12,0,000130,
12,1,12,0,000131,
12,1,12,0,000132,
12,1,12,0,000133,
12,1,13,0,000134,
12,1,13,0,000135,
12,1,13,0,000136,
12,1,13,0,000137,
12,1,13,0,000138,
12,1,13,0,000139,
12,1,13,0,000140,
12,1,13,0,000141,
12,1,13,0,000142,
12,1,13,0,000143,
12,1,13,0,000144,
12,1,13,0,000145,
12,1,13,0,000146,
12,1,13,0,000147,
12,1,14,0,000148,
12,1,14,0,000149,
12,1,14,0,000150,
12,1,14,0,000151,
12,1,14,0,000152,
12,1,14,0,000153,
12,1,14,0,000154,
12,1,14,0,000155,
12,1,14,0,000156,
12,1,14,0,000157,
12,1,15,0,000158,
12,1,15,0,000159,
12,1,15,0,000160,
12,1,15,0,000161,
12,1,15,0,000162,
12,1,15,0,000163,
12,1,15,0,000164,
12,1,15,0,000165,
12,1,15,0,000166,
12,1,15,0,000167,
12,1,2,0,000020,
12,1,2,0,000021,
12,1,2,0,000022,
12,1,2,0,000023,
12,1,2,0,000024,
12,1,2,0,000025,
12,1,2,0,000026,
12,1,2,0,000027,
12,1,2,0,000028,
12,1,2,0,000029,
12,1,3,0,000030,
12,1,3,0,000031,
12,1,3,0,000032,
12,1,3,0,000033,
12,1,3,0,000034,
12,1,3,0,000035,
12,1,3,0,000036,
12,1,3,0,000037,
12,1,3,0,000038,
12,1,3,0,000039,
12,1,3,0,000040,
12,1,3,0,000041,
12,1,3,0,000042,
12,1,4,0,000043,
12,1,4,0,000044,
12,1,4,0,000045,
12,1,4,0,000046,
12,1,4,0,000047,
12,1,4,0,000048,
12,1,4,0,000049,
12,1,4,0,000050,
12,1,4,0,000051,
12,1,4,0,000052,
12,1,4,0,000053,
12,1,4,0,000054,
12,1,4,0,000055,
12,1,4,0,000056,
12,1,4,0,000057,
12,1,5,0,000058,
12,1,5,0,000059,
12,1,5,0,000060,
12,1,5,0,000061,
12,1,5,0,000062,
12,1,5,0,000063,
12,1,5,0,000064,
12,1,5,0,000065,
12,1,5,0,000066,
12,1,5,0,000067,
12,1,6,0,000068,
12,1,6,0,000069,
12,1,6,0,000070,
12,1,6,0,000071,
12,1,6,0,000072,
12,1,6,0,000073,
12,1,6,0,000074,
12,1,7,0,000075,
12,1,7,0,000076,
12,1,7,0,000077,
12,1,7,0,000078,
12,1,7,0,000079,
12,1,7,0,000080,
12,1,7,0,000081,
12,1,7,0,000082,
12,1,7,0,000083,
12,1,7,0,000084,
12,1,7,0,000085,
12,1,7,0,000086,
12,1,8,0,000087,
12,1,8,0,000088,
12,1,8,0,000089,
12,1,8,0,000090,
12,1,9,0,000091,
12,1,9,0,000092,
12,1,9,0,000093,
12,1,9,0,000094,
12,1,9,0,000095,
12,1,9,0,000096,
12,1,9,0,000097,
12,1,9,0,000098,
12,1,9,0,000099,
12,1,9,0,000100,
12,1,9,0,000101,
12,10,1,0,000001,
12,10,1,0,000002,
12,10,1,0,000003,
12,10,1,0,000004,
12,10,1,0,000005,
12,10,1,0,000006,
12,10,1,0,000007,
12,10,1,0,000008,
12,10,1,0,000009,
12,10,1,0,000011,
12,10,1,0,000012,
12,10,1,0,000013,
12,10,1,0,000014,
12,10,1,0,000016,
12,10,1,0,000017,
12,10,1,0,000018,
12,10,1,0,000019,
12,10,1,0,000020,
12,10,1,0,000021,
12,10,1,0,00010A,
12,10,1,0,00010B,
12,10,12,0,000101,
12,10,12,0,000103,
12,10,12,0,000104,
12,10,12,0,000105,
12,10,12,0,000107,
12,10,12,0,00099A,
12,10,12,0,00099B,
12,10,12,0,00100A,
12,10,12,0,00100B,
12,10,12,0,00102A,
12,10,12,0,00102B,
12,10,12,0,00106A,
12,10,12,0,00106B,
12,10,15,0,000118,
12,10,15,0,000119,
12,10,15,0,000120,
12,10,15,0,000121,
12,10,15,0,000122,
12,10,15,0,000123,
12,10,15,0,000124,
12,10,3,0,000026,
12,10,3,0,000027,
12,10,3,0,00025A,
12,10,3,0,00025B,
12,10,4,0,000031,
12,10,4,0,000032,
12,10,4,0,000034,
12,10,4,0,000035,
12,10,4,0,00033A,
12,10,4,0,00033B,
12,10,6,0,000048,
12,10,6,0,000049,
12,10,6,0,000050,
12,10,6,0,000052,
12,10,6,0,00051A,
12,10,6,0,00051B,
12,10,7,0,000053,
12,10,7,0,000054,
12,10,7,0,000057,
12,10,7,0,000060,
12,10,7,0,000061,
12,10,7,0,000064,
12,10,7,0,000066,
12,10,7,0,000067,
12,10,7,0,000069,
12,10,7,0,000070,
12,10,9,0,000076,
12,10,9,0,000077,
12,10,9,0,000078,
12,10,9,0,000079,
12,10,9,0,000080,
12,10,9,0,000082,
12,11,15,0,000057,
12,11,15,0,000058,
12,11,17,0,000063,
12,11,17,0,000064,
12,11,2,0,000006,
12,11,2,0,000009,
12,11,2,0,000010,
12,11,21,0,000087,
12,11,21,0,000088,
12,11,21,0,000089,
12,12,2,0,000003,
12,12,3,0,000004,
12,12,3,0,000007,
12,12,3,0,00005A,
12,12,3,0,00005B,
12,12,3,0,00006A,
12,12,3,0,00006B,
12,12,3,0,00008A,
12,12,3,0,00008B,
12,12,3,0,00008C,
12,12,5,0,000013,
12,12,5,0,000015,
12,12,5,0,000017,
12,12,5,0,00014A,
12,12,5,0,00014B,
12,12,5,0,00016A,
12,12,5,0,00016B,
12,12,6,0,000019,
12,12,6,0,000020,
12,12,6,0,000021,
12,12,6,0,000024,
12,12,6,0,000025,
12,12,6,0,00018A,
12,12,6,0,00018B,
12,12,6,0,00022A,
12,12,6,0,00022B,
12,12,6,0,00023A,
12,12,6,0,00023C,
12,12,9,0,000033,
12,13,1,9,000001,
12,13,1,9,000002,
12,13,1,9,000003,
12,13,1,9,000004,
12,13,1,9,000005,
12,13,1,9,000006,
12,13,1,9,000007,
12,13,1,9,000008,
12,13,1,9,000009,
12,13,1,9,000010,
12,13,1,9,000011,
12,13,1,9,000012,
12,13,1,9,000013,
12,13,1,9,000014,
12,13,1,9,000015,
12,13,1,9,000016,
12,13,1,9,000017,
12,13,1,9,000018,
12,13,1,9,000019,
12,13,1,9,000020,
12,13,1,9,000021,
12,13,1,9,000022,
12,13,1,9,000023,
12,13,1,9,000024,
12,13,1,9,00018A,
12,13,1,9,00018B,
12,13,1,9,00022A,
12,13,10,10,000077,
12,13,10,10,000078,
12,13,10,10,000079,
12,13,10,10,000080,
12,13,10,10,000081,
12,13,15,10,000103,
12,13,15,10,000104,
12,13,15,10,000105,
12,13,15,10,000106,
12,13,18,12,000130,
12,13,18,12,000131,
12,13,18,12,000132,
12,13,18,12,000133,
12,13,18,12,000134,
12,13,18,12,000135,
12,13,18,12,000136,
12,13,4,9,000034,
12,13,4,9,000035,
12,13,4,9,000036,
12,13,4,9,000037,
12,13,4,9,000038,
12,13,4,9,000039,
12,13,4,9,000040,
12,13,4,9,00034A,
12,13,4,9,00034B,
12,13,4,9,00034C,
12,13,4,9,00034D,
12,13,4,9,00034E,
12,13,4,9,00037A,
12,13,4,9,00040A,
12,13,4,9,00040B,
12,14,1,0,000003,
12,14,1,0,000004,
12,14,1,0,00003A,
12,14,1,0,00004A,
12,14,10,0,000059,
12,14,10,0,000060,
12,14,10,0,000061,
12,14,10,0,00059B,
12,14,10,0,00061A,
12,14,13,0,000068,
12,14,13,0,00059A,
12,14,13,0,00068A,
12,14,13,0,00068B,
12,14,13,0,00068C,
12,14,13,0,00068D,
12,14,16,0,000078,
12,14,16,0,000079,
12,14,16,0,000080,
12,14,6,0,000032,
12,14,6,0,000033,
12,14,6,0,000034,
12,14,6,0,000035,
12,14,6,0,00035A,
12,14,9,0,000053,
12,14,9,0,000054,
12,14,9,0,000055,
12,14,9,0,000056,
12,14,9,0,000057,
12,14,9,0,000058,
12,15,1,0,000001,
12,15,1,0,000008,
12,15,1,0,000011,
12,15,1,0,000016,
12,15,1,0,000018,
12,15,1,0,000021,
12,15,1,0,000025,
12,15,1,0,000028,
12,15,1,0,000030,
12,15,1,0,000032,
12,15,1,0,000034,
12,15,1,0,000046,
12,15,1,0,000054,
12,15,1,0,000057,
12,15,1,0,000069,
12,15,1,0,000079,
12,15,1,0,000089,
12,15,1,0,000100,
12,15,1,0,000105,
12,15,1,0,000110,
12,15,1,0,000115,
12,15,1,0,000120,
12,15,1,0,000130,
12,15,1,0,000140,
12,15,1,0,000150,
12,15,1,0,000155,
12,15,1,0,000160,
12,15,1,0,000170,
12,15,1,0,000180,
12,15,1,0,000185,
12,15,1,0,000190,
12,15,11,0,001100,
12,15,11,0,001120,
12,15,11,0,001130,
12,15,11,0,001140,
12,15,11,0,001150,
12,15,11,0,001160,
12,15,11,0,001170,
12,15,11,0,001180,
12,15,14,0,001400,
12,15,14,0,001410,
12,15,14,0,001420,
12,15,14,0,001430,
12,15,14,0,001440,
12,15,14,0,001450,
12,15,4,0,000400,
12,15,4,0,000410,
12,15,4,0,000420,
12,15,4,0,000430,
12,15,4,0,000440,
12,15,4,0,000450,
12,15,5,0,000500,
12,15,5,0,000510,
12,15,5,0,000520,
12,15,5,0,000530,
12,15,5,0,000540,
12,15,5,0,000550,
12,15,5,0,000560,
12,15,5,0,000570,
12,15,5,0,000580,
12,15,8,0,000800,
12,15,8,0,000810,
12,15,8,0,000820,
12,15,8,0,000830,
12,15,8,0,000840,
12,15,8,0,000850,
12,15,8,0,000860,
12,16,11,0,000047,
12,16,11,0,000048,
12,16,11,0,000049,
12,16,11,0,000050,
12,16,11,0,000051,
12,16,11,0,000052,
12,16,11,0,000053,
12,16,11,0,000054,
12,16,11,0,000055,
12,16,12,0,000057,
12,16,12,0,000058,
12,16,12,0,000059,
12,16,12,0,000061,
12,16,12,0,000062,
12,16,12,0,000064,
12,16,12,0,000065,
12,16,12,0,000066,
12,16,12,0,000067,
12,16,12,0,000068,
12,16,12,0,000069,
12,16,12,0,000070,
12,16,12,0,00068B,
12,16,12,0,006301,
12,16,12,0,006302,
12,16,12,0,006303,
12,16,12,0,006304,
12,16,12,0,006305,
12,16,12,0,006306,
12,16,12,0,006307,
12,16,12,0,006308,
12,16,12,0,006309,
12,16,12,0,006310,
12,16,12,0,006311,
12,16,12,0,006312,
12,16,3,0,000009,
12,16,3,0,000011,
12,16,8,0,000036,
12,16,8,0,000037,
12,16,8,0,00036B,
12,16,8,0,00036C,
12,16,8,0,00038A,
12,16,8,0,00040A,
12,17,1,0,00001A,
12,17,1,0,00001B,
12,17,1,0,00001C,
12,17,1,0,00001D,
12,17,1,0,00001E,
12,17,1,0,00001F,
12,17,1,0,00001G,
12,17,1,0,00002A,
12,17,1,0,00002B,
12,17,1,0,00002C,
12,17,1,0,00002D,
12,17,1,0,00002E,
12,17,1,0,00002F,
12,17,1,0,00002G,
12,17,1,0,00002H,
12,17,1,0,00002I,
12,17,1,0,00002J,
12,17,1,0,00002K,
12,17,1,0,00002L,
12,17,1,0,00002M,
12,17,1,0,00002N,
12,17,1,0,00002O,
12,17,1,0,00002P,
12,17,1,0,00002Q,
12,17,1,0,00003A,
12,17,1,0,00003B,
12,17,1,0,00003C,
12,17,1,0,00003D,
12,17,1,0,00003E,
12,17,1,0,00003F,
12,17,1,0,00003G,
12,17,1,0,00003H,
12,17,1,0,00003I,
12,17,1,0,00003J,
12,17,1,0,00003K,
12,17,1,0,00003L,
12,17,1,0,00004A,
12,17,1,0,00004B,
12,17,1,0,00004C,
12,17,1,0,00004D,
12,17,1,0,00005A,
12,17,1,0,00005B,
12,17,1,0,00005D,
12,17,1,0,00005E,
12,17,1,0,00005F,
12,17,1,0,00005G,
12,17,1,0,00005H,
12,17,1,0,00005I,
12,17,1,0,00005J,
12,17,1,0,00005K,
12,17,1,0,00005L,
12,17,1,0,00005M,
12,17,1,0,00005N,
12,17,1,0,00005O,
12,17,1,0,00006A,
12,17,1,0,00007A,
12,17,12,0,00056A,
12,17,3,0,00010A,
12,17,3,0,00011A,
12,17,3,0,00011B,
12,17,3,0,00011C,
12,17,3,0,00012A,
12,17,3,0,00012B,
12,17,3,0,00012C,
12,17,3,0,00012D,
12,17,3,0,00012E,
12,17,3,0,00014A,
12,17,4,0,00015A,
12,17,4,0,00015B,
12,17,4,0,00015C,
12,17,4,0,00015D,
12,17,4,0,00015E,
12,17,4,0,00015F,
12,17,4,0,00015G,
12,17,4,0,00016A,
12,17,4,0,00016B,
12,17,4,0,00017A,
12,17,4,0,00017B,
12,17,6,0,00026B,
12,17,6,0,00027A,
12,17,6,0,00027B,
12,17,6,0,00028A,
12,17,6,0,00028B,
12,17,6,0,00028C,
12,17,6,0,00028D,
12,17,6,0,00028E,
12,17,6,0,00028F,
12,17,6,0,00028G,
12,17,6,0,00028H,
12,17,6,0,00029A,
12,17,6,0,00029B,
12,17,6,0,00029C,
12,17,6,0,00029D,
12,17,6,0,00029E,
12,17,6,0,00029F,
12,17,6,0,00029G,
12,17,6,0,00029H,
12,17,6,0,00029I,
12,17,7,0,00030B,
12,17,7,0,00031A,
12,17,7,0,00031B,
12,17,7,0,00032B,
12,17,7,0,00036B,
12,17,7,0,00037A,
12,17,7,0,00038A,
12,17,7,0,00038B,
12,17,7,0,00039A,
12,17,9,0,00046A,
12,17,9,0,00046B,
12,17,9,0,00046C,
12,17,9,0,00046F,
12,17,9,0,00046I,
12,17,9,0,00046J,
12,17,9,0,00046K,
12,17,9,0,00047A,
12,17,9,0,00047B,
12,17,9,0,00048C,
12,17,9,0,00048D,
12,18,1,0,000001,
12,18,1,0,000002,
12,18,1,0,000011,
12,18,1,0,000012,
12,18,1,0,000015,
12,18,1,0,000016,
12,18,1,0,000017,
12,18,1,0,000018,
12,18,1,0,000019,
12,18,1,0,000020,
12,18,1,0,000021,
12,18,1,0,000022,
12,18,1,0,000023,
12,18,1,0,000024,
12,18,1,0,000027,
12,18,1,0,000028,
12,18,1,0,000029,
12,18,1,0,000030,
12,18,1,0,000031,
12,18,15,0,000101,
12,18,15,0,000102,
12,18,15,0,000103,
12,18,15,0,000104,
12,18,15,0,000105,
12,18,15,0,000106,
12,18,15,0,000107,
12,18,15,0,000108,
12,18,15,0,000109,
12,18,15,0,000110,
12,18,15,0,000111,
12,18,15,0,000112,
12,18,15,0,00110A,
12,18,19,0,000139,
12,18,19,0,000140,
12,18,19,0,000141,
12,18,19,0,000142,
12,18,4,0,000045,
12,18,4,0,000046,
12,18,4,0,000047,
12,18,4,0,000048,
12,18,4,0,000049,
12,18,4,0,000050,
12,18,4,0,000051,
12,18,4,0,000052,
12,2,1,6,000001,
12,2,1,6,000002,
12,2,1,6,000003,
12,2,1,6,000004,
12,2,1,6,000005,
12,2,1,6,000006,
12,2,1,6,000007,
12,2,101,2,000854,
12,2,101,2,000855,
12,2,101,2,000856,
12,2,101,2,000857,
12,2,101,2,000858,
12,2,101,2,00857A,
12,2,101,2,00857B,
12,2,102,2,000860,
12,2,102,2,000861,
12,2,102,2,000862,
12,2,102,2,000863,
12,2,102,2,000864,
12,2,102,2,00862A,
12,2,102,2,00863A,
12,2,102,2,00864A,
12,2,104,5,000871,
12,2,104,5,00871A,
12,2,104,5,00871B,
12,2,104,5,00871C,
12,2,104,5,00871D,
12,2,105,1,000872,
12,2,105,1,000873,
12,2,105,1,000874,
12,2,105,1,000875,
12,2,105,1,000876,
12,2,105,1,000877,
12,2,105,1,000878,
12,2,105,1,000879,
12,2,105,1,000880,
12,2,105,1,000881,
12,2,105,1,000882,
12,2,105,1,00878A,
12,2,105,1,00879A,
12,2,105,1,00880A,
12,2,105,1,00880B,
12,2,105,1,00882A,
12,2,107,2,000901,
12,2,107,2,000902,
12,2,107,2,000903,
12,2,107,2,000904,
12,2,107,2,000905,
12,2,107,2,000906,
12,2,107,2,000907,
12,2,107,2,000908,
12,2,107,2,000909,
12,2,107,2,000910,
12,2,107,2,000911,
12,2,107,2,00901A,
12,2,107,2,00901B,
12,2,108,2,000913,
12,2,108,2,000914,
12,2,108,2,000915,
12,2,108,2,000916,
12,2,108,2,000917,
12,2,108,2,000918,
12,2,108,2,000919,
12,2,108,2,000920,
12,2,108,2,000921,
12,2,108,2,000922,
12,2,108,2,00922A,
12,2,11,3,000789,
12,2,11,3,000790,
12,2,11,3,000792,
12,2,11,3,00789A,
12,2,11,3,00789B,
12,2,11,3,00789C,
12,2,11,3,00789D,
12,2,11,3,00789E,
12,2,11,3,00789F,
12,2,11,3,00790A,
12,2,11,3,00792A,
12,2,11,3,00792B,
12,2,11,3,00792C,
12,2,11,3,00792D,
12,2,110,1,000929,
12,2,110,1,000930,
12,2,110,1,000931,
12,2,110,1,00929A,
12,2,111,5,000933,
12,2,111,5,000934,
12,2,111,5,000935,
12,2,111,5,000936,
12,2,111,5,000937,
12,2,111,5,000938,
12,2,111,5,000939,
12,2,111,5,000940,
12,2,111,5,00933A,
12,2,111,5,00933B,
12,2,111,5,00933C,
12,2,111,5,00933D,
12,2,111,5,00933E,
12,2,111,5,00933F,
12,2,111,5,00933G,
12,2,111,5,00933H,
12,2,111,5,00933I,
12,2,111,5,00933J,
12,2,111,5,00933K,
12,2,111,5,00933L,
12,2,112,7,000944,
12,2,112,7,000945,
12,2,112,7,000946,
12,2,112,7,000947,
12,2,112,7,000948,
12,2,112,7,000949,
12,2,113,1,000530,
12,2,113,1,000533,
12,2,113,1,000534,
12,2,113,1,000535,
12,2,113,1,000536,
12,2,113,1,00534A,
12,2,113,1,00535A,
12,2,113,1,00536A,
12,2,114,6,000953,
12,2,114,6,000954,
12,2,114,6,000955,
12,2,114,6,000956,
12,2,114,6,00955A,
12,2,114,6,00955B,
12,2,115,4,000957,
12,2,115,4,000958,
12,2,115,4,000959,
12,2,115,4,000960,
12,2,115,4,000961,
12,2,115,4,00959A,
12,2,115,4,00961A,
12,2,115,4,00961B,
12,2,115,4,00961C,
12,2,115,4,00961D,
12,2,117,6,000964,
12,2,117,6,000968,
12,2,117,6,000969,
12,2,117,6,000970,
12,2,117,6,000972,
12,2,117,6,000975,
12,2,117,6,00973A,
12,2,117,6,00975A,
12,2,117,6,00975B,
12,2,118,1,000389,
12,2,118,1,000390,
12,2,118,1,000391,
12,2,118,1,000392,
12,2,118,1,000393,
12,2,118,1,000394,
12,2,118,1,000395,
12,2,118,1,00394A,
12,2,12,3,000511,
12,2,12,3,000512,
12,2,12,3,000513,
12,2,12,3,00513A,
12,2,121,7,000980,
12,2,121,7,000981,
12,2,121,7,000982,
12,2,121,7,000983,
12,2,123,5,000344,
12,2,124,6,001007,
12,2,124,6,001008,
12,2,124,6,001009,
12,2,124,6,001010,
12,2,124,6,001011,
12,2,124,6,01011A,
12,2,127,4,000361,
12,2,127,4,000362,
12,2,127,4,00361A,
12,2,128,3,000304,
12,2,128,3,00304A,
12,2,128,3,00304B,
12,2,128,3,00304C,
12,2,129,1,000398,
12,2,129,1,00398A,
12,2,129,1,00398B,
12,2,130,1,000399,
12,2,130,1,00399A,
12,2,130,1,00399B,
12,2,130,1,00399C,
12,2,130,1,00399D,
12,2,130,1,00399E,
12,2,130,1,00399F,
12,2,130,1,00399G,
12,2,131,3,000611,
12,2,131,3,000612,
12,2,131,3,000613,
12,2,131,3,00613A,
12,2,131,3,00613B,
12,2,133,1,000666,
12,2,133,1,000667,
12,2,133,1,00666A,
12,2,134,1,000668,
12,2,134,1,00668A,
12,2,134,1,00668B,
12,2,14,4,000136,
12,2,14,4,000137,
12,2,14,4,000138,
12,2,14,4,000139,
12,2,14,4,000140,
12,2,14,4,000141,
12,2,14,4,000142,
12,2,14,4,000143,
12,2,14,4,000144,
12,2,14,4,000145,
12,2,15,3,000148,
12,2,15,3,000149,
12,2,15,3,000150,
12,2,15,3,000151,
12,2,15,3,000152,
12,2,15,3,000153,
12,2,15,3,00153A,
12,2,17,3,000157,
12,2,17,3,000158,
12,2,17,3,000159,
12,2,17,3,000160,
12,2,17,3,000161,
12,2,17,3,000162,
12,2,17,3,00158A,
12,2,17,3,00158B,
12,2,18,2,000121,
12,2,18,2,000122,
12,2,2,4,000010,
12,2,2,4,000011,
12,2,2,4,000012,
12,2,2,4,000013,
12,2,2,4,000014,
12,2,2,4,000015,
12,2,20,4,000169,
12,2,20,4,000170,
12,2,20,4,000171,
12,2,20,4,000172,
12,2,20,4,000173,
12,2,20,4,00171A,
12,2,21,2,000175,
12,2,21,2,000176,
12,2,21,2,000177,
12,2,22,6,000729,
12,2,22,6,000730,
12,2,22,6,000731,
12,2,22,6,000732,
12,2,22,6,000733,
12,2,22,6,00731A,
12,2,23,5,000185,
12,2,23,5,000186,
12,2,23,5,000187,
12,2,24,2,000230,
12,2,24,2,000231,
12,2,24,2,00230A,
12,2,24,2,00231A,
12,2,25,6,000232,
12,2,25,6,000233,
12,2,25,6,000234,
12,2,25,6,000235,
12,2,25,6,000236,
12,2,25,6,000237,
12,2,25,6,000238,
12,2,25,6,00232A,
12,2,25,6,00236A,
12,2,25,6,00237A,
12,2,26,6,000240,
12,2,26,6,000241,
12,2,26,6,000242,
12,2,26,6,000243,
12,2,26,6,000244,
12,2,26,6,000245,
12,2,26,6,000246,
12,2,27,6,000248,
12,2,27,6,000249,
12,2,27,6,00248A,
12,2,27,6,00248B,
12,2,27,6,00248C,
12,2,27,6,00248D,
12,2,27,6,00248E,
12,2,27,6,00248F,
12,2,27,6,00249A,
12,2,27,6,00249B,
12,2,28,6,000252,
12,2,28,6,000253,
12,2,28,6,000254,
12,2,28,6,000255,
12,2,28,6,000256,
12,2,28,6,000257,
12,2,28,6,000258,
12,2,28,6,00255A,
12,2,28,6,00256A,
12,2,28,6,00258A,
12,2,28,6,00258B,
12,2,28,6,00258C,
12,2,29,4,000189,
12,2,29,4,000190,
12,2,29,4,000191,
12,2,29,4,000192,
12,2,29,4,000193,
12,2,29,4,000194,
12,2,29,4,000195,
12,2,29,4,000196,
12,2,29,4,000197,
12,2,29,4,000198,
12,2,29,4,00196A,
12,2,3,3,000017,
12,2,3,3,000018,
12,2,3,3,000019,
12,2,3,3,000020,
12,2,3,3,000021,
12,2,3,3,000022,
12,2,3,3,00018A,
12,2,3,3,00020A,
12,2,3,3,00021A,
12,2,3,3,00022A,
12,2,3,3,00022B,
12,2,30,5,000201,
12,2,30,5,000202,
12,2,30,5,000203,
12,2,30,5,000204,
12,2,30,5,000205,
12,2,30,5,000206,
12,2,30,5,000208,
12,2,30,5,000209,
12,2,30,5,00209A,
12,2,31,4,000211,
12,2,31,4,000212,
12,2,31,4,000213,
12,2,31,4,000214,
12,2,31,4,000215,
12,2,31,4,000216,
12,2,31,4,000217,
12,2,31,4,000218,
12,2,31,4,000219,
12,2,31,4,000220,
12,2,31,4,000221,
12,2,31,4,000222,
12,2,31,4,000223,
12,2,31,4,000224,
12,2,31,4,000225,
12,2,31,4,000226,
12,2,32,6,000179,
12,2,32,6,000180,
12,2,32,6,000181,
12,2,32,6,000182,
12,2,32,6,000183,
12,2,33,5,000282,
12,2,33,5,000283,
12,2,33,5,000284,
12,2,33,5,000285,
12,2,34,3,000490,
12,2,34,3,000491,
12,2,34,3,000492,
12,2,34,3,00491A,
12,2,35,1,000773,
12,2,35,1,000774,
12,2,35,1,000775,
12,2,35,1,00773A,
12,2,35,1,00773B,
12,2,35,1,00775A,
12,2,36,3,000286,
12,2,36,3,000287,
12,2,36,3,000288,
12,2,36,3,000291,
12,2,36,3,00286A,
12,2,36,3,00287A,
12,2,36,3,00287B,
12,2,36,3,00287C,
12,2,36,3,00287D,
12,2,36,3,00288A,
12,2,36,3,00288B,
12,2,36,3,00291A,
12,2,37,2,000292,
12,2,37,2,000293,
12,2,37,2,000294,
12,2,37,2,000295,
12,2,37,2,000296,
12,2,37,2,000297,
12,2,37,2,000298,
12,2,38,3,000302,
12,2,38,3,000303,
12,2,38,3,00302A,
12,2,38,3,00302B,
12,2,38,3,00302C,
12,2,38,3,00302D,
12,2,38,3,00302E,
12,2,38,3,00302F,
12,2,38,3,00303A,
12,2,38,3,00303B,
12,2,39,5,000305,
12,2,39,5,000306,
12,2,39,5,000307,
12,2,39,5,000308,
12,2,39,5,000309,
12,2,4,3,000023,
12,2,4,3,000024,
12,2,4,3,000025,
12,2,4,3,000026,
12,2,4,3,000027,
12,2,4,3,000030,
12,2,4,3,000031,
12,2,4,3,000032,
12,2,4,3,000033,
12,2,4,3,000034,
12,2,4,3,000037,
12,2,4,3,000038,
12,2,4,3,000039,
12,2,4,3,000040,
12,2,40,7,000310,
12,2,40,7,000311,
12,2,40,7,000312,
12,2,40,7,000313,
12,2,41,4,000314,
12,2,41,4,000315,
12,2,41,4,000316,
12,2,41,4,000317,
12,2,41,4,000318,
12,2,41,4,00314A,
12,2,41,4,00316A,
12,2,43,5,000326,
12,2,43,5,000327,
12,2,43,5,000328,
12,2,44,6,000330,
12,2,44,6,000331,
12,2,44,6,000332,
12,2,44,6,000333,
12,2,44,6,000334,
12,2,44,6,000335,
12,2,44,6,000336,
12,2,46,5,000338,
12,2,46,5,00338A,
12,2,46,5,00338B,
12,2,47,5,000340,
12,2,47,5,000341,
12,2,47,5,000342,
12,2,47,5,000343,
12,2,49,4,000354,
12,2,49,4,000356,
12,2,49,4,000357,
12,2,49,4,000358,
12,2,49,4,000359,
12,2,49,4,000360,
12,2,5,5,000046,
12,2,5,5,000048,
12,2,5,5,000049,
12,2,5,5,000050,
12,2,5,5,000051,
12,2,5,5,000052,
12,2,5,5,000053,
12,2,5,5,000054,
12,2,5,5,000055,
12,2,5,5,000056,
12,2,50,5,000364,
12,2,50,5,000365,
12,2,50,5,000366,
12,2,50,5,000367,
12,2,50,5,000368,
12,2,50,5,000369,
12,2,50,5,000370,
12,2,50,5,00366A,
12,2,50,5,00370A,
12,2,50,5,00370B,
12,2,50,5,00370C,
12,2,50,5,00370D,
12,2,50,5,00370E,
12,2,50,5,00370F,
12,2,50,5,00370G,
12,2,51,1,000374,
12,2,52,1,000376,
12,2,52,1,000377,
12,2,52,1,000378,
12,2,52,1,000379,
12,2,52,1,000380,
12,2,52,1,000381,
12,2,52,1,000382,
12,2,52,1,000383,
12,2,52,1,000384,
12,2,52,1,000388,
12,2,52,1,00377A,
12,2,53,1,000397,
12,2,53,1,000400,
12,2,53,1,000401,
12,2,53,1,000402,
12,2,53,1,00397A,
12,2,53,1,00397B,
12,2,53,1,00397C,
12,2,53,1,00401A,
12,2,54,4,000404,
12,2,54,4,000405,
12,2,54,4,000407,
12,2,54,4,000408,
12,2,54,4,000409,
12,2,54,4,000410,
12,2,55,4,000411,
12,2,55,4,000412,
12,2,55,4,000413,
12,2,55,4,000414,
12,2,55,4,000415,
12,2,55,4,000416,
12,2,55,4,000417,
12,2,55,4,000418,
12,2,55,4,000419,
12,2,55,4,000420,
12,2,55,4,000421,
12,2,55,4,000422,
12,2,56,6,000424,
12,2,56,6,000427,
12,2,56,6,000428,
12,2,57,6,000430,
12,2,57,6,000431,
12,2,57,6,000432,
12,2,57,6,000433,
12,2,57,6,000434,
12,2,58,4,000742,
12,2,58,4,00742A,
12,2,58,4,00742B,
12,2,59,6,000436,
12,2,59,6,000437,
12,2,59,6,000438,
12,2,59,6,000439,
12,2,59,6,000440,
12,2,59,6,000441,
12,2,59,6,000442,
12,2,6,7,000060,
12,2,6,7,000061,
12,2,6,7,000062,
12,2,6,7,000063,
12,2,6,7,000064,
12,2,6,7,000065,
12,2,6,7,000066,
12,2,6,7,000067,
12,2,6,7,000068,
12,2,6,7,000069,
12,2,6,7,00062A,
12,2,6,7,00062B,
12,2,60,4,000444,
12,2,60,4,000445,
12,2,60,4,000446,
12,2,60,4,000447,
12,2,60,4,000448,
12,2,60,4,000449,
12,2,60,4,000450,
12,2,60,4,000451,
12,2,60,4,000452,
12,2,60,4,000453,
12,2,60,4,000454,
12,2,60,4,000455,
12,2,60,4,000456,
12,2,61,3,000626,
12,2,61,3,000627,
12,2,61,3,000628,
12,2,61,3,000629,
12,2,61,3,000630,
12,2,61,3,000631,
12,2,61,3,000632,
12,2,61,3,000633,
12,2,61,3,000634,
12,2,61,3,000635,
12,2,61,3,00626A,
12,2,61,3,00629A,
12,2,61,3,00629B,
12,2,61,3,00631A,
12,2,61,3,00631B,
12,2,61,3,00631C,
12,2,61,3,00631D,
12,2,61,3,00632A,
12,2,61,3,00632B,
12,2,61,3,00635A,
12,2,61,3,00635B,
12,2,61,3,00635C,
12,2,61,3,00635D,
12,2,61,3,00635E,
12,2,61,3,00635F,
12,2,62,3,000259,
12,2,62,3,000260,
12,2,62,3,000261,
12,2,62,3,000262,
12,2,62,3,000263,
12,2,62,3,000264,
12,2,62,3,000265,
12,2,62,3,000271,
12,2,62,3,000272,
12,2,62,3,000273,
12,2,62,3,000274,
12,2,62,3,000275,
12,2,62,3,000276,
12,2,63,8,000460,
12,2,63,8,000461,
12,2,63,8,000462,
12,2,63,8,000463,
12,2,63,8,000464,
12,2,63,8,000465,
12,2,63,8,000466,
12,2,63,8,000467,
12,2,63,8,000468,
12,2,63,8,000469,
12,2,63,8,000471,
12,2,63,8,000472,
12,2,63,8,000473,
12,2,63,8,000474,
12,2,63,8,000475,
12,2,63,8,000476,
12,2,63,8,000477,
12,2,63,8,000480,
12,2,63,8,000481,
12,2,63,8,000482,
12,2,63,8,000483,
12,2,63,8,000484,
12,2,63,8,000485,
12,2,63,8,000486,
12,2,63,8,000487,
12,2,63,8,000488,
12,2,63,8,000493,
12,2,63,8,000495,
12,2,63,8,000496,
12,2,63,8,000497,
12,2,63,8,000498,
12,2,63,8,000501,
12,2,63,8,000502,
12,2,63,8,000503,
12,2,63,8,000504,
12,2,63,8,000505,
12,2,63,8,000508,
12,2,63,8,000509,
12,2,63,8,000516,
12,2,63,8,000517,
12,2,63,8,000518,
12,2,63,8,000519,
12,2,63,8,000520,
12,2,63,8,000521,
12,2,63,8,00496A,
12,2,63,8,00496B,
12,2,63,8,00496C,
12,2,63,8,00496D,
12,2,63,8,00496E,
12,2,63,8,00497A,
12,2,63,8,00497B,
12,2,63,8,00497C,
12,2,63,8,00497D,
12,2,63,8,00497E,
12,2,63,8,00497F,
12,2,63,8,00503A,
12,2,63,8,00504A,
12,2,63,8,00505A,
12,2,63,8,00505B,
12,2,63,8,00508A,
12,2,63,8,00508B,
12,2,63,8,00508C,
12,2,63,8,00508D,
12,2,63,8,00508E,
12,2,63,8,00508F,
12,2,63,8,00508G,
12,2,63,8,00509A,
12,2,64,6,000524,
12,2,64,6,000525,
12,2,64,6,000526,
12,2,64,6,000527,
12,2,64,6,000528,
12,2,65,5,000538,
12,2,65,5,000539,
12,2,65,5,000540,
12,2,65,5,000541,
12,2,65,5,000542,
12,2,65,5,000543,
12,2,65,5,000544,
12,2,65,5,000545,
12,2,66,4,000549,
12,2,66,4,000550,
12,2,66,4,000551,
12,2,66,4,000552,
12,2,66,4,000553,
12,2,67,4,000554,
12,2,67,4,000555,
12,2,67,4,000556,
12,2,67,4,000557,
12,2,67,4,000558,
12,2,67,4,000559,
12,2,67,4,000560,
12,2,67,4,000561,
12,2,67,4,000562,
12,2,67,4,000563,
12,2,67,4,000564,
12,2,67,4,000565,
12,2,67,4,000566,
12,2,67,4,000567,
12,2,67,4,00567A,
12,2,68,5,000568,
12,2,68,5,000569,
12,2,68,5,000570,
12,2,68,5,000571,
12,2,68,5,000572,
12,2,68,5,00568A,
12,2,68,5,00569A,
12,2,69,3,000574,
12,2,69,3,000575,
12,2,69,3,000576,
12,2,69,3,000577,
12,2,69,3,000578,
12,2,69,3,000579,
12,2,69,3,000580,
12,2,69,3,000581,
12,2,69,3,00576A,
12,2,7,6,000072,
12,2,7,6,000073,
12,2,7,6,000074,
12,2,7,6,000075,
12,2,7,6,000076,
12,2,7,6,000077,
12,2,7,6,000078,
12,2,7,6,000079,
12,2,7,6,000080,
12,2,7,6,000083,
12,2,7,6,000084,
12,2,7,6,000085,
12,2,7,6,000086,
12,2,7,6,000087,
12,2,7,6,000088,
12,2,7,6,000089,
12,2,7,6,000090,
12,2,7,6,000091,
12,2,7,6,000092,
12,2,7,6,000093,
12,2,70,3,000583,
12,2,70,3,000584,
12,2,70,3,000585,
12,2,70,3,000586,
12,2,70,3,000587,
12,2,70,3,000588,
12,2,70,3,000589,
12,2,70,3,000590,
12,2,70,3,000591,
12,2,70,3,000592,
12,2,70,3,000593,
12,2,70,3,00590A,
12,2,70,3,00593A,
12,2,72,3,000604,
12,2,72,3,000605,
12,2,72,3,000606,
12,2,72,3,000607,
12,2,72,3,000608,
12,2,72,3,000609,
12,2,72,3,000610,
12,2,73,5,000615,
12,2,73,5,000616,
12,2,73,5,000617,
12,2,73,5,00617A,
12,2,75,1,000624,
12,2,75,1,00624A,
12,2,76,1,000638,
12,2,76,1,000639,
12,2,76,1,000640,
12,2,76,1,000641,
12,2,76,1,000642,
12,2,76,1,000643,
12,2,76,1,000644,
12,2,76,1,000645,
12,2,76,1,000646,
12,2,76,1,000647,
12,2,76,1,000648,
12,2,78,5,000656,
12,2,78,5,000657,
12,2,78,5,000658,
12,2,78,5,000659,
12,2,78,5,000660,
12,2,78,5,000661,
12,2,78,5,000662,
12,2,79,1,000663,
12,2,79,1,000664,
12,2,79,1,00663A,
12,2,79,1,00663B,
12,2,79,1,00663C,
12,2,79,1,00663D,
12,2,79,1,00664A,
12,2,79,1,00664B,
12,2,8,5,000098,
12,2,8,5,000099,
12,2,8,5,000100,
12,2,8,5,000101,
12,2,8,5,000102,
12,2,8,5,000103,
12,2,8,5,000104,
12,2,8,5,00103A,
12,2,81,1,000675,
12,2,81,1,000676,
12,2,81,1,000677,
12,2,81,1,000678,
12,2,81,1,000679,
12,2,81,1,000680,
12,2,81,1,000681,
12,2,81,1,000682,
12,2,81,1,000683,
12,2,81,1,00681A,
12,2,82,5,000686,
12,2,82,5,000687,
12,2,82,5,000688,
12,2,82,5,000691,
12,2,82,5,000692,
12,2,82,5,00686A,
12,2,82,5,00691A,
12,2,83,4,000696,
12,2,83,4,000697,
12,2,83,4,000698,
12,2,83,4,000699,
12,2,83,4,000700,
12,2,83,4,000701,
12,2,83,4,000703,
12,2,83,4,000704,
12,2,83,4,000705,
12,2,83,4,000706,
12,2,83,4,000707,
12,2,83,4,000708,
12,2,83,4,000709,
12,2,83,4,00701A,
12,2,83,4,00705A,
12,2,84,7,000711,
12,2,84,7,000713,
12,2,84,7,000714,
12,2,84,7,000715,
12,2,84,7,000716,
12,2,84,7,000717,
12,2,84,7,000718,
12,2,84,7,000719,
12,2,84,7,000720,
12,2,84,7,000721,
12,2,84,7,000722,
12,2,84,7,000723,
12,2,84,7,000724,
12,2,84,7,000725,
12,2,84,7,000726,
12,2,84,7,00711A,
12,2,84,7,00711B,
12,2,84,7,00711C,
12,2,84,7,00711D,
12,2,84,7,00711E,
12,2,84,7,00718A,
12,2,84,7,00719A,
12,2,84,7,00723A,
12,2,85,4,000734,
12,2,86,6,000743,
12,2,87,2,00748A,
12,2,87,2,00748B,
12,2,87,2,00748C,
12,2,87,2,00748E,
12,2,87,2,00753A,
12,2,87,2,00754A,
12,2,89,1,000768,
12,2,89,1,000769,
12,2,89,1,000770,
12,2,89,1,000771,
12,2,89,1,000772,
12,2,89,1,00768A,
12,2,89,1,00768B,
12,2,89,1,00768C,
12,2,89,1,00769A,
12,2,89,1,00770A,
12,2,89,1,00770B,
12,2,89,1,00770C,
12,2,89,1,00770D,
12,2,89,1,00770E,
12,2,89,1,00770F,
12,2,89,1,00771A,
12,2,89,1,00771B,
12,2,89,1,00771C,
12,2,89,1,00771D,
12,2,89,1,00772A,
12,2,89,1,00772B,
12,2,9,2,000105,
12,2,9,2,000106,
12,2,9,2,000107,
12,2,9,2,000108,
12,2,9,2,000109,
12,2,9,2,000110,
12,2,9,2,000111,
12,2,9,2,000113,
12,2,9,2,000114,
12,2,91,6,000776,
12,2,91,6,000777,
12,2,91,6,000778,
12,2,91,6,000779,
12,2,91,6,000780,
12,2,91,6,000781,
12,2,91,6,000782,
12,2,91,6,00777A,
12,2,92,3,000783,
12,2,92,3,000784,
12,2,92,3,000785,
12,2,92,3,000786,
12,2,92,3,000787,
12,2,92,3,000788,
12,2,92,3,000791,
12,2,92,3,00783A,
12,2,92,3,00785A,
12,2,92,3,00785B,
12,2,92,3,00786A,
12,2,92,3,00787A,
12,2,92,3,00788A,
12,2,92,3,00788B,
12,2,92,3,00788C,
12,2,92,3,00791A,
12,2,92,3,00791B,
12,2,94,5,000806,
12,2,94,5,000807,
12,2,94,5,000808,
12,2,94,5,000809,
12,2,94,5,000810,
12,2,94,5,000811,
12,2,94,5,000812,
12,2,94,5,000813,
12,2,95,4,000815,
12,2,95,4,000816,
12,2,95,4,000817,
12,2,95,4,000818,
12,2,95,4,000819,
12,2,95,4,000820,
12,2,95,4,000821,
12,2,96,2,000823,
12,2,96,2,000824,
12,2,96,2,000825,
12,2,96,2,000826,
12,2,96,2,000827,
12,2,96,2,000828,
12,2,96,2,000829,
12,2,96,2,000830,
12,2,97,7,000832,
12,2,97,7,000833,
12,2,97,7,000834,
12,2,97,7,000835,
12,2,97,7,000836,
12,2,97,7,000837,
12,2,98,6,000839,
12,2,98,6,000840,
12,2,98,6,000841,
12,2,98,6,000842,
12,2,98,6,000843,
12,2,98,6,000844,
12,2,99,7,000846,
12,2,99,7,000847,
12,2,99,7,000848,
12,2,99,7,000849,
12,2,99,7,000850,
12,2,99,7,000851,
12,2,99,7,000852,
12,2,99,7,00849A,
12,20,5,0,000014,
12,20,5,0,000015,
12,20,5,0,00014A,
12,20,5,0,00015A,
12,21,12,0,000285,
12,21,12,0,000286,
12,21,12,0,000287,
12,21,12,0,000289,
12,21,12,0,000290,
12,21,12,0,000291,
12,21,12,0,000292,
12,21,12,0,000293,
12,21,12,0,000294,
12,21,12,0,00285A,
12,21,12,0,00285B,
12,21,13,0,000307,
12,21,13,0,000314,
12,21,13,0,000318,
12,21,13,0,000319,
12,21,13,0,000320,
12,21,13,0,000321,
12,21,13,0,000327,
12,21,13,0,000328,
12,21,13,0,000329,
12,21,13,0,000344,
12,21,13,0,000345,
12,21,13,0,000347,
12,21,13,0,000348,
12,21,13,0,000349,
12,21,13,0,000350,
12,21,13,0,000351,
12,21,13,0,000352,
12,21,13,0,000353,
12,21,13,0,000354,
12,21,13,0,000355,
12,21,13,0,000356,
12,21,13,0,000358,
12,21,13,0,000359,
12,21,13,0,000360,
12,21,13,0,000363,
12,21,13,0,00342A,
12,21,13,0,00342B,
12,21,13,0,00343A,
12,21,13,0,00344A,
12,21,13,0,00345A,
12,21,13,0,00347A,
12,21,13,0,00349A,
12,21,13,0,00349C,
12,21,13,0,00349D,
12,21,13,0,00350A,
12,21,13,0,00351A,
12,21,13,0,00353A,
12,21,13,0,00354A,
12,21,13,0,00355A,
12,21,13,0,00356A,
12,21,13,0,00359A,
12,21,13,0,00360A,
12,21,13,0,00362A,
12,21,13,0,00362B,
12,21,13,0,00362C,
12,21,13,0,00362D,
12,21,13,0,00362E,
12,21,13,0,00362F,
12,21,16,0,000181,
12,21,16,0,000182,
12,21,16,0,000183,
12,21,16,0,000184,
12,21,16,0,000185,
12,21,16,0,000191,
12,21,16,0,000192,
12,21,16,0,000196,
12,21,16,0,000197,
12,21,16,0,000198,
12,21,16,0,000199,
12,21,16,0,000200,
12,21,16,0,000201,
12,21,16,0,000202,
12,21,18,0,000079,
12,21,18,0,000080,
12,21,18,0,000081,
12,21,18,0,000082,
12,21,18,0,000083,
12,21,18,0,000084,
12,21,18,0,000085,
12,21,18,0,000086,
12,21,18,0,000087,
12,21,18,0,000094,
12,21,18,0,000095,
12,21,18,0,000096,
12,21,18,0,000097,
12,21,18,0,000098,
12,21,18,0,000101,
12,21,18,0,00085A,
12,21,18,0,00096A,
12,21,21,0,000158,
12,21,21,0,000159,
12,21,21,0,000160,
12,21,21,0,000161,
12,21,21,0,000162,
12,21,21,0,000163,
12,21,21,0,000164,
12,21,21,0,000165,
12,21,21,0,000166,
12,21,21,0,000167,
12,21,21,0,000168,
12,21,21,0,000169,
12,21,3,0,000133,
12,21,3,0,000134,
12,21,3,0,000135,
12,21,3,0,000136,
12,21,3,0,000137,
12,21,3,0,000138,
12,21,3,0,000139,
12,21,3,0,000140,
12,21,3,0,000141,
12,21,3,0,000142,
12,21,3,0,00128A,
12,21,3,0,00128B,
12,21,3,0,00128C,
12,21,7,0,000220,
12,21,7,0,000221,
12,21,7,0,000222,
12,21,7,0,000223,
12,21,7,0,000224,
12,21,7,0,000225,
12,21,7,0,000226,
12,21,7,0,000227,
12,21,7,0,000228,
12,21,7,0,000229,
12,21,7,0,000230,
12,21,7,0,000232,
12,21,7,0,000235,
12,21,7,0,000237,
12,21,7,0,000238,
12,21,7,0,000239,
12,21,7,0,000246,
12,21,7,0,000247,
12,21,7,0,000248,
12,21,7,0,000249,
12,21,7,0,00221A,
12,21,7,0,00222A,
12,21,7,0,00223A,
12,21,7,0,00224B,
12,21,7,0,00224C,
12,21,7,0,00224D,
12,21,7,0,00224E,
12,21,7,0,00230A,
12,21,7,0,00232A,
12,21,7,0,00239A,
12,21,7,0,00244A,
12,21,7,0,00244B,
12,21,7,0,00246A,
12,22,1,0,00007B,
12,22,1,0,00007C,
12,22,5,0,000037,
12,22,5,0,000038,
12,22,5,0,000039,
12,22,5,0,000040,
12,22,5,0,000041,
12,22,5,0,000042,
12,22,5,0,00040A,
12,22,8,0,000070,
12,22,8,0,000071,
12,22,8,0,000072,
12,22,8,0,000073,
12,22,8,0,00070A,
12,22,8,0,00072A,
12,23,3,15,000034,
12,24,5,0,000021,
12,3,1,0,000001,
12,3,1,0,000002,
12,3,1,0,000003,
12,3,1,0,000004,
12,3,1,0,000005,
12,3,1,0,000006,
12,3,1,0,000007,
12,3,1,0,000008,
12,3,1,0,000009,
12,3,10,0,000082,
12,3,10,0,000083,
12,3,10,0,000084,
12,3,10,0,000085,
12,3,10,0,000086,
12,3,10,0,000087,
12,3,10,0,000088,
12,3,10,0,000089,
12,3,12,0,000099,
12,3,12,0,000100,
12,3,12,0,000101,
12,3,12,0,000102,
12,3,13,0,000124,
12,3,13,0,000125,
12,3,13,0,00113A,
12,3,13,0,00116A,
12,3,13,0,00116B,
12,3,15,0,000128,
12,3,15,0,000129,
12,3,15,0,000130,
12,3,15,0,000131,
12,3,15,0,000132,
12,3,15,0,000134,
12,3,15,0,000135,
12,3,15,0,000136,
12,3,15,0,000137,
12,3,15,0,000138,
12,3,15,0,000139,
12,3,15,0,000140,
12,3,15,0,000141,
12,3,15,0,000142,
12,3,15,0,000143,
12,3,16,0,000144,
12,3,16,0,000145,
12,3,16,0,000146,
12,3,16,0,000147,
12,3,16,0,000148,
12,3,16,0,000149,
12,3,16,0,000150,
12,3,16,0,000151,
12,3,16,0,000152,
12,3,16,0,000153,
12,3,16,0,000154,
12,3,2,0,000010,
12,3,2,0,000011,
12,3,2,0,000012,
12,3,2,0,000013,
12,3,2,0,000014,
12,3,2,0,000015,
12,3,2,0,000016,
12,3,2,0,000017,
12,3,2,0,000018,
12,3,2,0,000019,
12,3,2,0,000020,
12,3,2,0,000021,
12,3,3,0,000022,
12,3,3,0,000023,
12,3,3,0,000024,
12,3,3,0,000025,
12,3,3,0,000026,
12,3,3,0,000027,
12,3,3,0,000028,
12,3,3,0,000029,
12,3,3,0,000030,
12,3,3,0,000031,
12,3,3,0,000032,
12,3,4,0,000033,
12,3,4,0,000034,
12,3,4,0,000035,
12,3,4,0,000036,
12,3,4,0,000037,
12,3,4,0,000038,
12,3,4,0,000039,
12,3,4,0,000040,
12,3,4,0,000041,
12,3,4,0,000042,
12,3,4,0,000043,
12,3,6,0,000051,
12,3,6,0,000052,
12,3,6,0,000053,
12,3,6,0,000054,
12,3,6,0,000055,
12,3,6,0,000056,
12,3,6,0,000057,
12,3,6,0,000058,
12,3,6,0,000059,
12,3,6,0,000060,
12,3,6,0,000061,
12,3,7,0,000062,
12,3,7,0,000063,
12,3,7,0,000064,
12,3,7,0,000065,
12,3,7,0,000066,
12,3,7,0,000067,
12,3,7,0,000068,
12,3,9,0,000077,
12,3,9,0,000078,
12,3,9,0,000079,
12,3,9,0,000080,
12,3,9,0,000081,
12,4,1,0,000001,
12,4,1,0,000002,
12,4,1,0,000006,
12,4,1,0,000007,
12,4,1,0,000008,
12,4,1,0,000009,
12,4,1,0,00005D,
12,4,1,0,00005F,
12,4,1,0,00005G,
12,4,1,0,00005H,
12,4,1,0,00005I,
12,4,1,0,00006F,
12,4,1,0,00007B,
12,4,1,0,00009B,
12,4,1,0,00009C,
12,4,1,0,00009E,
12,4,1,0,00009F,
12,4,1,0,00010B,
12,4,1,0,00011I,
12,4,1,0,00011J,
12,4,1,0,00011M,
12,4,1,0,00012B,
12,4,1,0,00012G,
12,4,1,0,00013F,
12,4,1,0,00013J,
12,4,1,0,00013K,
12,4,1,0,00013L,
12,4,1,0,00013M,
12,4,1,0,00013N,
12,4,1,0,00014C,
12,4,1,0,00014D,
12,4,1,0,00014E,
12,4,1,0,00014G,
12,4,1,0,00014H,
12,4,10,0,000138,
12,4,10,0,000139,
12,4,10,0,000140,
12,4,10,0,000141,
12,4,10,0,000142,
12,4,10,0,00138A,
12,4,10,0,00138B,
12,4,10,0,00138C,
12,4,10,0,00138D,
12,4,10,0,00139A,
12,4,10,0,00139B,
12,4,10,0,00140A,
12,4,10,0,00141A,
12,4,10,0,00142A,
12,4,11,0,000144,
12,4,11,0,000145,
12,4,11,0,000146,
12,4,11,0,00144A,
12,4,11,0,00144B,
12,4,11,0,00145A,
12,4,11,0,00146A,
12,4,11,0,00146B,
12,4,11,0,00146C,
12,4,12,0,000147,
12,4,12,0,000148,
12,4,12,0,000149,
12,4,12,0,000150,
12,4,12,0,000151,
12,4,12,0,000152,
12,4,12,0,000153,
12,4,12,0,000154,
12,4,12,0,000155,
12,4,12,0,000156,
12,4,12,0,000157,
12,4,12,0,000158,
12,4,12,0,000159,
12,4,12,0,00147A,
12,4,12,0,00147B,
12,4,12,0,00152A,
12,4,12,0,00155A,
12,4,12,0,00156A,
12,4,12,0,00156B,
12,4,12,0,00156C,
12,4,12,0,00156D,
12,4,12,0,00156E,
12,4,12,0,00158A,
12,4,12,0,00158B,
12,4,12,0,00158C,
12,4,13,0,000160,
12,4,13,0,000161,
12,4,13,0,000162,
12,4,13,0,000163,
12,4,13,0,000164,
12,4,13,0,000165,
12,4,13,0,000166,
12,4,13,0,000167,
12,4,13,0,000168,
12,4,13,0,000169,
12,4,13,0,000170,
12,4,13,0,000171,
12,4,13,0,000172,
12,4,13,0,000173,
12,4,13,0,000174,
12,4,13,0,000175,
12,4,13,0,000176,
12,4,13,0,000177,
12,4,13,0,000178,
12,4,13,0,000179,
12,4,13,0,000180,
12,4,13,0,000181,
12,4,13,0,000182,
12,4,13,0,000183,
12,4,13,0,000184,
12,4,13,0,000186,
12,4,13,0,000187,
12,4,13,0,000188,
12,4,13,0,000189,
12,4,13,0,000190,
12,4,13,0,000191,
12,4,13,0,000192,
12,4,13,0,000193,
12,4,13,0,000194,
12,4,13,0,00160A,
12,4,13,0,00178A,
12,4,13,0,00178B,
12,4,13,0,00184A,
12,4,13,0,00191A,
12,4,14,0,000195,
12,4,14,0,000196,
12,4,14,0,000197,
12,4,14,0,000198,
12,4,14,0,000199,
12,4,14,0,000200,
12,4,14,0,000201,
12,4,14,0,000202,
12,4,14,0,000203,
12,4,14,0,000204,
12,4,14,0,000205,
12,4,14,0,000206,
12,4,14,0,000207,
12,4,14,0,000208,
12,4,14,0,000209,
12,4,14,0,000210,
12,4,14,0,000211,
12,4,14,0,000212,
12,4,14,0,000213,
12,4,14,0,000214,
12,4,14,0,000215,
12,4,14,0,000216,
12,4,14,0,000217,
12,4,14,0,000218,
12,4,14,0,000219,
12,4,14,0,000220,
12,4,14,0,000221,
12,4,14,0,000222,
12,4,14,0,00201A,
12,4,14,0,00212B,
12,4,14,0,00215A,
12,4,15,0,000223,
12,4,15,0,000224,
12,4,15,0,000225,
12,4,15,0,000226,
12,4,15,0,000227,
12,4,15,0,000228,
12,4,15,0,000229,
12,4,15,0,00225A,
12,4,15,0,00226A,
12,4,15,0,00227A,
12,4,15,0,00227B,
12,4,15,0,00227C,
12,4,15,0,00227D,
12,4,15,0,00229A,
12,4,17,0,000248,
12,4,17,0,000249,
12,4,17,0,000251,
12,4,17,0,000252,
12,4,17,0,000253,
12,4,17,0,000254,
12,4,17,0,000255,
12,4,17,0,000256,
12,4,17,0,000257,
12,4,17,0,000258,
12,4,18,0,000259,
12,4,18,0,000260,
12,4,18,0,000261,
12,4,18,0,000262,
12,4,18,0,000263,
12,4,18,0,000264,
12,4,18,0,000265,
12,4,18,0,000266,
12,4,18,0,00260A,
12,4,18,0,00261A,
12,4,18,0,00261B,
12,4,18,0,00263A,
12,4,18,0,00263B,
12,4,18,0,00263C,
12,4,18,0,00263D,
12,4,18,0,00263E,
12,4,18,0,00264A,
12,4,18,0,00265A,
12,4,18,0,00265B,
12,4,18,0,00265C,
12,4,18,0,00266A,
12,4,2,0,000020,
12,4,2,0,000021,
12,4,2,0,000022,
12,4,2,0,000023,
12,4,2,0,000024,
12,4,2,0,000025,
12,4,2,0,000026,
12,4,2,0,00020A,
12,4,2,0,00024A,
12,4,2,0,00025A,
12,4,2,0,00025B,
12,4,2,0,00026A,
12,4,2,0,00026B,
12,4,2,0,00328A,
12,4,20,0,000277,
12,4,20,0,000278,
12,4,20,0,000279,
12,4,20,0,000280,
12,4,20,0,000282,
12,4,20,0,000283,
12,4,20,0,000285,
12,4,20,0,000289,
12,4,20,0,000291,
12,4,20,0,000293,
12,4,20,0,000296,
12,4,20,0,000297,
12,4,20,0,000298,
12,4,20,0,000299,
12,4,20,0,000300,
12,4,20,0,000301,
12,4,20,0,000303,
12,4,20,0,000304,
12,4,20,0,000305,
12,4,20,0,000306,
12,4,20,0,000307,
12,4,20,0,000308,
12,4,20,0,000309,
12,4,20,0,000310,
12,4,20,0,000311,
12,4,20,0,000312,
12,4,20,0,000313,
12,4,20,0,00310A,
12,4,21,0,000316,
12,4,21,0,000317,
12,4,21,0,000318,
12,4,21,0,000319,
12,4,21,0,000320,
12,4,21,0,000322,
12,4,21,0,000323,
12,4,21,0,000324,
12,4,21,0,000325,
12,4,21,0,000326,
12,4,21,0,000327,
12,4,21,0,000328,
12,4,21,0,000329,
12,4,21,0,000330,
12,4,21,0,000331,
12,4,21,0,00316A,
12,4,21,0,00316B,
12,4,21,0,00316C,
12,4,21,0,00316D,
12,4,21,0,00316E,
12,4,21,0,00316F,
12,4,21,0,00316G,
12,4,21,0,00316H,
12,4,21,0,00316I,
12,4,21,0,00316J,
12,4,21,0,00326A,
12,4,21,0,00326B,
12,4,21,0,00326C,
12,4,21,0,00328B,
12,4,21,0,00330A,
12,4,23,0,000336,
12,4,23,0,000337,
12,4,23,0,000338,
12,4,23,0,000339,
12,4,23,0,000340,
12,4,23,0,000342,
12,4,23,0,000344,
12,4,23,0,000346,
12,4,23,0,000347,
12,4,23,0,000348,
12,4,23,0,000349,
12,4,23,0,00337A,
12,4,23,0,00347A,
12,4,23,0,00349A,
12,4,26,0,000375,
12,4,26,0,000394,
12,4,26,0,000395,
12,4,26,0,000396,
12,4,4,0,000042,
12,4,4,0,000043,
12,4,4,0,000044,
12,4,4,0,000045,
12,4,4,0,000046,
12,4,4,0,000047,
12,4,4,0,000048,
12,4,4,0,000049,
12,4,4,0,000050,
12,4,4,0,000051,
12,4,4,0,000052,
12,4,4,0,000053,
12,4,4,0,000054,
12,4,4,0,000055,
12,4,4,0,000056,
12,4,4,0,000057,
12,4,4,0,00043A,
12,4,4,0,00043B,
12,4,4,0,00044A,
12,4,4,0,00046B,
12,4,4,0,00050A,
12,4,4,0,00051A,
12,4,4,0,00053A,
12,4,4,0,00053B,
12,4,4,0,00054A,
12,4,4,0,00055A,
12,4,5,0,000060,
12,4,5,0,000062,
12,4,5,0,000063,
12,4,5,0,000065,
12,4,5,0,000066,
12,4,5,0,000067,
12,4,5,0,000068,
12,4,5,0,000069,
12,4,5,0,000070,
12,4,5,0,000071,
12,4,5,0,000072,
12,4,7,0,000091,
12,4,7,0,000092,
12,4,7,0,000093,
12,4,7,0,000094,
12,4,7,0,000095,
12,4,7,0,000097,
12,4,7,0,000098,
12,4,7,0,000099,
12,4,7,0,000100,
12,4,7,0,000101,
12,4,7,0,00091A,
12,4,7,0,00091B,
12,4,7,0,00091C,
12,4,7,0,00096A,
12,4,8,0,000102,
12,4,8,0,000103,
12,4,8,0,000105,
12,4,8,0,000106,
12,4,8,0,000107,
12,4,8,0,000108,
12,4,8,0,000109,
12,4,8,0,000110,
12,4,8,0,000111,
12,4,8,0,000112,
12,4,8,0,000113,
12,4,8,0,000114,
12,4,8,0,000116,
12,4,8,0,000117,
12,4,8,0,000118,
12,4,8,0,00110A,
12,4,8,0,00116A,
12,5,12,0,000072,
12,5,12,0,000073,
12,5,12,0,000074,
12,5,12,0,000075,
12,5,12,0,000076,
12,5,12,0,00073A,
12,5,15,0,000091,
12,5,15,0,000092,
12,5,2,0,000012,
12,5,2,0,000013,
12,5,2,0,000014,
12,5,2,0,000015,
12,5,2,0,000016,
12,5,2,0,00012A,
12,5,2,0,00012B,
12,5,2,0,00012C,
12,5,2,0,00013A,
12,5,21,0,000128,
12,5,21,0,000130,
12,5,21,0,000131,
12,5,21,0,00128A,
12,5,23,0,000136,
12,5,23,0,000137,
12,5,23,0,000138,
12,5,23,0,000139,
12,5,23,0,000140,
12,5,24,0,000141,
12,5,24,0,000142,
12,5,24,0,000143,
12,5,24,0,000144,
12,5,3,0,000017,
12,5,3,0,000018,
12,5,3,0,000020,
12,5,3,0,000021,
12,5,3,0,000022,
12,5,5,0,000030,
12,5,5,0,000031,
12,5,5,0,000032,
12,5,5,0,000033,
12,5,5,0,000034,
12,5,5,0,000035,
12,5,5,0,00032A,
12,5,6,0,000036,
12,5,6,0,000037,
12,5,6,0,000038,
12,5,6,0,000039,
12,5,6,0,00037A,
12,5,6,0,00037B,
12,5,7,0,000040,
12,5,7,0,000045,
12,5,7,0,000046,
12,5,7,0,000047,
12,5,8,0,000049,
12,5,8,0,000050,
12,5,8,0,000051,
12,5,8,0,000052,
12,5,8,0,000053,
12,5,8,0,000054,
12,5,9,0,000055,
12,5,9,0,000056,
12,5,9,0,000057,
12,5,9,0,000058,
12,5,9,0,000059,
12,5,9,0,00059A,
12,6,13,0,000091,
12,6,13,0,000092,
12,6,13,0,000093,
12,6,13,0,000094,
12,6,14,0,000098,
12,6,14,0,000099,
12,6,14,0,000100,
12,6,14,0,000101,
12,6,16,0,000108,
12,6,17,0,000110,
12,6,17,0,000111,
12,6,17,0,000112,
12,6,17,0,000113,
12,6,17,0,000114,
12,6,18,0,000115,
12,6,18,0,000116,
12,6,2,0,000028,
12,6,2,0,000029,
12,6,2,0,000030,
12,6,2,0,000031,
12,6,2,0,00028A,
12,6,20,0,000119,
12,6,20,0,000120,
12,6,21,0,000121,
12,6,21,0,000122,
12,6,21,0,000123,
12,6,21,0,000124,
12,6,21,0,000125,
12,6,23,0,000128,
12,6,23,0,000129,
12,6,24,0,000130,
12,6,24,0,000131,
12,6,24,0,000132,
12,6,24,0,000133,
12,6,24,0,00132A,
12,6,3,0,000032,
12,6,3,0,000033,
12,6,3,0,000034,
12,6,3,0,000035,
12,6,3,0,000036,
12,6,5,0,000041,
12,6,5,0,000042,
12,6,5,0,000043,
12,6,5,0,000044,
12,6,8,0,000058,
12,6,8,0,000059,
12,6,8,0,000060,
12,6,8,0,000061,
12,6,8,0,000062,
12,6,8,0,000064,
12,6,8,0,000065,
12,6,8,0,000066,
12,7,11,0,000067,
12,7,12,0,000068,
12,7,12,0,000069,
12,7,12,0,000070,
12,7,12,0,000071,
12,7,12,0,000072,
12,7,12,0,000073,
12,7,13,0,000074,
12,7,13,0,000075,
12,7,13,0,000077,
12,7,13,0,000078,
12,7,13,0,000079,
12,7,13,0,000081,
12,7,14,0,000082,
12,7,14,0,000083,
12,7,14,0,000084,
12,7,14,0,00083A,
12,7,14,0,00084A,
12,7,15,0,000086,
12,7,15,0,000087,
12,7,15,0,000088,
12,7,15,0,000089,
12,7,15,0,000090,
12,7,15,0,000091,
12,7,15,0,000092,
12,7,15,0,000093,
12,7,15,0,000094,
12,7,15,0,000095,
12,7,15,0,000096,
12,7,15,0,000097,
12,7,15,0,000098,
12,7,15,0,000099,
12,7,15,0,000100,
12,7,15,0,000101,
12,7,15,0,000102,
12,7,15,0,000103,
12,7,15,0,000104,
12,7,15,0,000105,
12,7,15,0,000106,
12,7,15,0,000107,
12,7,15,0,000108,
12,7,15,0,000109,
12,7,5,0,000037,
12,7,5,0,000039,
12,7,5,0,000040,
12,7,5,0,000041,
12,7,5,0,000042,
12,7,5,0,000043,
12,7,5,0,00044A,
12,7,5,0,00044B,
12,7,5,0,00044C,
12,7,5,0,00044D,
12,7,5,0,00044E,
12,7,8,0,000059,
12,7,8,0,000060,
12,7,8,0,000061,
12,7,8,0,000062,
12,7,9,0,000063,
12,7,9,0,00063A,
12,8,1,0,000001,
12,8,1,0,000002,
12,8,1,0,000003,
12,8,1,0,000004,
12,8,1,0,000005,
12,8,1,0,000006,
12,8,1,0,000007,
12,8,1,0,000008,
12,8,1,0,000009,
12,8,1,0,000010,
12,8,1,0,000011,
12,8,1,0,000012,
12,8,1,0,000013,
12,8,1,0,000014,
12,8,1,0,000015,
12,8,1,0,000016,
12,8,1,0,000017,
12,8,1,0,000018,
12,8,1,0,000019,
12,8,1,0,000020,
12,8,1,0,000021,
12,8,1,0,000022,
12,8,1,0,000023,
12,8,1,0,000024,
12,8,1,0,000025,
12,8,1,0,000026,
12,8,1,0,000027,
12,8,1,0,000029,
12,8,1,0,000030,
12,8,1,0,000031,
12,8,1,0,000032,
12,8,1,0,000033,
12,8,1,0,000034,
12,8,1,0,000035,
12,8,1,0,000036,
12,8,1,0,000037,
12,8,1,0,000038,
12,8,1,0,000039,
12,8,1,0,000040,
12,8,1,0,000041,
12,8,1,0,000042,
12,8,1,0,000043,
12,8,1,0,000044,
12,8,1,0,000045,
12,8,1,0,000046,
12,8,1,0,000047,
12,8,1,0,000048,
12,8,1,0,000049,
12,8,1,0,000050,
12,8,1,0,000051,
12,8,1,0,000052,
12,8,1,0,000053,
12,8,1,0,000054,
12,8,1,0,000055,
12,8,1,0,000056,
12,8,1,0,000057,
12,8,1,0,000058,
12,8,1,0,00023A,
12,8,16,0,000288,
12,8,16,0,000289,
12,8,16,0,000290,
12,8,16,0,000291,
12,8,16,0,000292,
12,8,16,0,000293,
12,8,16,0,000294,
12,8,8,0,000141,
12,8,8,0,000142,
12,8,8,0,000143,
12,8,8,0,000144,
12,8,8,0,000145,
12,8,8,0,000146,
12,8,8,0,000147,
12,8,8,0,000151,
12,8,8,0,000152,
12,8,8,0,000153,
12,8,8,0,000154,
12,8,8,0,000155,
12,8,8,0,000156,
12,9,1,0,000001,
12,9,1,0,000003,
12,9,1,0,000004,
12,9,1,0,000011,
12,9,1,0,000014,
12,9,1,0,000015,
12,9,1,0,000016,
12,9,1,0,000017,
12,9,1,0,000018,
12,9,1,0,000019,
12,9,1,0,000020,
12,9,1,0,000021,
12,9,1,0,00005A,
12,9,1,0,00008B,
12,9,1,0,00017A,
12,9,1,0,00017B,
12,9,1,0,00018A,
12,9,1,0,00021A,
12,9,3,0,000025,
12,9,3,0,000026,
12,9,3,0,000027,
12,9,3,0,000028,
12,9,3,0,000029,
12,9,3,0,000030,
12,9,3,0,000031,
12,9,3,0,000032,
12,9,3,0,00026A,
12,9,3,0,00026B,
12,9,3,0,00028A,
12,9,3,0,00028B,
12,9,3,0,00029A,
12,9,3,0,00030A,
12,9,3,0,00031A,
12,9,3,0,00031B,
12,9,3,0,00032B,
12,9,6,0,000047,
12,9,6,0,000048,
12,9,6,0,000049,
12,9,6,0,000050,
12,9,6,0,000051,
12,9,6,0,000052,
12,9,6,0,000053,
12,9,6,0,000054,
12,9,6,0,000055,
12,9,6,0,000056,
12,9,6,0,000057,
12,9,6,0,000058,
12,9,6,0,000059,
12,9,6,0,000060,
12,9,6,0,000061,
12,9,6,0,000062,
12,9,6,0,000063,
12,9,6,0,000064,
12,9,6,0,000065,
12,9,6,0,000066,
12,9,6,0,000067,
12,9,6,0,000068,
12,9,6,0,000069,
12,9,6,0,000070,
12,9,6,0,000071,
12,9,6,0,00047A,
12,9,6,0,00050A,
12,9,6,0,00050B,
12,9,6,0,00051A,
12,9,6,0,00051B,
12,9,6,0,00054A,
12,9,6,0,00056A,
12,9,6,0,00058A,
12,9,6,0,00059A,
12,9,6,0,00060A,
12,9,6,0,00063A,
12,9,6,0,00064A,
12,9,6,0,00064B,
12,9,6,0,00065A,
12,9,6,0,00065B,
12,9,6,0,00066A,
12,9,6,0,00066B,
12,9,6,0,00067A,
12,9,6,0,00070A,
12,9,6,0,00071A,
12,9,9,0,000083,
12,9,9,0,000084,
12,9,9,0,00083A,
12,9,9,0,00083B,
12,9,9,0,00084A,
12,9,9,0,00084B,
12,9,9,0,00084C,
14,1,1,0,000001,
14,1,1,0,000002,
14,1,1,0,000003,
14,1,1,0,000005,
14,1,1,0,000006,
14,1,1,0,000007,
14,1,1,0,000008,
14,1,1,0,000009,
14,1,1,0,000010,
14,1,1,0,000011,
14,1,1,0,000012,
14,1,1,0,000013,
14,1,1,0,000014,
14,1,1,0,000015,
14,1,1,0,000016,
14,1,1,0,000017,
14,1,1,0,000018,
14,1,1,0,000019,
14,1,10,0,000102,
14,1,10,0,000103,
14,1,10,0,000104,
14,1,10,0,000105,
14,1,10,0,000106,
14,1,10,0,000107,
14,1,10,0,000108,
14,1,10,0,000109,
14,1,10,0,000110,
14,1,10,0,000111,
14,1,10,0,000112,
14,1,11,0,000113,
14,1,11,0,000114,
14,1,11,0,000115,
14,1,11,0,000116,
14,1,11,0,000117,
14,1,11,0,000118,
14,1,11,0,000119,
14,1,11,0,000120,
14,1,11,0,000121,
14,1,11,0,000122,
14,1,11,0,000123,
14,1,12,0,000124,
14,1,12,0,000125,
14,1,12,0,000126,
14,1,12,0,000127,
14,1,12,0,000128,
14,1,12,0,000129,
14,1,12,0,000130,
14,1,12,0,000131,
14,1,12,0,000132,
14,1,12,0,000133,
14,1,13,0,000134,
14,1,13,0,000135,
14,1,13,0,000136,
14,1,13,0,000137,
14,1,13,0,000138,
14,1,13,0,000139,
14,1,13,0,000140,
14,1,13,0,000141,
14,1,13,0,000142,
14,1,13,0,000143,
14,1,13,0,000144,
14,1,13,0,000145,
14,1,13,0,000146,
14,1,13,0,000147,
14,1,14,0,000148,
14,1,14,0,000149,
14,1,14,0,000150,
14,1,14,0,000151,
14,1,14,0,000152,
14,1,14,0,000153,
14,1,14,0,000154,
14,1,14,0,000155,
14,1,14,0,000156,
14,1,14,0,000157,
14,1,15,0,000161,
14,1,15,0,000162,
14,1,2,0,000020,
14,1,2,0,000021,
14,1,2,0,000022,
14,1,2,0,000023,
14,1,2,0,000024,
14,1,2,0,000025,
14,1,2,0,000026,
14,1,2,0,000027,
14,1,2,0,000028,
14,1,2,0,000029,
14,1,3,0,000030,
14,1,3,0,000031,
14,1,3,0,000032,
14,1,3,0,000033,
14,1,3,0,000034,
14,1,3,0,000035,
14,1,3,0,000036,
14,1,3,0,000037,
14,1,3,0,000038,
14,1,3,0,000039,
14,1,3,0,000040,
14,1,3,0,000041,
14,1,3,0,000042,
14,1,4,0,000043,
14,1,4,0,000044,
14,1,4,0,000045,
14,1,4,0,000046,
14,1,4,0,000047,
14,1,4,0,000048,
14,1,4,0,000049,
14,1,4,0,000050,
14,1,4,0,000051,
14,1,4,0,000052,
14,1,4,0,000053,
14,1,4,0,000054,
14,1,4,0,000055,
14,1,4,0,000056,
14,1,4,0,000057,
14,1,5,0,000058,
14,1,5,0,000059,
14,1,5,0,000060,
14,1,5,0,000061,
14,1,5,0,000062,
14,1,5,0,000063,
14,1,5,0,000064,
14,1,5,0,000065,
14,1,5,0,000066,
14,1,5,0,000067,
14,1,6,0,000068,
14,1,6,0,000069,
14,1,6,0,000070,
14,1,6,0,000071,
14,1,6,0,000072,
14,1,6,0,000073,
14,1,6,0,000074,
14,1,7,0,000075,
14,1,7,0,000076,
14,1,7,0,000077,
14,1,7,0,000078,
14,1,7,0,000079,
14,1,7,0,000080,
14,1,7,0,000081,
14,1,7,0,000082,
14,1,7,0,000083,
14,1,7,0,000084,
14,1,7,0,000085,
14,1,7,0,000086,
14,1,8,0,000087,
14,1,8,0,000088,
14,1,8,0,000089,
14,1,8,0,000090,
14,1,9,0,000091,
14,1,9,0,000092,
14,1,9,0,000093,
14,1,9,0,000094,
14,1,9,0,000095,
14,1,9,0,000096,
14,1,9,0,000097,
14,1,9,0,000098,
14,1,9,0,000099,
14,1,9,0,000100,
14,1,9,0,000101,
14,2,1,6,000001,
14,2,1,6,000002,
14,2,1,6,000003,
14,2,1,6,000004,
14,2,1,6,000005,
14,2,1,6,000006,
14,2,1,6,000007,
14,2,104,5,000871,
14,2,104,5,00871A,
14,2,104,5,00871B,
14,2,104,5,00871C,
14,2,105,1,000879,
14,2,105,1,000880,
14,2,105,1,00879A,
14,2,105,1,00880A,
14,2,105,1,00880B,
14,2,107,2,000904,
14,2,107,2,000905,
14,2,107,2,000906,
14,2,107,2,000907,
14,2,107,2,000911,
14,2,11,3,000789,
14,2,11,3,000790,
14,2,11,3,000792,
14,2,11,3,00789A,
14,2,11,3,00789B,
14,2,11,3,00789C,
14,2,11,3,00789D,
14,2,11,3,00789E,
14,2,11,3,00789F,
14,2,11,3,00790A,
14,2,11,3,00792A,
14,2,11,3,00792B,
14,2,11,3,00792C,
14,2,11,3,00792D,
14,2,113,1,000530,
14,2,113,1,000534,
14,2,113,1,000536,
14,2,12,3,000511,
14,2,12,3,000512,
14,2,12,3,000513,
14,2,12,3,00513A,
14,2,14,4,000136,
14,2,14,4,000137,
14,2,14,4,000138,
14,2,14,4,000139,
14,2,14,4,000140,
14,2,14,4,000141,
14,2,14,4,000142,
14,2,14,4,000143,
14,2,14,4,000144,
14,2,14,4,000145,
14,2,15,3,000148,
14,2,15,3,000149,
14,2,15,3,000150,
14,2,15,3,000151,
14,2,15,3,000152,
14,2,15,3,000153,
14,2,15,3,00153A,
14,2,17,3,000157,
14,2,17,3,000158,
14,2,17,3,000159,
14,2,17,3,000160,
14,2,17,3,000162,
14,2,17,3,00158A,
14,2,17,3,00158B,
14,2,18,2,000121,
14,2,18,2,000122,
14,2,2,4,000010,
14,2,2,4,000011,
14,2,2,4,000012,
14,2,2,4,000013,
14,2,2,4,000014,
14,2,2,4,000015,
14,2,20,4,000169,
14,2,20,4,000170,
14,2,20,4,000171,
14,2,20,4,000172,
14,2,20,4,000173,
14,2,21,2,000175,
14,2,21,2,000176,
14,2,21,2,000177,
14,2,22,6,000729,
14,2,22,6,000730,
14,2,22,6,000731,
14,2,22,6,000732,
14,2,22,6,000733,
14,2,22,6,00731A,
14,2,23,5,000185,
14,2,23,5,000186,
14,2,23,5,000187,
14,2,24,2,000230,
14,2,24,2,000231,
14,2,24,2,00230A,
14,2,24,2,00231A,
14,2,25,6,000232,
14,2,25,6,000233,
14,2,25,6,000234,
14,2,25,6,000235,
14,2,25,6,000236,
14,2,25,6,000237,
14,2,25,6,000238,
14,2,25,6,00232A,
14,2,25,6,00236A,
14,2,25,6,00237A,
14,2,26,6,000240,
14,2,26,6,000243,
14,2,26,6,000245,
14,2,27,6,000248,
14,2,27,6,000249,
14,2,27,6,00248A,
14,2,27,6,00248B,
14,2,27,6,00248C,
14,2,27,6,00248D,
14,2,27,6,00248E,
14,2,27,6,00248F,
14,2,27,6,00249A,
14,2,27,6,00249B,
14,2,28,6,000252,
14,2,28,6,000253,
14,2,28,6,000254,
14,2,28,6,000255,
14,2,28,6,000256,
14,2,28,6,000258,
14,2,28,6,00255A,
14,2,28,6,00256A,
14,2,28,6,00258A,
14,2,28,6,00258B,
14,2,28,6,00258C,
14,2,29,4,000189,
14,2,29,4,000190,
14,2,29,4,000191,
14,2,29,4,000192,
14,2,29,4,000193,
14,2,29,4,000194,
14,2,29,4,000195,
14,2,29,4,000196,
14,2,29,4,000197,
14,2,29,4,000198,
14,2,29,4,00196A,
14,2,3,3,000017,
14,2,3,3,000018,
14,2,3,3,000019,
14,2,3,3,000020,
14,2,3,3,000021,
14,2,3,3,000022,
14,2,3,3,00018A,
14,2,3,3,00020A,
14,2,3,3,00021A,
14,2,3,3,00022A,
14,2,3,3,00022B,
14,2,30,5,000201,
14,2,30,5,000202,
14,2,30,5,000203,
14,2,30,5,000204,
14,2,30,5,000205,
14,2,30,5,000206,
14,2,30,5,000208,
14,2,30,5,000209,
14,2,31,4,000211,
14,2,31,4,000212,
14,2,31,4,000213,
14,2,31,4,000214,
14,2,31,4,000215,
14,2,31,4,000216,
14,2,31,4,000218,
14,2,31,4,000219,
14,2,31,4,000220,
14,2,31,4,000221,
14,2,31,4,000222,
14,2,31,4,000223,
14,2,31,4,000224,
14,2,31,4,000225,
14,2,31,4,000226,
14,2,32,6,000179,
14,2,32,6,000180,
14,2,32,6,000181,
14,2,32,6,000182,
14,2,32,6,000183,
14,2,33,5,000282,
14,2,33,5,000283,
14,2,33,5,000285,
14,2,34,3,000490,
14,2,34,3,000491,
14,2,34,3,000492,
14,2,34,3,00491A,
14,2,35,1,000773,
14,2,35,1,000774,
14,2,35,1,000775,
14,2,35,1,00773A,
14,2,35,1,00773B,
14,2,36,3,000286,
14,2,36,3,000287,
14,2,36,3,000288,
14,2,36,3,000291,
14,2,36,3,00286A,
14,2,36,3,00287A,
14,2,36,3,00287B,
14,2,36,3,00287C,
14,2,36,3,00287D,
14,2,36,3,00288A,
14,2,36,3,00288B,
14,2,36,3,00291A,
14,2,37,2,000292,
14,2,37,2,000293,
14,2,37,2,000294,
14,2,37,2,000295,
14,2,37,2,000296,
14,2,37,2,000297,
14,2,37,2,000298,
14,2,38,3,000302,
14,2,38,3,000303,
14,2,38,3,00302A,
14,2,38,3,00302B,
14,2,38,3,00302C,
14,2,38,3,00302D,
14,2,38,3,00302E,
14,2,38,3,00302F,
14,2,38,3,00303A,
14,2,38,3,00303B,
14,2,4,3,000023,
14,2,4,3,000024,
14,2,4,3,000025,
14,2,4,3,000026,
14,2,4,3,000027,
14,2,4,3,000030,
14,2,4,3,000031,
14,2,4,3,000032,
14,2,4,3,000033,
14,2,4,3,000034,
14,2,4,3,000037,
14,2,4,3,000038,
14,2,4,3,000039,
14,2,4,3,000040,
14,2,40,7,000310,
14,2,40,7,000311,
14,2,40,7,000312,
14,2,40,7,000313,
14,2,41,4,000314,
14,2,41,4,000315,
14,2,41,4,000316,
14,2,41,4,000317,
14,2,41,4,000318,
14,2,41,4,00314A,
14,2,41,4,00316A,
14,2,43,5,000326,
14,2,43,5,000327,
14,2,43,5,000328,
14,2,44,6,000330,
14,2,44,6,000332,
14,2,44,6,000334,
14,2,44,6,000335,
14,2,44,6,000336,
14,2,46,5,000338,
14,2,46,5,00338A,
14,2,46,5,00338B,
14,2,47,5,000340,
14,2,47,5,000341,
14,2,47,5,000342,
14,2,47,5,000343,
14,2,49,4,000354,
14,2,49,4,000356,
14,2,49,4,000357,
14,2,49,4,000358,
14,2,49,4,000359,
14,2,49,4,000360,
14,2,5,5,000046,
14,2,5,5,000048,
14,2,5,5,000049,
14,2,5,5,000050,
14,2,5,5,000051,
14,2,5,5,000052,
14,2,5,5,000053,
14,2,5,5,000055,
14,2,5,5,000056,
14,2,5,5,000057,
14,2,50,5,000364,
14,2,50,5,000365,
14,2,50,5,000366,
14,2,50,5,000367,
14,2,50,5,000368,
14,2,50,5,000369,
14,2,50,5,000370,
14,2,50,5,00366A,
14,2,50,5,00370A,
14,2,50,5,00370B,
14,2,50,5,00370C,
14,2,50,5,00370D,
14,2,50,5,00370E,
14,2,50,5,00370F,
14,2,50,5,00370G,
14,2,51,1,000374,
14,2,52,1,000376,
14,2,52,1,000377,
14,2,52,1,000378,
14,2,52,1,000379,
14,2,52,1,000380,
14,2,52,1,000381,
14,2,52,1,000382,
14,2,52,1,000383,
14,2,52,1,000384,
14,2,52,1,000388,
14,2,52,1,00377A,
14,2,53,1,000400,
14,2,53,1,00397B,
14,2,53,1,00397C,
14,2,57,6,000430,
14,2,57,6,000431,
14,2,57,6,000432,
14,2,57,6,000433,
14,2,57,6,000434,
14,2,6,7,000060,
14,2,6,7,000061,
14,2,6,7,000062,
14,2,6,7,000063,
14,2,6,7,000065,
14,2,6,7,000066,
14,2,6,7,000067,
14,2,6,7,000068,
14,2,6,7,000069,
14,2,6,7,00062A,
14,2,6,7,00062B,
14,2,60,4,000444,
14,2,60,4,000445,
14,2,60,4,000446,
14,2,60,4,000447,
14,2,60,4,000448,
14,2,60,4,000449,
14,2,60,4,000450,
14,2,60,4,000451,
14,2,60,4,000452,
14,2,60,4,000453,
14,2,60,4,000454,
14,2,60,4,000455,
14,2,60,4,000456,
14,2,63,8,000460,
14,2,63,8,000461,
14,2,63,8,000462,
14,2,63,8,000463,
14,2,63,8,000464,
14,2,63,8,000465,
14,2,63,8,000466,
14,2,63,8,000467,
14,2,63,8,000468,
14,2,63,8,000469,
14,2,63,8,000471,
14,2,63,8,000472,
14,2,63,8,000473,
14,2,63,8,000474,
14,2,63,8,000475,
14,2,63,8,000476,
14,2,63,8,000477,
14,2,63,8,000480,
14,2,63,8,000481,
14,2,63,8,000482,
14,2,63,8,000483,
14,2,63,8,000484,
14,2,63,8,000485,
14,2,63,8,000486,
14,2,63,8,000487,
14,2,63,8,000488,
14,2,63,8,000495,
14,2,63,8,000496,
14,2,63,8,000497,
14,2,63,8,000498,
14,2,63,8,000501,
14,2,63,8,000502,
14,2,63,8,000503,
14,2,63,8,000504,
14,2,63,8,000505,
14,2,63,8,000508,
14,2,63,8,000509,
14,2,63,8,000516,
14,2,63,8,000517,
14,2,63,8,000518,
14,2,63,8,000519,
14,2,63,8,000520,
14,2,63,8,000521,
14,2,63,8,00496A,
14,2,63,8,00496B,
14,2,63,8,00496C,
14,2,63,8,00496D,
14,2,63,8,00496E,
14,2,63,8,00496F,
14,2,63,8,00497A,
14,2,63,8,00497B,
14,2,63,8,00497C,
14,2,63,8,00497D,
14,2,63,8,00497E,
14,2,63,8,00497F,
14,2,63,8,00503A,
14,2,63,8,00504A,
14,2,63,8,00505A,
14,2,63,8,00505B,
14,2,63,8,00508A,
14,2,63,8,00508B,
14,2,63,8,00508C,
14,2,63,8,00508D,
14,2,63,8,00508E,
14,2,63,8,00508F,
14,2,63,8,00508G,
14,2,63,8,00509A,
14,2,66,4,000549,
14,2,66,4,000550,
14,2,66,4,000551,
14,2,66,4,000552,
14,2,66,4,000553,
14,2,67,4,000554,
14,2,67,4,000555,
14,2,67,4,000556,
14,2,67,4,000557,
14,2,67,4,000558,
14,2,67,4,000559,
14,2,67,4,000560,
14,2,67,4,000561,
14,2,67,4,000562,
14,2,67,4,000563,
14,2,67,4,000564,
14,2,67,4,000565,
14,2,67,4,000566,
14,2,67,4,000567,
14,2,67,4,00567A,
14,2,69,3,000574,
14,2,69,3,000575,
14,2,69,3,000576,
14,2,7,6,000072,
14,2,7,6,000073,
14,2,7,6,000074,
14,2,7,6,000075,
14,2,7,6,000076,
14,2,7,6,000077,
14,2,7,6,000078,
14,2,7,6,000079,
14,2,7,6,000080,
14,2,7,6,000083,
14,2,7,6,000084,
14,2,7,6,000085,
14,2,7,6,000086,
14,2,7,6,000087,
14,2,7,6,000088,
14,2,7,6,000089,
14,2,7,6,000090,
14,2,7,6,000091,
14,2,7,6,000092,
14,2,7,6,000093,
14,2,70,3,000583,
14,2,70,3,000584,
14,2,70,3,000585,
14,2,70,3,000586,
14,2,70,3,000587,
14,2,70,3,000588,
14,2,70,3,000589,
14,2,70,3,000590,
14,2,70,3,000591,
14,2,70,3,000592,
14,2,70,3,000593,
14,2,70,3,00590A,
14,2,70,3,00593A,
14,2,75,1,000624,
14,2,75,1,00624A,
14,2,78,5,000656,
14,2,78,5,000657,
14,2,78,5,000661,
14,2,78,5,000662,
14,2,8,5,000098,
14,2,8,5,000099,
14,2,8,5,000100,
14,2,8,5,000101,
14,2,8,5,000102,
14,2,8,5,000103,
14,2,8,5,000104,
14,2,8,5,00103A,
14,2,81,1,000675,
14,2,81,1,000676,
14,2,81,1,000677,
14,2,81,1,000678,
14,2,81,1,000679,
14,2,81,1,000680,
14,2,81,1,000681,
14,2,81,1,000682,
14,2,81,1,000683,
14,2,81,1,00681A,
14,2,83,4,000696,
14,2,83,4,000697,
14,2,83,4,000698,
14,2,83,4,000699,
14,2,83,4,000700,
14,2,83,4,000701,
14,2,83,4,000703,
14,2,83,4,000704,
14,2,83,4,000705,
14,2,83,4,000706,
14,2,83,4,000707,
14,2,83,4,000708,
14,2,83,4,000709,
14,2,83,4,00701A,
14,2,83,4,00705A,
14,2,84,7,000711,
14,2,84,7,000712,
14,2,84,7,000714,
14,2,84,7,000715,
14,2,84,7,000716,
14,2,84,7,000717,
14,2,84,7,000718,
14,2,84,7,000719,
14,2,84,7,000721,
14,2,84,7,000722,
14,2,84,7,000723,
14,2,84,7,000725,
14,2,84,7,00711A,
14,2,84,7,00711B,
14,2,84,7,00711C,
14,2,84,7,00711D,
14,2,84,7,00711E,
14,2,84,7,00718A,
14,2,84,7,00719A,
14,2,84,7,00723A,
14,2,86,6,000743,
14,2,89,1,000768,
14,2,89,1,000769,
14,2,89,1,000770,
14,2,89,1,000771,
14,2,89,1,000772,
14,2,89,1,00768A,
14,2,89,1,00768B,
14,2,89,1,00768C,
14,2,89,1,00769A,
14,2,89,1,00770A,
14,2,89,1,00770F,
14,2,89,1,00771A,
14,2,89,1,00771B,
14,2,89,1,00771D,
14,2,89,1,00772A,
14,2,89,1,00772B,
14,2,9,2,000105,
14,2,9,2,000106,
14,2,9,2,000107,
14,2,9,2,000108,
14,2,9,2,000109,
14,2,9,2,000110,
14,2,9,2,000111,
14,2,9,2,000113,
14,2,9,2,000114,
4,1,1,0,000001,
4,1,1,0,000002,
4,1,1,0,000003,
4,1,1,0,000004,
4,1,1,0,000005,
4,1,1,0,000006,
4,1,1,0,000007,
4,1,1,0,000008,
4,1,1,0,000009,
4,1,1,0,000010,
4,1,1,0,000011,
4,1,1,0,000012,
4,1,1,0,000013,
4,1,1,0,000014,
4,1,1,0,000015,
4,1,1,0,000016,
4,1,1,0,000017,
4,1,1,0,000018,
4,1,1,0,000019,
4,1,10,0,000102,
4,1,10,0,000103,
4,1,10,0,000104,
4,1,10,0,000105,
4,1,10,0,000106,
4,1,10,0,000107,
4,1,10,0,000108,
4,1,10,0,000109,
4,1,10,0,000110,
4,1,10,0,000111,
4,1,10,0,000112,
4,1,11,0,000113,
4,1,11,0,000114,
4,1,11,0,000115,
4,1,11,0,000116,
4,1,11,0,000117,
4,1,11,0,000118,
4,1,11,0,000119,
4,1,11,0,000120,
4,1,11,0,000121,
4,1,11,0,000122,
4,1,11,0,000123,
4,1,12,0,000124,
4,1,12,0,000125,
4,1,12,0,000126,
4,1,12,0,000127,
4,1,12,0,000128,
4,1,12,0,000129,
4,1,12,0,000130,
4,1,12,0,000131,
4,1,12,0,000132,
4,1,12,0,000133,
4,1,13,0,000134,
4,1,13,0,000135,
4,1,13,0,000136,
4,1,13,0,000137,
4,1,13,0,000138,
4,1,13,0,000139,
4,1,13,0,000140,
4,1,13,0,000141,
4,1,13,0,000142,
4,1,13,0,000143,
4,1,13,0,000144,
4,1,13,0,000145,
4,1,13,0,000146,
4,1,13,0,000147,
4,1,14,0,000148,
4,1,14,0,000149,
4,1,14,0,000150,
4,1,14,0,000151,
4,1,14,0,000152,
4,1,14,0,000153,
4,1,14,0,000154,
4,1,14,0,000155,
4,1,14,0,000156,
4,1,14,0,000157,
4,1,15,0,000158,
4,1,15,0,000159,
4,1,15,0,000160,
4,1,15,0,000161,
4,1,15,0,000162,
4,1,15,0,000163,
4,1,15,0,000164,
4,1,15,0,000165,
4,1,15,0,000166,
4,1,15,0,000167,
4,1,2,0,000020,
4,1,2,0,000021,
4,1,2,0,000022,
4,1,2,0,000023,
4,1,2,0,000024,
4,1,2,0,000025,
4,1,2,0,000026,
4,1,2,0,000027,
4,1,2,0,000028,
4,1,2,0,000029,
4,1,3,0,000030,
4,1,3,0,000031,
4,1,3,0,000032,
4,1,3,0,000033,
4,1,3,0,000034,
4,1,3,0,000035,
4,1,3,0,000036,
4,1,3,0,000037,
4,1,3,0,000038,
4,1,3,0,000039,
4,1,3,0,000040,
4,1,3,0,000041,
4,1,3,0,000042,
4,1,4,0,000043,
4,1,4,0,000044,
4,1,4,0,000045,
4,1,4,0,000046,
4,1,4,0,000047,
4,1,4,0,000048,
4,1,4,0,000049,
4,1,4,0,000050,
4,1,4,0,000051,
4,1,4,0,000052,
4,1,4,0,000053,
4,1,4,0,000054,
4,1,4,0,000055,
4,1,4,0,000056,
4,1,4,0,000057,
4,1,5,0,000058,
4,1,5,0,000059,
4,1,5,0,000060,
4,1,5,0,000061,
4,1,5,0,000062,
4,1,5,0,000063,
4,1,5,0,000064,
4,1,5,0,000065,
4,1,5,0,000066,
4,1,5,0,000067,
4,1,6,0,000068,
4,1,6,0,000069,
4,1,6,0,000070,
4,1,6,0,000071,
4,1,6,0,000072,
4,1,6,0,000073,
4,1,6,0,000074,
4,1,7,0,000075,
4,1,7,0,000076,
4,1,7,0,000077,
4,1,7,0,000078,
4,1,7,0,000079,
4,1,7,0,000080,
4,1,7,0,000081,
4,1,7,0,000082,
4,1,7,0,000083,
4,1,7,0,000084,
4,1,7,0,000085,
4,1,7,0,000086,
4,1,8,0,000087,
4,1,8,0,000088,
4,1,8,0,000089,
4,1,8,0,000090,
4,1,9,0,000091,
4,1,9,0,000092,
4,1,9,0,000093,
4,1,9,0,000094,
4,1,9,0,000095,
4,1,9,0,000096,
4,1,9,0,000097,
4,1,9,0,000098,
4,1,9,0,000099,
4,1,9,0,000100,
4,1,9,0,000101,
4,10,1,0,000001,
4,10,1,0,000002,
4,10,1,0,000003,
4,10,1,0,000004,
4,10,1,0,000005,
4,10,1,0,000006,
4,10,1,0,000007,
4,10,1,0,000008,
4,10,1,0,000009,
4,10,1,0,000011,
4,10,1,0,000012,
4,10,1,0,000013,
4,10,1,0,000014,
4,10,1,0,000015,
4,10,1,0,000016,
4,10,1,0,000017,
4,10,1,0,000018,
4,10,1,0,000019,
4,10,1,0,000021,
4,10,1,0,00010A,
4,10,1,0,00010B,
4,10,10,0,000083,
4,10,10,0,000086,
4,10,10,0,000087,
4,10,10,0,00088A,
4,10,10,0,00088B,
4,10,11,0,000091,
4,10,11,0,000093,
4,10,11,0,000094,
4,10,11,0,000095,
4,10,11,0,000097,
4,10,11,0,000098,
4,10,11,0,00090A,
4,10,11,0,00090B,
4,10,11,0,00090C,
4,10,11,0,00092A,
4,10,11,0,00092B,
4,10,11,0,00092C,
4,10,11,0,00096A,
4,10,11,0,00096B,
4,10,12,0,000101,
4,10,12,0,000103,
4,10,12,0,000104,
4,10,12,0,000105,
4,10,12,0,000107,
4,10,12,0,00099A,
4,10,12,0,00099B,
4,10,12,0,00100A,
4,10,12,0,00100B,
4,10,12,0,00102A,
4,10,12,0,00102B,
4,10,12,0,00106A,
4,10,12,0,00106B,
4,10,13,0,000108,
4,10,13,0,000109,
4,10,13,0,000110,
4,10,13,0,00111A,
4,10,13,0,00111B,
4,10,14,0,000113,
4,10,14,0,000114,
4,10,14,0,000117,
4,10,14,0,00112A,
4,10,14,0,00112B,
4,10,14,0,00114A,
4,10,14,0,00115A,
4,10,14,0,00115B,
4,10,14,0,00116A,
4,10,14,0,00116B,
4,10,14,0,00116C,
4,10,15,0,000118,
4,10,15,0,000119,
4,10,15,0,000120,
4,10,15,0,000121,
4,10,15,0,000122,
4,10,15,0,000123,
4,10,15,0,000124,
4,10,16,0,00125A,
4,10,16,0,00125B,
4,10,16,0,00126A,
4,10,16,0,00126B,
4,10,16,0,00126C,
4,10,16,0,00127A,
4,10,16,0,00127B,
4,10,2,0,000022,
4,10,2,0,000023,
4,10,2,0,000024,
4,10,3,0,000026,
4,10,3,0,000027,
4,10,3,0,00025A,
4,10,3,0,00025B,
4,10,4,0,000028,
4,10,4,0,000029,
4,10,4,0,000030,
4,10,4,0,000031,
4,10,4,0,000032,
4,10,4,0,000034,
4,10,4,0,000035,
4,10,4,0,00033A,
4,10,4,0,00033B,
4,10,5,0,000036,
4,10,5,0,000037,
4,10,5,0,000038,
4,10,5,0,000039,
4,10,5,0,000040,
4,10,5,0,000041,
4,10,5,0,000043,
4,10,5,0,000045,
4,10,5,0,000046,
4,10,5,0,00042A,
4,10,5,0,00042B,
4,10,6,0,000048,
4,10,6,0,000049,
4,10,6,0,000050,
4,10,6,0,000052,
4,10,6,0,00051A,
4,10,6,0,00051B,
4,10,7,0,000053,
4,10,7,0,000054,
4,10,7,0,000057,
4,10,7,0,000060,
4,10,7,0,000061,
4,10,7,0,000064,
4,10,7,0,000066,
4,10,7,0,000067,
4,10,7,0,000069,
4,10,7,0,000070,
4,10,9,0,000076,
4,10,9,0,000077,
4,10,9,0,000078,
4,10,9,0,000079,
4,10,9,0,000080,
4,10,9,0,000081,
4,10,9,0,000082,
4,11,1,0,000001,
4,11,1,0,000002,
4,11,1,0,000003,
4,11,1,0,000004,
4,11,1,0,000005,
4,11,10,0,000034,
4,11,10,0,000035,
4,11,10,0,000036,
4,11,10,0,000037,
4,11,10,0,000038,
4,11,11,0,000039,
4,11,11,0,000040,
4,11,11,0,000042,
4,11,11,0,00039A,
4,11,12,0,000043,
4,11,12,0,000045,
4,11,12,0,000046,
4,11,12,0,000047,
4,11,12,0,000048,
4,11,13,0,000049,
4,11,14,0,000053,
4,11,14,0,000054,
4,11,15,0,000055,
4,11,15,0,000056,
4,11,15,0,000057,
4,11,15,0,000058,
4,11,15,0,000059,
4,11,15,0,000060,
4,11,16,0,000061,
4,11,16,0,000062,
4,11,17,0,000063,
4,11,17,0,000064,
4,11,17,0,000065,
4,11,17,0,000066,
4,11,17,0,000067,
4,11,17,0,000068,
4,11,18,0,000069,
4,11,18,0,000070,
4,11,18,0,000071,
4,11,18,0,000072,
4,11,18,0,000073,
4,11,18,0,000074,
4,11,18,0,000075,
4,11,19,0,000076,
4,11,19,0,000077,
4,11,19,0,000078,
4,11,19,0,000079,
4,11,19,0,000080,
4,11,19,0,000081,
4,11,19,0,000082,
4,11,2,0,000006,
4,11,2,0,000009,
4,11,2,0,000010,
4,11,20,0,000084,
4,11,20,0,000085,
4,11,20,0,000086,
4,11,21,0,000087,
4,11,21,0,000088,
4,11,21,0,000089,
4,11,22,0,000090,
4,11,22,0,000091,
4,11,22,0,000092,
4,11,22,0,000093,
4,11,22,0,000094,
4,11,22,0,000095,
4,11,3,0,000011,
4,11,4,0,000013,
4,11,4,0,000014,
4,11,4,0,000015,
4,11,4,0,000016,
4,11,5,0,000017,
4,11,5,0,000018,
4,11,6,0,000019,
4,11,6,0,000020,
4,11,6,0,000021,
4,11,6,0,000022,
4,11,6,0,000023,
4,11,6,0,00019A,
4,11,7,0,000024,
4,11,7,0,000025,
4,11,8,0,000026,
4,11,8,0,000027,
4,11,8,0,000028,
4,11,8,0,000029,
4,11,8,0,000030,
4,11,8,0,000031,
4,11,9,0,000032,
4,11,9,0,000033,
4,12,1,0,00001A,
4,12,1,0,00001B,
4,12,1,0,00001C,
4,12,1,0,00001D,
4,12,1,0,00001E,
4,12,1,0,00001F,
4,12,1,0,00001G,
4,12,1,0,00001H,
4,12,1,0,00001I,
4,12,1,0,00001J,
4,12,1,0,00001K,
4,12,1,0,00001L,
4,12,1,0,00001M,
4,12,1,0,00001N,
4,12,1,0,00001O,
4,12,1,0,00001P,
4,12,1,0,00001Q,
4,12,1,0,00001R,
4,12,1,0,00001S,
4,12,1,0,00001T,
4,12,1,0,00001U,
4,12,1,0,00001V,
4,12,1,0,00001W,
4,12,1,0,00001X,
4,12,1,0,00002A,
4,12,1,0,00002B,
4,12,1,0,00002C,
4,12,1,0,00002D,
4,12,10,0,00034A,
4,12,10,0,00034B,
4,12,10,0,00035A,
4,12,10,0,00035B,
4,12,11,0,000036,
4,12,11,0,00037A,
4,12,11,0,00037B,
4,12,12,0,000039,
4,12,12,0,00038A,
4,12,12,0,00038B,
4,12,12,0,00040A,
4,12,12,0,00040B,
4,12,13,0,00041A,
4,12,13,0,00041B,
4,12,13,0,00041C,
4,12,13,0,00041D,
4,12,13,0,00041E,
4,12,13,0,00041F,
4,12,13,0,00041G,
4,12,13,0,00041H,
4,12,14,0,000042,
4,12,14,0,000043,
4,12,14,0,000044,
4,12,14,0,000046,
4,12,14,0,00045A,
4,12,15,0,000050,
4,12,15,0,00047A,
4,12,15,0,00047B,
4,12,15,0,00048A,
4,12,15,0,00048B,
4,12,15,0,00049A,
4,12,15,0,00049B,
4,12,15,0,00049C,
4,12,15,0,00049D,
4,12,16,0,000053,
4,12,16,0,00051A,
4,12,16,0,00051B,
4,12,16,0,00052A,
4,12,16,0,00052B,
4,12,16,0,00054A,
4,12,16,0,00054B,
4,12,17,0,000059,
4,12,17,0,00055A,
4,12,17,0,00055B,
4,12,17,0,00055C,
4,12,17,0,00055D,
4,12,17,0,00055E,
4,12,17,0,00056A,
4,12,17,0,00056B,
4,12,17,0,00056C,
4,12,17,0,00057A,
4,12,17,0,00057B,
4,12,17,0,00058A,
4,12,17,0,00058B,
4,12,18,0,000060,
4,12,18,0,00061A,
4,12,18,0,00061B,
4,12,18,0,00061C,
4,12,18,0,00061D,
4,12,18,0,00062A,
4,12,18,0,00062B,
4,12,18,0,00062C,
4,12,18,0,00062D,
4,12,18,0,00062E,
4,12,2,0,000003,
4,12,3,0,000004,
4,12,3,0,000007,
4,12,3,0,00005A,
4,12,3,0,00005B,
4,12,3,0,00006A,
4,12,3,0,00006B,
4,12,3,0,00008A,
4,12,3,0,00008B,
4,12,3,0,00008C,
4,12,4,0,000010,
4,12,4,0,00009A,
4,12,4,0,00009B,
4,12,4,0,00011A,
4,12,4,0,00011B,
4,12,4,0,00012A,
4,12,4,0,00012B,
4,12,5,0,000013,
4,12,5,0,000015,
4,12,5,0,000017,
4,12,5,0,00014A,
4,12,5,0,00014B,
4,12,5,0,00016A,
4,12,5,0,00016B,
4,12,6,0,000019,
4,12,6,0,000020,
4,12,6,0,000021,
4,12,6,0,000024,
4,12,6,0,000025,
4,12,6,0,00018A,
4,12,6,0,00018B,
4,12,6,0,00022A,
4,12,6,0,00022B,
4,12,6,0,00023A,
4,12,6,0,00023B,
4,12,6,0,00023C,
4,12,7,0,000026,
4,12,7,0,000027,
4,12,7,0,00028A,
4,12,7,0,00028B,
4,12,7,0,00028C,
4,12,7,0,00028D,
4,12,7,0,00029A,
4,12,7,0,00029B,
4,12,8,0,000032,
4,12,8,0,00030A,
4,12,8,0,00030B,
4,12,8,0,00030C,
4,12,8,0,00031A,
4,12,8,0,00031B,
4,12,8,0,00031C,
4,12,8,0,00031D,
4,12,8,0,00031E,
4,12,8,0,00032A,
4,12,8,0,00032B,
4,12,9,0,000033,
4,13,1,9,000001,
4,13,1,9,000002,
4,13,1,9,000003,
4,13,1,9,000004,
4,13,1,9,000005,
4,13,1,9,000006,
4,13,1,9,000007,
4,13,1,9,000008,
4,13,1,9,000009,
4,13,1,9,000010,
4,13,1,9,000011,
4,13,1,9,000012,
4,13,1,9,000013,
4,13,1,9,000014,
4,13,1,9,000015,
4,13,1,9,000016,
4,13,1,9,000017,
4,13,1,9,000018,
4,13,1,9,000019,
4,13,1,9,000020,
4,13,1,9,000021,
4,13,1,9,000022,
4,13,1,9,000023,
4,13,1,9,000024,
4,13,1,9,00018A,
4,13,1,9,00018B,
4,13,1,9,00022A,
4,13,10,10,000077,
4,13,10,10,000078,
4,13,10,10,000079,
4,13,10,10,000080,
4,13,10,10,000081,
4,13,10,10,000082,
4,13,10,10,000083,
4,13,11,10,000084,
4,13,11,10,000085,
4,13,11,10,000086,
4,13,11,10,000087,
4,13,11,10,000088,
4,13,11,10,000089,
4,13,11,10,000090,
4,13,11,10,00086A,
4,13,12,11,000091,
4,13,12,11,000092,
4,13,12,11,000093,
4,13,12,11,000094,
4,13,12,11,000095,
4,13,12,11,000096,
4,13,12,11,00093A,
4,13,12,11,00094A,
4,13,13,11,000097,
4,13,13,11,000098,
4,13,13,11,000099,
4,13,13,11,00097A,
4,13,13,11,00098A,
4,13,13,11,00099A,
4,13,14,10,000100,
4,13,14,10,000101,
4,13,14,10,000102,
4,13,14,10,00100A,
4,13,14,10,00100B,
4,13,14,10,00100C,
4,13,14,10,00101A,
4,13,15,10,000103,
4,13,15,10,000104,
4,13,15,10,000105,
4,13,15,10,000106,
4,13,16,12,000107,
4,13,16,12,000108,
4,13,16,12,000109,
4,13,16,12,000110,
4,13,16,12,000111,
4,13,16,12,000112,
4,13,16,12,000113,
4,13,16,12,000114,
4,13,16,12,000115,
4,13,16,12,000116,
4,13,16,12,000117,
4,13,16,12,000118,
4,13,16,12,000119,
4,13,16,12,000120,
4,13,16,12,000121,
4,13,16,12,000122,
4,13,16,12,000123,
4,13,16,12,000124,
4,13,16,12,00107A,
4,13,16,12,00107B,
4,13,16,12,00107C,
4,13,16,12,00117A,
4,13,17,12,000125,
4,13,17,12,000126,
4,13,17,12,000127,
4,13,17,12,000128,
4,13,17,12,000129,
4,13,17,12,00127A,
4,13,18,12,000130,
4,13,18,12,000131,
4,13,18,12,000132,
4,13,18,12,000133,
4,13,18,12,000134,
4,13,18,12,000135,
4,13,18,12,000136,
4,13,18,12,00134A,
4,13,2,11,000025,
4,13,2,11,000026,
4,13,2,11,000027,
4,13,2,11,000028,
4,13,2,11,00025A,
4,13,2,11,00025B,
4,13,2,11,00026A,
4,13,2,11,00027A,
4,13,2,11,00027B,
4,13,3,9,000029,
4,13,3,9,000030,
4,13,3,9,000031,
4,13,3,9,000032,
4,13,3,9,000033,
4,13,3,9,00029A,
4,13,3,9,00030A,
4,13,3,9,00030B,
4,13,3,9,00030C,
4,13,3,9,00030D,
4,13,3,9,00030E,
4,13,3,9,00031A,
4,13,3,9,00031B,
4,13,3,9,00032A,
4,13,4,9,000034,
4,13,4,9,000035,
4,13,4,9,000036,
4,13,4,9,000037,
4,13,4,9,000038,
4,13,4,9,000039,
4,13,4,9,000040,
4,13,4,9,00034A,
4,13,4,9,00034B,
4,13,4,9,00034C,
4,13,4,9,00034D,
4,13,4,9,00034E,
4,13,4,9,00037A,
4,13,4,9,00040A,
4,13,4,9,00040B,
4,13,4,9,00040C,
4,13,5,9,000041,
4,13,5,9,000042,
4,13,5,9,000043,
4,13,5,9,000044,
4,13,5,9,000045,
4,13,5,9,000046,
4,13,5,9,00043A,
4,13,6,10,000047,
4,13,6,10,000048,
4,13,6,10,000049,
4,13,6,10,000050,
4,13,6,10,000051,
4,13,6,10,000052,
4,13,6,10,000053,
4,13,6,10,000054,
4,13,6,10,000055,
4,13,6,10,000056,
4,13,6,10,00047A,
4,13,6,10,00049A,
4,13,6,10,00049B,
4,13,6,10,00054A,
4,13,7,11,000057,
4,13,7,11,000058,
4,13,7,11,000059,
4,13,7,11,000060,
4,13,7,11,000061,
4,13,7,11,000062,
4,13,7,11,000063,
4,13,7,11,000064,
4,13,7,11,000065,
4,13,7,11,00060A,
4,13,7,11,00062A,
4,13,7,11,00065A,
4,13,8,11,000066,
4,13,8,11,000067,
4,13,8,11,000068,
4,13,8,11,00066A,
4,13,8,11,00066B,
4,13,8,11,00067A,
4,13,8,11,00068A,
4,13,9,10,000069,
4,13,9,10,000070,
4,13,9,10,000071,
4,13,9,10,000072,
4,13,9,10,000073,
4,13,9,10,000074,
4,13,9,10,000075,
4,13,9,10,000076,
4,13,9,10,00076A,
4,13,9,10,00076B,
4,14,1,0,000001,
4,14,1,0,000002,
4,14,1,0,000003,
4,14,1,0,000004,
4,14,1,0,000005,
4,14,1,0,000006,
4,14,1,0,000007,
4,14,1,0,000008,
4,14,1,0,000009,
4,14,1,0,00003A,
4,14,1,0,00004A,
4,14,1,0,00004B,
4,14,1,0,00008A,
4,14,1,0,00008B,
4,14,1,0,00008C,
4,14,10,0,000059,
4,14,10,0,000060,
4,14,10,0,000061,
4,14,10,0,00059B,
4,14,10,0,00061A,
4,14,11,0,000062,
4,14,11,0,000063,
4,14,11,0,000064,
4,14,11,0,00064A,
4,14,11,0,00064B,
4,14,12,0,000065,
4,14,12,0,000066,
4,14,12,0,000067,
4,14,12,0,00066A,
4,14,13,0,000068,
4,14,13,0,00059A,
4,14,13,0,00068B,
4,14,13,0,00068C,
4,14,13,0,00068D,
4,14,14,0,000069,
4,14,14,0,000070,
4,14,14,0,000071,
4,14,14,0,000072,
4,14,14,0,000073,
4,14,14,0,000074,
4,14,15,0,000075,
4,14,15,0,000076,
4,14,15,0,00075A,
4,14,15,0,00076A,
4,14,16,0,000077,
4,14,16,0,000078,
4,14,16,0,000079,
4,14,16,0,000080,
4,14,17,0,000081,
4,14,17,0,000082,
4,14,17,0,00082A,
4,14,2,0,000010,
4,14,2,0,000011,
4,14,2,0,000012,
4,14,2,0,000013,
4,14,2,0,00010A,
4,14,2,0,00012A,
4,14,3,0,000014,
4,14,3,0,000015,
4,14,3,0,000016,
4,14,3,0,000017,
4,14,3,0,000018,
4,14,3,0,000019,
4,14,3,0,000020,
4,14,4,0,000021,
4,14,4,0,000022,
4,14,4,0,000023,
4,14,4,0,000024,
4,14,4,0,000025,
4,14,4,0,000026,
4,14,4,0,000027,
4,14,4,0,000028,
4,14,5,0,000029,
4,14,5,0,000030,
4,14,5,0,000031,
4,14,6,0,000032,
4,14,6,0,000033,
4,14,6,0,000034,
4,14,6,0,000035,
4,14,6,0,00035A,
4,14,7,0,000036,
4,14,7,0,000037,
4,14,7,0,000038,
4,14,7,0,000039,
4,14,7,0,000040,
4,14,7,0,000041,
4,14,7,0,000042,
4,14,7,0,000043,
4,14,8,0,000044,
4,14,8,0,000045,
4,14,8,0,000046,
4,14,8,0,000047,
4,14,8,0,000048,
4,14,8,0,000049,
4,14,8,0,000050,
4,14,8,0,000051,
4,14,8,0,000052,
4,14,9,0,000053,
4,14,9,0,000054,
4,14,9,0,000055,
4,14,9,0,000056,
4,14,9,0,000057,
4,14,9,0,000058,
4,14,9,0,00054A,
4,15,1,0,000001,
4,15,1,0,000002,
4,15,1,0,000003,
4,15,1,0,000004,
4,15,1,0,000005,
4,15,1,0,000006,
4,15,1,0,000007,
4,15,1,0,000008,
4,15,1,0,00001A,
4,15,1,0,00001B,
4,15,1,0,00001C,
4,15,1,0,00001D,
4,15,1,0,00001E,
4,15,1,0,00001F,
4,15,1,0,00001G,
4,15,1,0,00002A,
4,15,1,0,00004A,
4,15,1,0,00005A,
4,15,1,0,000062,
4,15,1,0,000063,
4,15,1,0,000064,
4,15,1,0,000072,
4,15,1,0,000073,
4,15,1,0,000074,
4,15,1,0,000075,
4,15,1,0,00007A,
4,15,1,0,00007B,
4,15,1,0,00007C,
4,15,1,0,00062A,
4,15,1,0,00063A,
4,15,1,0,00064A,
4,15,1,0,00074A,
4,15,10,0,000039,
4,15,10,0,000040,
4,15,10,0,000041,
4,15,10,0,000042,
4,15,10,0,000066,
4,15,10,0,00040A,
4,15,10,0,00042A,
4,15,10,0,00042B,
4,15,10,0,00066A,
4,15,11,0,000043,
4,15,11,0,000044,
4,15,11,0,000045,
4,15,11,0,000070,
4,15,11,0,00044A,
4,15,11,0,00044B,
4,15,11,0,00045A,
4,15,11,0,00046A,
4,15,12,0,000047,
4,15,12,0,000048,
4,15,12,0,00047A,
4,15,12,0,00048A,
4,15,13,0,000049,
4,15,13,0,000050,
4,15,13,0,000051,
4,15,13,0,000052,
4,15,13,0,00049A,
4,15,13,0,00049B,
4,15,14,0,000053,
4,15,14,0,000055,
4,15,14,0,000056,
4,15,14,0,00054A,
4,15,14,0,00055A,
4,15,14,0,00056A,
4,15,15,0,000057,
4,15,15,0,000058,
4,15,15,0,000065,
4,15,15,0,00058A,
4,15,15,0,00058B,
4,15,15,0,00058C,
4,15,15,0,00058D,
4,15,15,0,00059A,
4,15,16,0,000060,
4,15,16,0,000061,
4,15,16,0,00060A,
4,15,16,0,00061B,
4,15,2,0,000009,
4,15,2,0,000010,
4,15,2,0,000011,
4,15,2,0,000012,
4,15,2,0,000013,
4,15,2,0,000067,
4,15,2,0,000076,
4,15,2,0,00009A,
4,15,2,0,00009B,
4,15,2,0,00009C,
4,15,2,0,00011A,
4,15,2,0,00012A,
4,15,3,0,000014,
4,15,3,0,000015,
4,15,3,0,00015A,
4,15,3,0,00015B,
4,15,4,0,000016,
4,15,4,0,000017,
4,15,4,0,000071,
4,15,4,0,00016A,
4,15,4,0,00017B,
4,15,4,0,00017C,
4,15,5,0,000018,
4,15,5,0,000020,
4,15,5,0,000021,
4,15,5,0,00019A,
4,15,5,0,00020A,
4,15,5,0,00021A,
4,15,5,0,00021B,
4,15,5,0,00021C,
4,15,5,0,00021D,
4,15,5,0,00021E,
4,15,6,0,000022,
4,15,6,0,000023,
4,15,6,0,000024,
4,15,6,0,000025,
4,15,6,0,000069,
4,15,6,0,00022A,
4,15,6,0,00023A,
4,15,6,0,00023B,
4,15,6,0,00023C,
4,15,6,0,00024A,
4,15,6,0,00025B,
4,15,6,0,00069A,
4,15,7,0,000026,
4,15,7,0,000027,
4,15,7,0,000028,
4,15,7,0,000029,
4,15,7,0,000068,
4,15,7,0,00026A,
4,15,7,0,00026B,
4,15,7,0,00026C,
4,15,7,0,00026D,
4,15,7,0,00027B,
4,15,7,0,00029A,
4,15,7,0,00029B,
4,15,8,0,000030,
4,15,8,0,000031,
4,15,8,0,000032,
4,15,8,0,00030A,
4,15,8,0,00030B,
4,15,8,0,00031A,
4,15,8,0,00031B,
4,15,8,0,00032A,
4,15,9,0,000033,
4,15,9,0,000034,
4,15,9,0,000035,
4,15,9,0,000036,
4,15,9,0,000038,
4,15,9,0,00034A,
4,15,9,0,00035A,
4,15,9,0,00035B,
4,16,1,0,000002,
4,16,1,0,000003,
4,16,1,0,000004,
4,16,1,0,000101,
4,16,1,0,000102,
4,16,1,0,000103,
4,16,1,0,000104,
4,16,1,0,000105,
4,16,1,0,000106,
4,16,1,0,000107,
4,16,1,0,000108,
4,16,1,0,000109,
4,16,1,0,000110,
4,16,1,0,000111,
4,16,1,0,000112,
4,16,1,0,000113,
4,16,1,0,000114,
4,16,1,0,000115,
4,16,1,0,000116,
4,16,1,0,000117,
4,16,1,0,000118,
4,16,1,0,000119,
4,16,1,0,000120,
4,16,1,0,000121,
4,16,1,0,000122,
4,16,10,0,000044,
4,16,11,0,000047,
4,16,11,0,000048,
4,16,11,0,000049,
4,16,11,0,000050,
4,16,11,0,000051,
4,16,11,0,000052,
4,16,11,0,000053,
4,16,11,0,000054,
4,16,11,0,000055,
4,16,12,0,000057,
4,16,12,0,000058,
4,16,12,0,000059,
4,16,12,0,000060,
4,16,12,0,000061,
4,16,12,0,000062,
4,16,12,0,000064,
4,16,12,0,000065,
4,16,12,0,000066,
4,16,12,0,000067,
4,16,12,0,000068,
4,16,12,0,000069,
4,16,12,0,000070,
4,16,12,0,00068B,
4,16,12,0,00069A,
4,16,12,0,006301,
4,16,12,0,006302,
4,16,12,0,006303,
4,16,12,0,006304,
4,16,12,0,006305,
4,16,12,0,006306,
4,16,12,0,006307,
4,16,12,0,006308,
4,16,12,0,006309,
4,16,12,0,006310,
4,16,12,0,006311,
4,16,12,0,006312,
4,16,12,0,006313,
4,16,12,0,006314,
4,16,12,0,006315,
4,16,13,0,000071,
4,16,13,0,000072,
4,16,13,0,000073,
4,16,13,0,000074,
4,16,13,0,000075,
4,16,13,0,000076,
4,16,13,0,00071A,
4,16,2,0,000007,
4,16,2,0,000008,
4,16,3,0,000009,
4,16,3,0,000011,
4,16,3,0,00009A,
4,16,3,0,00009B,
4,16,4,0,000012,
4,16,4,0,000013,
4,16,4,0,000014,
4,16,4,0,000015,
4,16,4,0,000016,
4,16,4,0,000017,
4,16,4,0,000018,
4,16,4,0,00012B,
4,16,5,0,000019,
4,16,5,0,000020,
4,16,5,0,000021,
4,16,5,0,000022,
4,16,5,0,00020A,
4,16,5,0,00022A,
4,16,6,0,000023,
4,16,6,0,000024,
4,16,6,0,000025,
4,16,6,0,000027,
4,16,6,0,000028,
4,16,6,0,000029,
4,16,6,0,000030,
4,16,6,0,00024A,
4,16,6,0,00024B,
4,16,7,0,000031,
4,16,7,0,000032,
4,16,7,0,000033,
4,16,7,0,000034,
4,16,7,0,000035,
4,16,7,0,00031A,
4,16,7,0,00031B,
4,16,8,0,000036,
4,16,8,0,000037,
4,16,8,0,000038,
4,16,8,0,000039,
4,16,8,0,00036B,
4,16,8,0,00036C,
4,16,8,0,00038A,
4,16,8,0,00040A,
4,16,9,0,000042,
4,16,9,0,000043,
4,16,9,0,00043A,
4,16,9,0,004101,
4,16,9,0,004102,
4,16,9,0,004103,
4,16,9,0,004104,
4,16,9,0,004105,
4,16,9,0,004106,
4,16,9,0,004107,
4,16,9,0,004108,
4,16,9,0,004109,
4,16,9,0,004110,
4,16,9,0,004111,
4,16,9,0,004112,
4,16,9,0,004113,
4,16,9,0,004114,
4,16,9,0,004115,
4,16,9,0,004116,
4,16,9,0,004117,
4,16,9,0,004118,
4,16,9,0,004119,
4,16,9,0,004120,
4,16,9,0,004121,
4,16,9,0,004122,
4,16,9,0,004123,
4,16,9,0,004124,
4,16,9,0,004125,
4,16,9,0,004126,
4,16,9,0,004127,
4,16,9,0,004128,
4,16,9,0,004129,
4,16,9,0,004130,
4,16,9,0,004131,
4,17,1,0,00001A,
4,17,1,0,00001B,
4,17,1,0,00001C,
4,17,1,0,00001D,
4,17,1,0,00001E,
4,17,1,0,00001F,
4,17,1,0,00001G,
4,17,1,0,00002A,
4,17,1,0,00002B,
4,17,1,0,00002C,
4,17,1,0,00002D,
4,17,1,0,00002E,
4,17,1,0,00002F,
4,17,1,0,00002G,
4,17,1,0,00002H,
4,17,1,0,00002I,
4,17,1,0,00002J,
4,17,1,0,00002K,
4,17,1,0,00002L,
4,17,1,0,00002M,
4,17,1,0,00002N,
4,17,1,0,00002O,
4,17,1,0,00002P,
4,17,1,0,00002Q,
4,17,1,0,00003A,
4,17,1,0,00003B,
4,17,1,0,00003C,
4,17,1,0,00003D,
4,17,1,0,00003E,
4,17,1,0,00003F,
4,17,1,0,00003G,
4,17,1,0,00003H,
4,17,1,0,00003I,
4,17,1,0,00003J,
4,17,1,0,00003K,
4,17,1,0,00003L,
4,17,1,0,00004A,
4,17,1,0,00004B,
4,17,1,0,00004C,
4,17,1,0,00004D,
4,17,1,0,00005A,
4,17,1,0,00005B,
4,17,1,0,00005C,
4,17,1,0,00005D,
4,17,1,0,00005E,
4,17,1,0,00005F,
4,17,1,0,00005G,
4,17,1,0,00005H,
4,17,1,0,00005I,
4,17,1,0,00005J,
4,17,1,0,00005K,
4,17,1,0,00005L,
4,17,1,0,00005M,
4,17,1,0,00005N,
4,17,1,0,00005O,
4,17,1,0,00006A,
4,17,1,0,00007A,
4,17,11,0,00052A,
4,17,11,0,00052B,
4,17,11,0,00052C,
4,17,11,0,00052D,
4,17,11,0,00053A,
4,17,11,0,00053B,
4,17,11,0,00053C,
4,17,11,0,00053D,
4,17,11,0,00054A,
4,17,11,0,00054B,
4,17,11,0,00055A,
4,17,11,0,00055B,
4,17,11,0,00055C,
4,17,12,0,00056A,
4,17,12,0,00056B,
4,17,12,0,00056C,
4,17,12,0,00056D,
4,17,12,0,00056E,
4,17,12,0,00056F,
4,17,12,0,00056G,
4,17,12,0,00057A,
4,17,12,0,00057B,
4,17,12,0,00058A,
4,17,13,0,00059A,
4,17,13,0,00060A,
4,17,13,0,00061A,
4,17,13,0,00062A,
4,17,14,0,00063A,
4,17,15,0,00067A,
4,17,15,0,00067B,
4,17,15,0,00067C,
4,17,15,0,00067D,
4,17,15,0,00067E,
4,17,15,0,00067F,
4,17,15,0,00067G,
4,17,15,0,00067H,
4,17,15,0,00068A,
4,17,15,0,00068B,
4,17,15,0,00068C,
4,17,15,0,00069A,
4,17,15,0,00070A,
4,17,15,0,00070B,
4,17,15,0,00071A,
4,17,15,0,00071B,
4,17,15,0,00072A,
4,17,15,0,00072B,
4,17,15,0,00072C,
4,17,15,0,00072D,
4,17,16,0,00073A,
4,17,16,0,00073B,
4,17,16,0,00074A,
4,17,16,0,00075A,
4,17,16,0,00075B,
4,17,17,0,00076A,
4,17,17,0,00077A,
4,17,17,0,00077C,
4,17,17,0,00077D,
4,17,17,0,00077E,
4,17,17,0,00077F,
4,17,17,0,00078A,
4,17,18,0,00079A,
4,17,18,0,00079B,
4,17,18,0,00079C,
4,17,18,0,00080A,
4,17,18,0,00082A,
4,17,18,0,00082B,
4,17,18,0,00083A,
4,17,19,0,00084A,
4,17,19,0,00085A,
4,17,19,0,00085B,
4,17,19,0,00086A,
4,17,19,0,00087A,
4,17,19,0,00088A,
4,17,19,0,00088B,
4,17,19,0,00088C,
4,17,2,0,00008A,
4,17,2,0,00008B,
4,17,2,0,00008C,
4,17,2,0,00009A,
4,17,2,0,00009B,
4,17,20,0,00089A,
4,17,20,0,00089B,
4,17,20,0,00089C,
4,17,20,0,00089D,
4,17,20,0,00089E,
4,17,20,0,00090A,
4,17,20,0,00090B,
4,17,20,0,00090C,
4,17,21,0,00091A,
4,17,21,0,00091B,
4,17,21,0,00091C,
4,17,21,0,00091D,
4,17,21,0,00092A,
4,17,21,0,00093A,
4,17,21,0,00093B,
4,17,21,0,00094A,
4,17,21,0,00095A,
4,17,21,0,00096B,
4,17,21,0,00097A,
4,17,21,0,00097B,
4,17,21,0,00097C,
4,17,21,0,00097D,
4,17,21,0,00098A,
4,17,22,0,00099A,
4,17,22,0,00099B,
4,17,22,0,00099C,
4,17,23,0,00100A,
4,17,23,0,00101A,
4,17,23,0,00102A,
4,17,23,0,00103A,
4,17,3,0,00010A,
4,17,3,0,00011A,
4,17,3,0,00011B,
4,17,3,0,00011C,
4,17,3,0,00012A,
4,17,3,0,00012B,
4,17,3,0,00012C,
4,17,3,0,00012D,
4,17,3,0,00012E,
4,17,3,0,00014A,
4,17,4,0,00015A,
4,17,4,0,00015B,
4,17,4,0,00015C,
4,17,4,0,00015D,
4,17,4,0,00015E,
4,17,4,0,00015F,
4,17,4,0,00015G,
4,17,4,0,00016A,
4,17,4,0,00016B,
4,17,4,0,00017A,
4,17,4,0,00017B,
4,17,4,0,00018A,
4,17,4,0,00018B,
4,17,4,0,00018C,
4,17,5,0,00020A,
4,17,5,0,00021A,
4,17,5,0,00021B,
4,17,5,0,00022A,
4,17,5,0,00022B,
4,17,5,0,00022C,
4,17,5,0,00022D,
4,17,5,0,00022E,
4,17,5,0,00022F,
4,17,5,0,00023A,
4,17,5,0,00024A,
4,17,5,0,00024B,
4,17,5,0,00024C,
4,17,5,0,00024D,
4,17,5,0,00024E,
4,17,5,0,00024F,
4,17,5,0,00025A,
4,17,5,0,00025B,
4,17,5,0,00025C,
4,17,5,0,00025D,
4,17,5,0,00025E,
4,17,5,0,00025F,
4,17,7,0,00030A,
4,17,7,0,00030B,
4,17,7,0,00031A,
4,17,7,0,00031B,
4,17,7,0,00031C,
4,17,7,0,00031D,
4,17,7,0,00032A,
4,17,7,0,00032B,
4,17,7,0,00033A,
4,17,7,0,00033B,
4,17,7,0,00033C,
4,17,7,0,00034A,
4,17,7,0,00034B,
4,17,7,0,00035A,
4,17,7,0,00036A,
4,17,7,0,00036B,
4,17,7,0,00037A,
4,17,7,0,00039A,
4,17,8,0,00040A,
4,17,8,0,00040B,
4,17,8,0,00040C,
4,17,8,0,00041A,
4,17,8,0,00041B,
4,17,8,0,00041C,
4,17,8,0,00041D,
4,17,8,0,00041E,
4,17,8,0,00042A,
4,17,8,0,00042B,
4,17,8,0,00042C,
4,17,8,0,00043A,
4,17,8,0,00043B,
4,17,8,0,00043C,
4,17,8,0,00043D,
4,17,8,0,00043E,
4,17,8,0,00043F,
4,17,8,0,00044A,
4,17,8,0,00044B,
4,17,8,0,00044C,
4,17,8,0,00044D,
4,17,8,0,00044E,
4,17,8,0,00044F,
4,17,8,0,00044G,
4,17,8,0,00045A,
4,17,9,0,00048C,
4,17,9,0,00048D,
4,18,1,0,000001,
4,18,1,0,000002,
4,18,1,0,000003,
4,18,1,0,000004,
4,18,1,0,000005,
4,18,1,0,000006,
4,18,1,0,000007,
4,18,1,0,000008,
4,18,1,0,000009,
4,18,1,0,000010,
4,18,1,0,000011,
4,18,1,0,000012,
4,18,1,0,000013,
4,18,1,0,000014,
4,18,1,0,000015,
4,18,1,0,000016,
4,18,1,0,000017,
4,18,1,0,000018,
4,18,1,0,000019,
4,18,1,0,000020,
4,18,1,0,000021,
4,18,1,0,000022,
4,18,1,0,000023,
4,18,1,0,000024,
4,18,1,0,000025,
4,18,1,0,000026,
4,18,1,0,000027,
4,18,1,0,000028,
4,18,1,0,000029,
4,18,1,0,000030,
4,18,1,0,000031,
4,18,10,0,000074,
4,18,10,0,000075,
4,18,10,0,000076,
4,18,10,0,000077,
4,18,10,0,000078,
4,18,10,0,000079,
4,18,10,0,000080,
4,18,11,0,000081,
4,18,12,0,000083,
4,18,12,0,000084,
4,18,12,0,000085,
4,18,12,0,000086,
4,18,12,0,000087,
4,18,12,0,000088,
4,18,13,0,000089,
4,18,13,0,000090,
4,18,13,0,000091,
4,18,13,0,000092,
4,18,13,0,000093,
4,18,13,0,000094,
4,18,13,0,000095,
4,18,13,0,000096,
4,18,13,0,00090A,
4,18,13,0,00093A,
4,18,13,0,00094A,
4,18,14,0,000097,
4,18,14,0,000098,
4,18,14,0,000099,
4,18,14,0,000100,
4,18,15,0,000101,
4,18,15,0,000102,
4,18,15,0,000103,
4,18,15,0,000104,
4,18,15,0,000105,
4,18,15,0,000106,
4,18,15,0,000107,
4,18,15,0,000108,
4,18,15,0,000109,
4,18,15,0,000110,
4,18,15,0,000111,
4,18,15,0,000112,
4,18,15,0,00110A,
4,18,16,0,000113,
4,18,16,0,000114,
4,18,16,0,000115,
4,18,16,0,000116,
4,18,16,0,000117,
4,18,16,0,00113A,
4,18,16,0,00114A,
4,18,17,0,000118,
4,18,17,0,000119,
4,18,17,0,000120,
4,18,17,0,000121,
4,18,17,0,000122,
4,18,17,0,000123,
4,18,17,0,000124,
4,18,17,0,000125,
4,18,17,0,000126,
4,18,17,0,000127,
4,18,17,0,000129,
4,18,17,0,000130,
4,18,17,0,000131,
4,18,17,0,000132,
4,18,18,0,000134,
4,18,18,0,000135,
4,18,18,0,000136,
4,18,18,0,000137,
4,18,18,0,000138,
4,18,19,0,000139,
4,18,19,0,000140,
4,18,19,0,000141,
4,18,19,0,000142,
4,18,2,0,000032,
4,18,2,0,000033,
4,18,2,0,000034,
4,18,2,0,000035,
4,18,2,0,000036,
4,18,2,0,000037,
4,18,2,0,000038,
4,18,3,0,000039,
4,18,3,0,000040,
4,18,3,0,000041,
4,18,3,0,000042,
4,18,3,0,000043,
4,18,3,0,000044,
4,18,4,0,000045,
4,18,4,0,000046,
4,18,4,0,000047,
4,18,4,0,000048,
4,18,4,0,000049,
4,18,4,0,000050,
4,18,4,0,000051,
4,18,4,0,000052,
4,18,5,0,000053,
4,18,6,0,000054,
4,18,6,0,000055,
4,18,6,0,000056,
4,18,6,0,000057,
4,18,6,0,000058,
4,18,6,0,000059,
4,18,6,0,000060,
4,18,6,0,000061,
4,18,7,0,000062,
4,18,7,0,000063,
4,18,8,0,000064,
4,18,8,0,000065,
4,18,8,0,000066,
4,18,9,0,000067,
4,18,9,0,000068,
4,18,9,0,000069,
4,18,9,0,000070,
4,18,9,0,000071,
4,18,9,0,000072,
4,18,9,0,000073,
4,19,1,0,000002,
4,19,1,0,000003,
4,19,1,0,000004,
4,19,1,0,000005,
4,19,1,0,000006,
4,19,1,0,000007,
4,19,1,0,000008,
4,19,1,0,000009,
4,19,1,0,000010,
4,19,1,0,000011,
4,19,1,0,000012,
4,19,1,0,000013,
4,19,1,0,000014,
4,19,1,0,000015,
4,19,1,0,00004A,
4,19,1,0,001002,
4,19,1,0,001003,
4,19,1,0,001004,
4,19,1,0,001005,
4,19,1,0,001006,
4,19,1,0,001007,
4,19,1,0,001009,
4,19,1,0,001010,
4,19,1,0,001011,
4,19,1,0,001012,
4,19,1,0,001013,
4,19,1,0,001014,
4,19,1,0,001015,
4,19,1,0,001016,
4,19,1,0,001017,
4,19,1,0,001018,
4,19,1,0,001019,
4,19,1,0,001020,
4,19,1,0,001021,
4,19,1,0,001022,
4,19,1,0,01001A,
4,19,1,0,01001B,
4,19,1,0,01001C,
4,19,1,0,01008A,
4,19,1,0,01008B,
4,19,1,0,01008C,
4,19,1,0,01008D,
4,19,1,0,01008E,
4,19,2,0,000016,
4,19,2,0,000017,
4,19,2,0,000019,
4,19,2,0,000020,
4,19,2,0,000021,
4,19,2,0,000022,
4,19,2,0,000023,
4,19,2,0,000024,
4,19,2,0,000025,
4,19,2,0,000026,
4,19,2,0,000027,
4,19,2,0,000028,
4,19,2,0,00022A,
4,19,2,0,00026A,
4,19,2,0,001801,
4,19,2,0,001802,
4,19,2,0,001803,
4,19,2,0,001804,
4,19,3,0,000031,
4,19,3,0,000032,
4,19,3,0,000033,
4,19,3,0,000035,
4,19,3,0,000036,
4,19,3,0,000037,
4,19,3,0,000038,
4,19,3,0,000039,
4,19,3,0,000040,
4,19,3,0,000041,
4,19,3,0,003002,
4,19,3,0,003003,
4,19,3,0,003004,
4,19,3,0,003005,
4,19,3,0,003006,
4,19,3,0,003007,
4,19,3,0,003008,
4,19,3,0,003009,
4,19,3,0,003010,
4,19,3,0,003011,
4,19,3,0,003012,
4,19,3,0,003013,
4,19,3,0,003014,
4,19,3,0,003015,
4,19,3,0,003016,
4,19,3,0,003017,
4,19,3,0,003018,
4,19,3,0,003019,
4,19,3,0,003020,
4,19,3,0,003021,
4,19,3,0,003401,
4,19,3,0,003402,
4,19,3,0,003403,
4,19,3,0,003404,
4,19,3,0,003405,
4,19,3,0,003406,
4,19,3,0,003407,
4,19,3,0,03001A,
4,19,3,0,03001B,
4,19,4,0,000042,
4,19,4,0,000043,
4,19,4,0,000044,
4,19,4,0,000045,
4,19,4,0,000046,
4,19,4,0,000047,
4,19,4,0,000048,
4,19,4,0,000049,
4,19,4,0,000050,
4,19,4,0,000051,
4,19,5,0,000052,
4,19,5,0,000053,
4,19,5,0,000054,
4,19,5,0,000055,
4,19,5,0,000056,
4,19,5,0,000057,
4,19,5,0,000058,
4,19,5,0,000059,
4,19,5,0,000060,
4,19,5,0,000061,
4,19,5,0,000062,
4,19,6,0,000063,
4,19,6,0,000064,
4,19,6,0,000065,
4,19,6,0,000066,
4,19,6,0,000067,
4,19,6,0,000068,
4,19,6,0,000069,
4,19,6,0,000072,
4,19,6,0,000073,
4,19,6,0,000074,
4,19,6,0,007001,
4,19,6,0,007002,
4,19,6,0,007003,
4,19,6,0,007004,
4,19,6,0,007005,
4,19,6,0,007006,
4,19,6,0,007007,
4,19,6,0,007008,
4,19,7,0,000075,
4,19,7,0,000076,
4,19,7,0,000077,
4,19,7,0,000078,
4,19,7,0,000079,
4,19,7,0,000080,
4,19,7,0,000081,
4,19,7,0,000082,
4,19,7,0,000083,
4,19,7,0,000084,
4,19,7,0,000085,
4,19,7,0,000086,
4,19,7,0,000087,
4,19,7,0,00083A,
4,19,8,0,000088,
4,19,8,0,000089,
4,19,8,0,000090,
4,19,8,0,000091,
4,19,8,0,000092,
4,19,8,0,000093,
4,19,8,0,000094,
4,19,8,0,000095,
4,19,8,0,000096,
4,19,8,0,000097,
4,19,8,0,000098,
4,19,8,0,000099,
4,19,8,0,000100,
4,19,9,0,000101,
4,19,9,0,000102,
4,19,9,0,000103,
4,19,9,0,000104,
4,19,9,0,000105,
4,19,9,0,000106,
4,19,9,0,000107,
4,19,9,0,000108,
4,19,9,0,000109,
4,19,9,0,000110,
4,19,9,0,000111,
4,19,9,0,000113,
4,19,9,0,000114,
4,2,1,6,000001,
4,2,1,6,000002,
4,2,1,6,000003,
4,2,1,6,000004,
4,2,1,6,000005,
4,2,1,6,000006,
4,2,1,6,000007,
4,2,10,2,000117,
4,2,10,2,000118,
4,2,10,2,000120,
4,2,10,2,00117A,
4,2,10,2,00117B,
4,2,100,6,000746,
4,2,100,6,00746A,
4,2,101,2,000854,
4,2,101,2,000855,
4,2,101,2,000856,
4,2,101,2,000857,
4,2,101,2,000858,
4,2,101,2,00855A,
4,2,101,2,00857A,
4,2,101,2,00857B,
4,2,102,2,000860,
4,2,102,2,000861,
4,2,102,2,000862,
4,2,102,2,000863,
4,2,102,2,000864,
4,2,102,2,00862A,
4,2,102,2,00863A,
4,2,103,2,000866,
4,2,103,2,000867,
4,2,103,2,000868,
4,2,103,2,000869,
4,2,103,2,000870,
4,2,104,5,000871,
4,2,104,5,00871A,
4,2,104,5,00871B,
4,2,104,5,00871C,
4,2,105,1,000872,
4,2,105,1,000873,
4,2,105,1,000874,
4,2,105,1,000875,
4,2,105,1,000876,
4,2,105,1,000877,
4,2,105,1,000878,
4,2,105,1,000879,
4,2,105,1,000880,
4,2,105,1,000881,
4,2,105,1,000882,
4,2,105,1,00878A,
4,2,105,1,00879A,
4,2,105,1,00880A,
4,2,105,1,00880B,
4,2,105,1,00882A,
4,2,106,1,000887,
4,2,106,1,000888,
4,2,106,1,000889,
4,2,106,1,000890,
4,2,106,1,000891,
4,2,106,1,000892,
4,2,106,1,000893,
4,2,106,1,000894,
4,2,106,1,000895,
4,2,106,1,00892A,
4,2,107,2,000901,
4,2,107,2,000902,
4,2,107,2,000903,
4,2,107,2,000904,
4,2,107,2,000905,
4,2,107,2,000906,
4,2,107,2,000907,
4,2,107,2,000908,
4,2,107,2,000909,
4,2,107,2,000910,
4,2,107,2,000911,
4,2,107,2,00901A,
4,2,107,2,00901B,
4,2,108,2,000913,
4,2,108,2,000914,
4,2,108,2,000915,
4,2,108,2,000916,
4,2,108,2,000917,
4,2,108,2,000918,
4,2,108,2,000919,
4,2,108,2,000920,
4,2,108,2,000921,
4,2,108,2,000922,
4,2,108,2,00922A,
4,2,109,3,000924,
4,2,109,3,000925,
4,2,109,3,000926,
4,2,109,3,000927,
4,2,11,3,000789,
4,2,11,3,000790,
4,2,11,3,000792,
4,2,11,3,00789A,
4,2,11,3,00789B,
4,2,11,3,00789C,
4,2,11,3,00789D,
4,2,11,3,00789E,
4,2,11,3,00790A,
4,2,11,3,00792A,
4,2,11,3,00792B,
4,2,11,3,00792C,
4,2,11,3,00792D,
4,2,110,1,000929,
4,2,110,1,000930,
4,2,110,1,000931,
4,2,110,1,00929A,
4,2,111,5,000933,
4,2,111,5,000934,
4,2,111,5,000937,
4,2,111,5,000938,
4,2,111,5,000939,
4,2,111,5,000940,
4,2,112,7,000944,
4,2,112,7,000945,
4,2,112,7,000946,
4,2,112,7,000947,
4,2,112,7,000948,
4,2,112,7,000949,
4,2,113,1,000530,
4,2,113,1,000533,
4,2,113,1,000534,
4,2,113,1,000535,
4,2,113,1,000536,
4,2,113,1,00534A,
4,2,113,1,00535A,
4,2,113,1,00536A,
4,2,114,6,000953,
4,2,114,6,000954,
4,2,114,6,000955,
4,2,114,6,000956,
4,2,114,6,00955A,
4,2,114,6,00955B,
4,2,115,4,000957,
4,2,115,4,000958,
4,2,115,4,000959,
4,2,115,4,000960,
4,2,115,4,000961,
4,2,115,4,00961A,
4,2,115,4,00961B,
4,2,115,4,00961C,
4,2,115,4,00961D,
4,2,116,5,000951,
4,2,117,6,000964,
4,2,117,6,000968,
4,2,117,6,000969,
4,2,117,6,000970,
4,2,117,6,000972,
4,2,117,6,000973,
4,2,117,6,000974,
4,2,117,6,000975,
4,2,117,6,000976,
4,2,117,6,000977,
4,2,117,6,000978,
4,2,117,6,00973A,
4,2,117,6,00975A,
4,2,117,6,00975B,
4,2,118,1,000389,
4,2,118,1,000390,
4,2,118,1,000391,
4,2,118,1,000392,
4,2,118,1,000393,
4,2,118,1,000394,
4,2,118,1,000395,
4,2,118,1,00394A,
4,2,119,5,000337,
4,2,119,5,00337A,
4,2,119,5,00337B,
4,2,119,5,00337C,
4,2,119,5,00337D,
4,2,119,5,00337E,
4,2,12,3,000511,
4,2,12,3,000512,
4,2,12,3,000513,
4,2,12,3,00513A,
4,2,120,6,000239,
4,2,121,7,000980,
4,2,121,7,000981,
4,2,121,7,000982,
4,2,121,7,000983,
4,2,121,7,000984,
4,2,121,7,000985,
4,2,121,7,000986,
4,2,121,7,000987,
4,2,121,7,000988,
4,2,121,7,000989,
4,2,121,7,000990,
4,2,121,7,000991,
4,2,122,1,000993,
4,2,122,1,000994,
4,2,122,1,000995,
4,2,122,1,000996,
4,2,122,1,000997,
4,2,122,1,000998,
4,2,122,1,000999,
4,2,122,1,001000,
4,2,122,1,001001,
4,2,123,5,000344,
4,2,124,6,001007,
4,2,124,6,001008,
4,2,124,6,001009,
4,2,124,6,001010,
4,2,124,6,001011,
4,2,124,6,01011A,
4,2,125,2,001013,
4,2,125,2,001014,
4,2,125,2,001015,
4,2,125,2,001016,
4,2,125,2,001017,
4,2,125,2,001018,
4,2,125,2,001019,
4,2,125,2,001020,
4,2,125,2,001021,
4,2,125,2,01013A,
4,2,126,6,000744,
4,2,126,6,000745,
4,2,127,4,000361,
4,2,127,4,000362,
4,2,127,4,00361A,
4,2,128,3,000304,
4,2,128,3,00304A,
4,2,128,3,00304B,
4,2,128,3,00304C,
4,2,129,1,000398,
4,2,129,1,00398A,
4,2,129,1,00398B,
4,2,13,7,000125,
4,2,13,7,000126,
4,2,13,7,000127,
4,2,13,7,000128,
4,2,13,7,000129,
4,2,13,7,000131,
4,2,13,7,000132,
4,2,13,7,000133,
4,2,13,7,00125A,
4,2,13,7,00131A,
4,2,130,1,000399,
4,2,130,1,00399A,
4,2,130,1,00399B,
4,2,130,1,00399C,
4,2,130,1,00399D,
4,2,130,1,00399E,
4,2,130,1,00399F,
4,2,130,1,00399G,
4,2,131,3,000611,
4,2,131,3,000612,
4,2,131,3,000613,
4,2,131,3,00613A,
4,2,131,3,00613B,
4,2,132,3,000289,
4,2,132,3,000290,
4,2,132,3,00290A,
4,2,132,3,00290B,
4,2,133,1,000666,
4,2,133,1,000667,
4,2,133,1,00666A,
4,2,134,1,000668,
4,2,134,1,00668A,
4,2,134,1,00668B,
4,2,135,5,00207L,
4,2,14,4,000136,
4,2,14,4,000137,
4,2,14,4,000138,
4,2,14,4,000139,
4,2,14,4,000140,
4,2,14,4,000141,
4,2,14,4,000142,
4,2,14,4,000143,
4,2,14,4,000144,
4,2,14,4,000145,
4,2,15,3,000148,
4,2,15,3,000149,
4,2,15,3,000150,
4,2,15,3,000151,
4,2,15,3,000152,
4,2,15,3,000153,
4,2,15,3,00153A,
4,2,16,1,000155,
4,2,16,1,000156,
4,2,16,1,00155A,
4,2,16,1,00156A,
4,2,16,1,00156B,
4,2,17,3,000157,
4,2,17,3,000158,
4,2,17,3,000159,
4,2,17,3,000160,
4,2,17,3,000161,
4,2,17,3,000162,
4,2,17,3,00158A,
4,2,17,3,00158B,
4,2,18,2,000121,
4,2,18,2,000122,
4,2,19,4,000164,
4,2,19,4,000165,
4,2,19,4,000166,
4,2,19,4,000167,
4,2,19,4,00164A,
4,2,19,4,00165A,
4,2,19,4,00165B,
4,2,19,4,00166A,
4,2,19,4,00167A,
4,2,2,4,000010,
4,2,2,4,000011,
4,2,2,4,000012,
4,2,2,4,000013,
4,2,2,4,000014,
4,2,2,4,000015,
4,2,20,4,000169,
4,2,20,4,000170,
4,2,20,4,000171,
4,2,20,4,000172,
4,2,20,4,000173,
4,2,21,2,000175,
4,2,21,2,000176,
4,2,21,2,000177,
4,2,22,6,000729,
4,2,22,6,000730,
4,2,22,6,000731,
4,2,22,6,000732,
4,2,22,6,000733,
4,2,22,6,00731A,
4,2,23,5,000185,
4,2,23,5,000186,
4,2,23,5,000187,
4,2,24,2,000230,
4,2,24,2,000231,
4,2,24,2,00230A,
4,2,24,2,00231A,
4,2,25,6,000232,
4,2,25,6,000233,
4,2,25,6,000234,
4,2,25,6,000235,
4,2,25,6,000236,
4,2,25,6,000237,
4,2,25,6,000238,
4,2,25,6,00232A,
4,2,25,6,00236A,
4,2,25,6,00237A,
4,2,26,6,000240,
4,2,26,6,000241,
4,2,26,6,000242,
4,2,26,6,000243,
4,2,26,6,000244,
4,2,26,6,000245,
4,2,26,6,000246,
4,2,27,6,000248,
4,2,27,6,000249,
4,2,27,6,00248A,
4,2,27,6,00248B,
4,2,27,6,00248C,
4,2,27,6,00248D,
4,2,27,6,00248E,
4,2,27,6,00248F,
4,2,27,6,00249A,
4,2,27,6,00249B,
4,2,28,6,000252,
4,2,28,6,000253,
4,2,28,6,000254,
4,2,28,6,000255,
4,2,28,6,000256,
4,2,28,6,000258,
4,2,28,6,00255A,
4,2,28,6,00256A,
4,2,28,6,00258A,
4,2,28,6,00258B,
4,2,28,6,00258C,
4,2,29,4,000189,
4,2,29,4,000190,
4,2,29,4,000191,
4,2,29,4,000192,
4,2,29,4,000193,
4,2,29,4,000194,
4,2,29,4,000195,
4,2,29,4,000196,
4,2,29,4,000197,
4,2,29,4,000198,
4,2,29,4,00196A,
4,2,3,3,000017,
4,2,3,3,000018,
4,2,3,3,000019,
4,2,3,3,000020,
4,2,3,3,000021,
4,2,3,3,000022,
4,2,3,3,00018A,
4,2,3,3,00020A,
4,2,3,3,00021A,
4,2,3,3,00022A,
4,2,3,3,00022B,
4,2,30,5,000201,
4,2,30,5,000202,
4,2,30,5,000203,
4,2,30,5,000204,
4,2,30,5,000205,
4,2,30,5,000206,
4,2,30,5,000208,
4,2,30,5,000209,
4,2,31,4,000211,
4,2,31,4,000212,
4,2,31,4,000213,
4,2,31,4,000214,
4,2,31,4,000215,
4,2,31,4,000216,
4,2,31,4,000217,
4,2,31,4,000218,
4,2,31,4,000219,
4,2,31,4,000220,
4,2,31,4,000221,
4,2,31,4,000222,
4,2,31,4,000223,
4,2,31,4,000224,
4,2,31,4,000225,
4,2,31,4,000226,
4,2,32,6,000179,
4,2,32,6,000180,
4,2,32,6,000181,
4,2,32,6,000182,
4,2,32,6,000183,
4,2,33,5,000282,
4,2,33,5,000283,
4,2,33,5,000284,
4,2,33,5,000285,
4,2,34,3,000490,
4,2,34,3,000491,
4,2,34,3,000492,
4,2,34,3,00491A,
4,2,35,1,000773,
4,2,35,1,000774,
4,2,35,1,000775,
4,2,35,1,00773A,
4,2,35,1,00773B,
4,2,35,1,00775A,
4,2,36,3,000286,
4,2,36,3,000287,
4,2,36,3,000288,
4,2,36,3,000291,
4,2,36,3,00286A,
4,2,36,3,00287A,
4,2,36,3,00287B,
4,2,36,3,00287C,
4,2,36,3,00287D,
4,2,36,3,00288A,
4,2,36,3,00288B,
4,2,36,3,00291A,
4,2,37,2,000292,
4,2,37,2,000293,
4,2,37,2,000294,
4,2,37,2,000295,
4,2,37,2,000296,
4,2,37,2,000297,
4,2,37,2,000298,
4,2,38,3,000302,
4,2,38,3,000303,
4,2,38,3,00302A,
4,2,38,3,00302B,
4,2,38,3,00302C,
4,2,38,3,00302D,
4,2,38,3,00302E,
4,2,38,3,00302F,
4,2,38,3,00303A,
4,2,38,3,00303B,
4,2,39,5,000305,
4,2,39,5,000306,
4,2,39,5,000307,
4,2,39,5,000308,
4,2,39,5,000309,
4,2,4,3,000023,
4,2,4,3,000024,
4,2,4,3,000025,
4,2,4,3,000026,
4,2,4,3,000027,
4,2,4,3,000030,
4,2,4,3,000031,
4,2,4,3,000032,
4,2,4,3,000033,
4,2,4,3,000034,
4,2,4,3,000037,
4,2,4,3,000038,
4,2,4,3,000039,
4,2,4,3,000040,
4,2,40,7,000310,
4,2,40,7,000311,
4,2,40,7,000312,
4,2,40,7,000313,
4,2,41,4,000314,
4,2,41,4,000315,
4,2,41,4,000316,
4,2,41,4,000317,
4,2,41,4,000318,
4,2,41,4,00314A,
4,2,41,4,00316A,
4,2,42,5,000320,
4,2,42,5,000321,
4,2,42,5,000322,
4,2,42,5,000323,
4,2,42,5,000324,
4,2,43,5,000326,
4,2,43,5,000327,
4,2,43,5,000328,
4,2,44,6,000330,
4,2,44,6,000331,
4,2,44,6,000332,
4,2,44,6,000333,
4,2,44,6,000334,
4,2,44,6,000335,
4,2,44,6,000336,
4,2,45,1,000547,
4,2,45,1,000548,
4,2,45,1,00548A,
4,2,45,1,00548B,
4,2,46,5,000338,
4,2,46,5,00338A,
4,2,46,5,00338B,
4,2,47,5,000340,
4,2,47,5,000341,
4,2,47,5,000342,
4,2,47,5,000343,
4,2,48,5,000345,
4,2,48,5,000347,
4,2,48,5,000348,
4,2,48,5,000349,
4,2,48,5,000350,
4,2,48,5,000351,
4,2,48,5,000352,
4,2,49,4,000354,
4,2,49,4,000356,
4,2,49,4,000357,
4,2,49,4,000358,
4,2,49,4,000359,
4,2,49,4,000360,
4,2,5,5,000046,
4,2,5,5,000048,
4,2,5,5,000049,
4,2,5,5,000050,
4,2,5,5,000051,
4,2,5,5,000052,
4,2,5,5,000053,
4,2,5,5,000055,
4,2,5,5,000056,
4,2,5,5,000057,
4,2,50,5,000364,
4,2,50,5,000365,
4,2,50,5,000366,
4,2,50,5,000367,
4,2,50,5,000368,
4,2,50,5,000369,
4,2,50,5,000370,
4,2,50,5,00366A,
4,2,51,1,000374,
4,2,52,1,000376,
4,2,52,1,000377,
4,2,52,1,000378,
4,2,52,1,000379,
4,2,52,1,000380,
4,2,52,1,000381,
4,2,52,1,000382,
4,2,52,1,000383,
4,2,52,1,000384,
4,2,52,1,000388,
4,2,52,1,00377A,
4,2,53,1,000397,
4,2,53,1,000400,
4,2,53,1,000401,
4,2,53,1,000402,
4,2,53,1,00397A,
4,2,53,1,00397B,
4,2,53,1,00397C,
4,2,53,1,00401A,
4,2,54,4,000404,
4,2,54,4,000405,
4,2,54,4,000406,
4,2,54,4,000407,
4,2,54,4,000408,
4,2,54,4,000409,
4,2,54,4,000410,
4,2,55,4,000411,
4,2,55,4,000412,
4,2,55,4,000413,
4,2,55,4,000414,
4,2,55,4,000415,
4,2,55,4,000416,
4,2,55,4,000417,
4,2,55,4,000418,
4,2,55,4,000419,
4,2,55,4,000420,
4,2,55,4,000421,
4,2,55,4,000422,
4,2,56,6,000424,
4,2,56,6,000427,
4,2,56,6,000428,
4,2,57,6,000430,
4,2,57,6,000431,
4,2,57,6,000432,
4,2,57,6,000433,
4,2,57,6,000434,
4,2,58,4,000742,
4,2,58,4,00742A,
4,2,58,4,00742B,
4,2,59,6,000436,
4,2,59,6,000437,
4,2,59,6,000438,
4,2,59,6,000439,
4,2,59,6,000440,
4,2,59,6,000441,
4,2,59,6,000442,
4,2,6,7,000060,
4,2,6,7,000061,
4,2,6,7,000062,
4,2,6,7,000063,
4,2,6,7,000064,
4,2,6,7,000065,
4,2,6,7,000066,
4,2,6,7,000067,
4,2,6,7,000068,
4,2,6,7,000069,
4,2,6,7,00062A,
4,2,6,7,00062B,
4,2,60,4,000444,
4,2,60,4,000445,
4,2,60,4,000446,
4,2,60,4,000447,
4,2,60,4,000448,
4,2,60,4,000449,
4,2,60,4,000450,
4,2,60,4,000451,
4,2,60,4,000452,
4,2,60,4,000453,
4,2,60,4,000454,
4,2,60,4,000455,
4,2,60,4,000456,
4,2,61,3,000626,
4,2,61,3,000627,
4,2,61,3,000628,
4,2,61,3,000629,
4,2,61,3,000630,
4,2,61,3,000631,
4,2,61,3,000632,
4,2,61,3,000633,
4,2,61,3,000634,
4,2,61,3,000635,
4,2,61,3,00626A,
4,2,61,3,00629A,
4,2,61,3,00629B,
4,2,61,3,00631A,
4,2,61,3,00631B,
4,2,61,3,00631C,
4,2,61,3,00631D,
4,2,61,3,00632A,
4,2,61,3,00632B,
4,2,61,3,00635A,
4,2,61,3,00635B,
4,2,61,3,00635C,
4,2,61,3,00635D,
4,2,61,3,00635E,
4,2,62,3,000259,
4,2,62,3,000260,
4,2,62,3,000261,
4,2,62,3,000262,
4,2,62,3,000263,
4,2,62,3,000264,
4,2,62,3,000265,
4,2,62,3,000271,
4,2,62,3,000272,
4,2,62,3,000273,
4,2,62,3,000274,
4,2,62,3,000275,
4,2,62,3,000276,
4,2,63,8,000460,
4,2,63,8,000461,
4,2,63,8,000462,
4,2,63,8,000463,
4,2,63,8,000464,
4,2,63,8,000465,
4,2,63,8,000466,
4,2,63,8,000467,
4,2,63,8,000468,
4,2,63,8,000469,
4,2,63,8,000471,
4,2,63,8,000472,
4,2,63,8,000473,
4,2,63,8,000474,
4,2,63,8,000475,
4,2,63,8,000476,
4,2,63,8,000477,
4,2,63,8,000480,
4,2,63,8,000481,
4,2,63,8,000482,
4,2,63,8,000483,
4,2,63,8,000484,
4,2,63,8,000485,
4,2,63,8,000486,
4,2,63,8,000487,
4,2,63,8,000488,
4,2,63,8,000495,
4,2,63,8,000496,
4,2,63,8,000497,
4,2,63,8,000498,
4,2,63,8,000501,
4,2,63,8,000502,
4,2,63,8,000503,
4,2,63,8,000504,
4,2,63,8,000505,
4,2,63,8,000508,
4,2,63,8,000509,
4,2,63,8,000516,
4,2,63,8,000517,
4,2,63,8,000518,
4,2,63,8,000519,
4,2,63,8,000520,
4,2,63,8,000521,
4,2,63,8,00496A,
4,2,63,8,00496B,
4,2,63,8,00496C,
4,2,63,8,00496D,
4,2,63,8,00496E,
4,2,63,8,00496F,
4,2,63,8,00497A,
4,2,63,8,00497B,
4,2,63,8,00497C,
4,2,63,8,00497D,
4,2,63,8,00497E,
4,2,63,8,00497F,
4,2,63,8,00503A,
4,2,63,8,00504A,
4,2,63,8,00505A,
4,2,63,8,00505B,
4,2,63,8,00508A,
4,2,63,8,00508B,
4,2,63,8,00508C,
4,2,63,8,00508D,
4,2,63,8,00508E,
4,2,63,8,00508F,
4,2,63,8,00508G,
4,2,63,8,00509A,
4,2,64,6,000524,
4,2,64,6,000525,
4,2,64,6,000526,
4,2,64,6,000528,
4,2,65,5,000538,
4,2,65,5,000539,
4,2,65,5,000540,
4,2,65,5,000541,
4,2,65,5,000542,
4,2,65,5,000543,
4,2,65,5,000544,
4,2,65,5,000545,
4,2,66,4,000549,
4,2,66,4,000550,
4,2,66,4,000551,
4,2,66,4,000552,
4,2,66,4,000553,
4,2,67,4,000554,
4,2,67,4,000555,
4,2,67,4,000556,
4,2,67,4,000557,
4,2,67,4,000558,
4,2,67,4,000559,
4,2,67,4,000560,
4,2,67,4,000561,
4,2,67,4,000562,
4,2,67,4,000563,
4,2,67,4,000564,
4,2,67,4,000565,
4,2,67,4,000566,
4,2,67,4,000567,
4,2,67,4,00567A,
4,2,68,5,000568,
4,2,68,5,000569,
4,2,68,5,000570,
4,2,68,5,000571,
4,2,68,5,000572,
4,2,68,5,00568A,
4,2,68,5,00569A,
4,2,69,3,000574,
4,2,69,3,000575,
4,2,69,3,000576,
4,2,69,3,000577,
4,2,69,3,000578,
4,2,69,3,000579,
4,2,69,3,000580,
4,2,69,3,000581,
4,2,69,3,00576A,
4,2,7,6,000072,
4,2,7,6,000073,
4,2,7,6,000074,
4,2,7,6,000075,
4,2,7,6,000076,
4,2,7,6,000077,
4,2,7,6,000078,
4,2,7,6,000079,
4,2,7,6,000080,
4,2,7,6,000083,
4,2,7,6,000084,
4,2,7,6,000085,
4,2,7,6,000086,
4,2,7,6,000087,
4,2,7,6,000088,
4,2,7,6,000089,
4,2,7,6,000090,
4,2,7,6,000091,
4,2,7,6,000092,
4,2,7,6,000093,
4,2,70,3,000583,
4,2,70,3,000584,
4,2,70,3,000585,
4,2,70,3,000586,
4,2,70,3,000587,
4,2,70,3,000588,
4,2,70,3,000589,
4,2,70,3,000590,
4,2,70,3,000591,
4,2,70,3,000592,
4,2,70,3,000593,
4,2,70,3,00590A,
4,2,70,3,00593A,
4,2,71,1,000596,
4,2,71,1,000597,
4,2,71,1,000598,
4,2,71,1,000599,
4,2,71,1,000600,
4,2,71,1,000601,
4,2,71,1,000602,
4,2,71,1,000603,
4,2,72,3,000604,
4,2,72,3,000605,
4,2,72,3,000606,
4,2,72,3,000607,
4,2,72,3,000608,
4,2,72,3,000609,
4,2,72,3,000610,
4,2,73,5,000615,
4,2,73,5,000616,
4,2,73,5,000617,
4,2,73,5,00617A,
4,2,74,5,000619,
4,2,74,5,000620,
4,2,74,5,000621,
4,2,74,5,000622,
4,2,74,5,00621A,
4,2,74,5,00622A,
4,2,74,5,00622B,
4,2,75,1,000624,
4,2,75,1,00624A,
4,2,76,1,000638,
4,2,76,1,000639,
4,2,76,1,000640,
4,2,76,1,000641,
4,2,76,1,000642,
4,2,76,1,000643,
4,2,76,1,000644,
4,2,76,1,000645,
4,2,76,1,000646,
4,2,76,1,000647,
4,2,76,1,000648,
4,2,77,1,000652,
4,2,77,1,000653,
4,2,77,1,000654,
4,2,77,1,000655,
4,2,77,1,00652A,
4,2,77,1,00655A,
4,2,78,5,000656,
4,2,78,5,000657,
4,2,78,5,000658,
4,2,78,5,000659,
4,2,78,5,000660,
4,2,78,5,000661,
4,2,78,5,000662,
4,2,79,1,000663,
4,2,79,1,000664,
4,2,79,1,00663A,
4,2,79,1,00663B,
4,2,79,1,00663C,
4,2,79,1,00663D,
4,2,79,1,00664A,
4,2,79,1,00664B,
4,2,8,5,000098,
4,2,8,5,000099,
4,2,8,5,000100,
4,2,8,5,000101,
4,2,8,5,000102,
4,2,8,5,000103,
4,2,8,5,000104,
4,2,8,5,00103A,
4,2,80,1,000665,
4,2,80,1,000669,
4,2,80,1,000670,
4,2,80,1,000671,
4,2,80,1,000672,
4,2,80,1,000673,
4,2,81,1,000675,
4,2,81,1,000676,
4,2,81,1,000677,
4,2,81,1,000678,
4,2,81,1,000679,
4,2,81,1,000680,
4,2,81,1,000681,
4,2,81,1,000682,
4,2,81,1,000683,
4,2,81,1,00681A,
4,2,82,5,000686,
4,2,82,5,000687,
4,2,82,5,000688,
4,2,82,5,000689,
4,2,82,5,000691,
4,2,82,5,000692,
4,2,82,5,00686A,
4,2,82,5,00691A,
4,2,83,4,000696,
4,2,83,4,000697,
4,2,83,4,000698,
4,2,83,4,000699,
4,2,83,4,000700,
4,2,83,4,000701,
4,2,83,4,000703,
4,2,83,4,000704,
4,2,83,4,000705,
4,2,83,4,000706,
4,2,83,4,000707,
4,2,83,4,000708,
4,2,83,4,000709,
4,2,83,4,00701A,
4,2,83,4,00705A,
4,2,84,7,000711,
4,2,84,7,000712,
4,2,84,7,000713,
4,2,84,7,000714,
4,2,84,7,000715,
4,2,84,7,000716,
4,2,84,7,000717,
4,2,84,7,000718,
4,2,84,7,000719,
4,2,84,7,000720,
4,2,84,7,000721,
4,2,84,7,000722,
4,2,84,7,000723,
4,2,84,7,000724,
4,2,84,7,000725,
4,2,84,7,000726,
4,2,84,7,00711A,
4,2,84,7,00711B,
4,2,84,7,00711C,
4,2,84,7,00711D,
4,2,84,7,00711E,
4,2,84,7,00718A,
4,2,84,7,00719A,
4,2,84,7,00723A,
4,2,85,4,000734,
4,2,85,4,000735,
4,2,85,4,000736,
4,2,85,4,000738,
4,2,85,4,000739,
4,2,85,4,000740,
4,2,85,4,000741,
4,2,85,4,00734A,
4,2,85,4,00738A,
4,2,86,6,000743,
4,2,87,2,000747,
4,2,87,2,000748,
4,2,87,2,000749,
4,2,87,2,000750,
4,2,87,2,000751,
4,2,87,2,000752,
4,2,87,2,000753,
4,2,87,2,000754,
4,2,87,2,000755,
4,2,87,2,000756,
4,2,87,2,000757,
4,2,87,2,000758,
4,2,87,2,000759,
4,2,87,2,00747A,
4,2,87,2,00748A,
4,2,87,2,00748B,
4,2,87,2,00748C,
4,2,87,2,00748D,
4,2,87,2,00748E,
4,2,87,2,00753A,
4,2,87,2,00754A,
4,2,88,5,000765,
4,2,88,5,000766,
4,2,88,5,00765A,
4,2,89,1,000768,
4,2,89,1,000769,
4,2,89,1,000770,
4,2,89,1,000771,
4,2,89,1,000772,
4,2,89,1,00770A,
4,2,9,2,000105,
4,2,9,2,000106,
4,2,9,2,000107,
4,2,9,2,000108,
4,2,9,2,000109,
4,2,9,2,000110,
4,2,9,2,000111,
4,2,9,2,000113,
4,2,9,2,000114,
4,2,90,5,000339,
4,2,91,6,000776,
4,2,91,6,000777,
4,2,91,6,000778,
4,2,91,6,000779,
4,2,91,6,000780,
4,2,91,6,000781,
4,2,91,6,000782,
4,2,91,6,00777A,
4,2,92,3,000783,
4,2,92,3,000784,
4,2,92,3,000785,
4,2,92,3,000786,
4,2,92,3,000787,
4,2,92,3,000788,
4,2,92,3,000791,
4,2,92,3,00783A,
4,2,92,3,00785A,
4,2,92,3,00785B,
4,2,92,3,00786A,
4,2,92,3,00787A,
4,2,92,3,00788A,
4,2,92,3,00788B,
4,2,92,3,00788C,
4,2,92,3,00791A,
4,2,92,3,00791B,
4,2,93,2,000797,
4,2,93,2,000798,
4,2,93,2,000800,
4,2,93,2,000801,
4,2,93,2,000802,
4,2,93,2,000803,
4,2,93,2,000804,
4,2,94,5,000806,
4,2,94,5,000807,
4,2,94,5,000808,
4,2,94,5,000809,
4,2,94,5,000810,
4,2,94,5,000811,
4,2,94,5,000812,
4,2,94,5,000813,
4,2,95,4,000815,
4,2,95,4,000817,
4,2,95,4,000818,
4,2,95,4,000819,
4,2,95,4,000820,
4,2,95,4,000821,
4,2,96,2,000823,
4,2,96,2,000824,
4,2,96,2,000825,
4,2,96,2,000826,
4,2,96,2,000827,
4,2,96,2,000828,
4,2,96,2,000829,
4,2,96,2,000830,
4,2,97,7,000832,
4,2,97,7,000833,
4,2,97,7,000834,
4,2,97,7,000835,
4,2,97,7,000836,
4,2,97,7,000837,
4,2,98,6,000839,
4,2,98,6,000840,
4,2,98,6,000841,
4,2,98,6,000842,
4,2,98,6,000843,
4,2,98,6,000844,
4,2,99,7,000846,
4,2,99,7,000847,
4,2,99,7,000848,
4,2,99,7,000849,
4,2,99,7,000850,
4,2,99,7,000851,
4,2,99,7,000852,
4,2,99,7,00849A,
4,20,1,0,000001,
4,20,1,0,000002,
4,20,1,0,000003,
4,20,1,0,000004,
4,20,1,0,000005,
4,20,1,0,000006,
4,20,1,0,00001A,
4,20,1,0,00004A,
4,20,1,0,00005A,
4,20,1,0,00006A,
4,20,2,0,000008,
4,20,2,0,000009,
4,20,2,0,00008A,
4,20,3,0,000010,
4,20,3,0,000011,
4,20,4,0,000012,
4,20,4,0,000013,
4,20,4,0,00012A,
4,20,4,0,00012B,
4,20,4,0,00013A,
4,20,5,0,000014,
4,20,5,0,000015,
4,20,5,0,00014A,
4,20,5,0,00015A,
4,20,6,0,000016,
4,20,6,0,000017,
4,20,6,0,00016A,
4,20,7,0,000018,
4,20,7,0,000019,
4,20,7,0,000020,
4,20,7,0,000021,
4,20,7,0,00021A,
4,20,7,0,00021B,
4,21,1,0,000402,
4,21,1,0,000403,
4,21,1,0,000405,
4,21,1,0,000406,
4,21,1,0,00404A,
4,21,1,0,00404B,
4,21,11,0,000041,
4,21,11,0,000042,
4,21,11,0,000043,
4,21,11,0,000044,
4,21,11,0,000045,
4,21,11,0,000046,
4,21,11,0,000047,
4,21,11,0,000048,
4,21,11,0,000049,
4,21,11,0,000050,
4,21,11,0,000051,
4,21,11,0,000052,
4,21,11,0,000053,
4,21,11,0,000054,
4,21,11,0,000055,
4,21,11,0,000056,
4,21,11,0,000057,
4,21,11,0,000058,
4,21,11,0,000059,
4,21,11,0,000060,
4,21,11,0,000061,
4,21,11,0,000062,
4,21,11,0,000063,
4,21,11,0,000064,
4,21,11,0,000065,
4,21,11,0,000066,
4,21,11,0,000067,
4,21,11,0,000068,
4,21,11,0,000069,
4,21,11,0,000070,
4,21,11,0,000071,
4,21,11,0,000072,
4,21,11,0,000073,
4,21,11,0,000074,
4,21,11,0,000075,
4,21,11,0,000076,
4,21,11,0,000077,
4,21,11,0,00055A,
4,21,11,0,00055B,
4,21,11,0,00055C,
4,21,11,0,00055D,
4,21,12,0,000283,
4,21,12,0,000284,
4,21,12,0,000285,
4,21,12,0,000286,
4,21,12,0,000287,
4,21,12,0,000289,
4,21,12,0,000290,
4,21,12,0,000291,
4,21,12,0,000292,
4,21,12,0,000293,
4,21,12,0,000294,
4,21,12,0,00285A,
4,21,12,0,00285B,
4,21,13,0,000301,
4,21,13,0,000302,
4,21,13,0,000303,
4,21,13,0,000304,
4,21,13,0,000305,
4,21,13,0,000306,
4,21,13,0,000307,
4,21,13,0,000308,
4,21,13,0,000309,
4,21,13,0,000310,
4,21,13,0,000311,
4,21,13,0,000312,
4,21,13,0,000313,
4,21,13,0,000314,
4,21,13,0,000315,
4,21,13,0,000316,
4,21,13,0,000317,
4,21,13,0,000318,
4,21,13,0,000319,
4,21,13,0,000320,
4,21,13,0,000321,
4,21,13,0,000322,
4,21,13,0,000323,
4,21,13,0,000324,
4,21,13,0,000325,
4,21,13,0,000326,
4,21,13,0,000327,
4,21,13,0,000328,
4,21,13,0,000329,
4,21,13,0,000330,
4,21,13,0,000331,
4,21,13,0,000332,
4,21,13,0,000333,
4,21,13,0,000334,
4,21,13,0,000335,
4,21,13,0,000336,
4,21,13,0,000337,
4,21,13,0,000338,
4,21,13,0,000339,
4,21,13,0,000340,
4,21,13,0,000341,
4,21,13,0,000342,
4,21,13,0,000343,
4,21,13,0,000344,
4,21,13,0,000345,
4,21,13,0,000347,
4,21,13,0,000348,
4,21,13,0,000349,
4,21,13,0,000350,
4,21,13,0,000351,
4,21,13,0,000352,
4,21,13,0,000353,
4,21,13,0,000354,
4,21,13,0,000355,
4,21,13,0,000356,
4,21,13,0,000357,
4,21,13,0,000358,
4,21,13,0,000359,
4,21,13,0,000360,
4,21,13,0,000363,
4,21,13,0,00341A,
4,21,13,0,00341B,
4,21,13,0,00342A,
4,21,13,0,00342B,
4,21,13,0,00343A,
4,21,13,0,00344A,
4,21,13,0,00345A,
4,21,13,0,00347A,
4,21,13,0,00349A,
4,21,13,0,00349B,
4,21,13,0,00349C,
4,21,13,0,00349D,
4,21,13,0,00350A,
4,21,13,0,00351A,
4,21,13,0,00353A,
4,21,13,0,00354A,
4,21,13,0,00355A,
4,21,13,0,00356A,
4,21,13,0,00359A,
4,21,13,0,00360A,
4,21,13,0,00362A,
4,21,13,0,00362B,
4,21,13,0,00362C,
4,21,13,0,00362D,
4,21,13,0,00362E,
4,21,13,0,00362F,
4,21,16,0,000174,
4,21,16,0,000175,
4,21,16,0,000176,
4,21,16,0,000177,
4,21,16,0,000178,
4,21,16,0,000179,
4,21,16,0,000180,
4,21,16,0,000181,
4,21,16,0,000182,
4,21,16,0,000183,
4,21,16,0,000184,
4,21,16,0,000185,
4,21,16,0,000186,
4,21,16,0,000187,
4,21,16,0,000188,
4,21,16,0,000189,
4,21,16,0,000191,
4,21,16,0,000192,
4,21,16,0,000193,
4,21,16,0,000194,
4,21,16,0,000195,
4,21,16,0,000196,
4,21,16,0,000197,
4,21,16,0,000198,
4,21,16,0,000199,
4,21,16,0,000200,
4,21,16,0,000201,
4,21,16,0,000202,
4,21,16,0,000203,
4,21,16,0,000204,
4,21,16,0,000205,
4,21,16,0,00181A,
4,21,16,0,00196B,
4,21,17,0,000274,
4,21,17,0,000275,
4,21,17,0,000276,
4,21,17,0,000277,
4,21,17,0,000278,
4,21,17,0,000279,
4,21,17,0,000280,
4,21,17,0,000281,
4,21,17,0,00275A,
4,21,17,0,00276A,
4,21,17,0,00276B,
4,21,17,0,00277A,
4,21,17,0,00277B,
4,21,18,0,000079,
4,21,18,0,000080,
4,21,18,0,000081,
4,21,18,0,000082,
4,21,18,0,000083,
4,21,18,0,000084,
4,21,18,0,000085,
4,21,18,0,000086,
4,21,18,0,000087,
4,21,18,0,000088,
4,21,18,0,000089,
4,21,18,0,000091,
4,21,18,0,000092,
4,21,18,0,000093,
4,21,18,0,000094,
4,21,18,0,000095,
4,21,18,0,000096,
4,21,18,0,000097,
4,21,18,0,000098,
4,21,18,0,000100,
4,21,18,0,000101,
4,21,18,0,00085A,
4,21,18,0,00096A,
4,21,19,0,000207,
4,21,19,0,000208,
4,21,19,0,000209,
4,21,19,0,000210,
4,21,19,0,000211,
4,21,19,0,000212,
4,21,19,0,000213,
4,21,19,0,000214,
4,21,19,0,000215,
4,21,19,0,000216,
4,21,19,0,000217,
4,21,19,0,000218,
4,21,19,0,000219,
4,21,19,0,00208B,
4,21,19,0,00208C,
4,21,19,0,00210A,
4,21,19,0,00212A,
4,21,19,0,00214A,
4,21,19,0,00215A,
4,21,19,0,00216A,
4,21,2,0,000364,
4,21,2,0,000365,
4,21,2,0,000366,
4,21,2,0,000367,
4,21,2,0,000369,
4,21,2,0,000370,
4,21,2,0,000371,
4,21,2,0,000372,
4,21,2,0,000373,
4,21,2,0,000374,
4,21,2,0,000375,
4,21,2,0,000376,
4,21,2,0,00365A,
4,21,2,0,00368A,
4,21,2,0,00368B,
4,21,2,0,00368C,
4,21,2,0,00368D,
4,21,2,0,00375A,
4,21,20,0,000416,
4,21,20,0,000417,
4,21,20,0,000419,
4,21,20,0,000420,
4,21,20,0,000421,
4,21,20,0,000422,
4,21,20,0,000423,
4,21,20,0,000424,
4,21,20,0,00417A,
4,21,20,0,00417B,
4,21,20,0,00418A,
4,21,20,0,00418B,
4,21,20,0,00420A,
4,21,20,0,00422A,
4,21,20,0,00422B,
4,21,20,0,00425A,
4,21,20,0,00425B,
4,21,21,0,000153,
4,21,21,0,000154,
4,21,21,0,000155,
4,21,21,0,000156,
4,21,21,0,000157,
4,21,21,0,000158,
4,21,21,0,000159,
4,21,21,0,000160,
4,21,21,0,000161,
4,21,21,0,000162,
4,21,21,0,000163,
4,21,21,0,000164,
4,21,21,0,000165,
4,21,21,0,000166,
4,21,21,0,000167,
4,21,21,0,000168,
4,21,21,0,000169,
4,21,22,0,000251,
4,21,22,0,000252,
4,21,22,0,000253,
4,21,22,0,000254,
4,21,22,0,000255,
4,21,22,0,000256,
4,21,22,0,000257,
4,21,22,0,000258,
4,21,22,0,000259,
4,21,22,0,000260,
4,21,22,0,000261,
4,21,22,0,000262,
4,21,22,0,000263,
4,21,22,0,000264,
4,21,22,0,000267,
4,21,22,0,000268,
4,21,22,0,000269,
4,21,22,0,000270,
4,21,22,0,000271,
4,21,22,0,00254A,
4,21,22,0,00256A,
4,21,22,0,00268A,
4,21,22,0,00268B,
4,21,3,0,000111,
4,21,3,0,000112,
4,21,3,0,000113,
4,21,3,0,000114,
4,21,3,0,000115,
4,21,3,0,000116,
4,21,3,0,000117,
4,21,3,0,000118,
4,21,3,0,000119,
4,21,3,0,000120,
4,21,3,0,000121,
4,21,3,0,000122,
4,21,3,0,000123,
4,21,3,0,000124,
4,21,3,0,000125,
4,21,3,0,000126,
4,21,3,0,000127,
4,21,3,0,000129,
4,21,3,0,000130,
4,21,3,0,000131,
4,21,3,0,000132,
4,21,3,0,000133,
4,21,3,0,000134,
4,21,3,0,000135,
4,21,3,0,000136,
4,21,3,0,000137,
4,21,3,0,000138,
4,21,3,0,000139,
4,21,3,0,000140,
4,21,3,0,000141,
4,21,3,0,000142,
4,21,3,0,000143,
4,21,3,0,000144,
4,21,3,0,000145,
4,21,3,0,000146,
4,21,3,0,000147,
4,21,3,0,000148,
4,21,3,0,000149,
4,21,3,0,000150,
4,21,3,0,000151,
4,21,3,0,000152,
4,21,3,0,00120A,
4,21,3,0,00120B,
4,21,3,0,00128A,
4,21,3,0,00128B,
4,21,3,0,00128C,
4,21,3,0,00128D,
4,21,3,0,00134A,
4,21,3,0,00136A,
4,21,4,0,000378,
4,21,4,0,000380,
4,21,4,0,000381,
4,21,4,0,000382,
4,21,4,0,000383,
4,21,4,0,000384,
4,21,4,0,00377A,
4,21,4,0,00377B,
4,21,4,0,00377C,
4,21,4,0,00378A,
4,21,4,0,00378B,
4,21,4,0,00378C,
4,21,4,0,00378D,
4,21,4,0,00379A,
4,21,4,0,00379B,
4,21,4,0,00379C,
4,21,4,0,00384A,
4,21,4,0,00384B,
4,21,4,0,00384C,
4,21,5,0,000104,
4,21,5,0,000105,
4,21,5,0,000106,
4,21,5,0,000107,
4,21,5,0,000108,
4,21,5,0,000109,
4,21,5,0,000110,
4,21,5,0,00106A,
4,21,5,0,00106B,
4,21,6,0,000386,
4,21,6,0,000387,
4,21,6,0,000389,
4,21,6,0,000391,
4,21,6,0,000392,
4,21,6,0,000393,
4,21,6,0,000394,
4,21,6,0,000396,
4,21,6,0,000397,
4,21,6,0,000398,
4,21,6,0,000399,
4,21,6,0,000400,
4,21,6,0,00385A,
4,21,6,0,00385B,
4,21,6,0,00385C,
4,21,6,0,00386A,
4,21,6,0,00386B,
4,21,6,0,00388A,
4,21,6,0,00388B,
4,21,6,0,00390A,
4,21,6,0,00390B,
4,21,6,0,00390C,
4,21,6,0,00390D,
4,21,6,0,00391A,
4,21,6,0,00393A,
4,21,6,0,00395A,
4,21,6,0,00395B,
4,21,6,0,00396A,
4,21,6,0,00397A,
4,21,6,0,00401A,
4,21,6,0,00401B,
4,21,7,0,000220,
4,21,7,0,000221,
4,21,7,0,000222,
4,21,7,0,000223,
4,21,7,0,000224,
4,21,7,0,000225,
4,21,7,0,000226,
4,21,7,0,000227,
4,21,7,0,000228,
4,21,7,0,000229,
4,21,7,0,000230,
4,21,7,0,000231,
4,21,7,0,000232,
4,21,7,0,000233,
4,21,7,0,000234,
4,21,7,0,000235,
4,21,7,0,000237,
4,21,7,0,000238,
4,21,7,0,000239,
4,21,7,0,000240,
4,21,7,0,000241,
4,21,7,0,000242,
4,21,7,0,000243,
4,21,7,0,000244,
4,21,7,0,000245,
4,21,7,0,000246,
4,21,7,0,000247,
4,21,7,0,000248,
4,21,7,0,000249,
4,21,7,0,00221A,
4,21,7,0,00222A,
4,21,7,0,00223A,
4,21,7,0,00224A,
4,21,7,0,00224B,
4,21,7,0,00224C,
4,21,7,0,00224D,
4,21,7,0,00224E,
4,21,7,0,00225A,
4,21,7,0,00227A,
4,21,7,0,00227B,
4,21,7,0,00230A,
4,21,7,0,00232A,
4,21,7,0,00239A,
4,21,7,0,00244A,
4,21,7,0,00244B,
4,21,7,0,00246A,
4,21,8,0,000407,
4,21,8,0,000408,
4,21,8,0,000409,
4,21,8,0,000410,
4,21,8,0,000412,
4,21,8,0,000414,
4,21,8,0,000415,
4,21,8,0,00411A,
4,21,8,0,00411B,
4,21,8,0,00413A,
4,21,8,0,00413B,
4,21,8,0,00413C,
4,21,8,0,00414A,
4,21,9,0,000001,
4,21,9,0,000002,
4,21,9,0,000003,
4,21,9,0,000004,
4,21,9,0,000005,
4,21,9,0,000006,
4,21,9,0,000007,
4,21,9,0,000008,
4,21,9,0,000009,
4,21,9,0,000010,
4,21,9,0,000011,
4,21,9,0,000012,
4,21,9,0,000013,
4,21,9,0,000014,
4,21,9,0,000015,
4,21,9,0,000016,
4,21,9,0,000017,
4,21,9,0,000018,
4,21,9,0,000019,
4,21,9,0,000020,
4,21,9,0,000021,
4,21,9,0,000022,
4,21,9,0,000023,
4,21,9,0,000024,
4,21,9,0,000025,
4,21,9,0,000026,
4,21,9,0,000027,
4,21,9,0,000028,
4,21,9,0,000029,
4,21,9,0,000030,
4,21,9,0,000031,
4,21,9,0,000032,
4,21,9,0,000033,
4,21,9,0,000034,
4,21,9,0,000035,
4,21,9,0,000036,
4,21,9,0,000037,
4,21,9,0,000038,
4,21,9,0,000039,
4,21,9,0,000040,
4,21,9,0,00011A,
4,21,9,0,00020A,
4,21,9,0,00020B,
4,22,1,0,000001,
4,22,1,0,000002,
4,22,1,0,000003,
4,22,1,0,000004,
4,22,1,0,000005,
4,22,1,0,000006,
4,22,1,0,000007,
4,22,1,0,000008,
4,22,1,0,000009,
4,22,1,0,000010,
4,22,1,0,000011,
4,22,1,0,000012,
4,22,1,0,000013,
4,22,1,0,000014,
4,22,1,0,000015,
4,22,1,0,000016,
4,22,1,0,000017,
4,22,1,0,000018,
4,22,1,0,00002A,
4,22,1,0,00003A,
4,22,1,0,00004A,
4,22,1,0,00004B,
4,22,1,0,00007A,
4,22,1,0,00007B,
4,22,1,0,00007C,
4,22,1,0,00008A,
4,22,1,0,00008B,
4,22,10,0,000087,
4,22,10,0,000088,
4,22,10,0,000089,
4,22,10,0,000090,
4,22,10,0,000091,
4,22,10,0,000092,
4,22,10,0,000093,
4,22,10,0,000094,
4,22,10,0,000095,
4,22,10,0,00089A,
4,22,11,0,000096,
4,22,11,0,000097,
4,22,11,0,000098,
4,22,11,0,000099,
4,22,11,0,000100,
4,22,11,0,000101,
4,22,11,0,000102,
4,22,12,0,000103,
4,22,12,0,000104,
4,22,12,0,000105,
4,22,12,0,000106,
4,22,12,0,000107,
4,22,12,0,000108,
4,22,12,0,000109,
4,22,12,0,00105A,
4,22,12,0,00107A,
4,22,12,0,00107B,
4,22,13,0,000110,
4,22,13,0,000111,
4,22,13,0,000112,
4,22,13,0,000113,
4,22,13,0,000114,
4,22,13,0,000115,
4,22,13,0,000116,
4,22,13,0,000117,
4,22,13,0,000118,
4,22,13,0,000119,
4,22,13,0,000120,
4,22,13,0,00110A,
4,22,13,0,00117A,
4,22,14,0,000121,
4,22,14,0,000122,
4,22,14,0,000123,
4,22,14,0,000124,
4,22,14,0,000125,
4,22,14,0,000126,
4,22,14,0,00125A,
4,22,14,0,00126A,
4,22,14,0,00126B,
4,22,15,0,000127,
4,22,15,0,000128,
4,22,15,0,000129,
4,22,15,0,000130,
4,22,16,0,000131,
4,22,16,0,000132,
4,22,16,0,000133,
4,22,16,0,000134,
4,22,16,0,000135,
4,22,16,0,000136,
4,22,16,0,000137,
4,22,16,0,000138,
4,22,16,0,000139,
4,22,16,0,000140,
4,22,16,0,000141,
4,22,16,0,000142,
4,22,16,0,000143,
4,22,16,0,000144,
4,22,16,0,00139A,
4,22,16,0,00139B,
4,22,16,0,00144A,
4,22,17,0,000145,
4,22,17,0,000146,
4,22,17,0,000147,
4,22,17,0,000148,
4,22,17,0,000149,
4,22,17,0,000150,
4,22,17,0,00145A,
4,22,17,0,00147A,
4,22,17,0,00148A,
4,22,18,0,000151,
4,22,18,0,000152,
4,22,18,0,000153,
4,22,18,0,000154,
4,22,18,0,000155,
4,22,18,0,000156,
4,22,18,0,000157,
4,22,18,0,000158,
4,22,18,0,000159,
4,22,18,0,000160,
4,22,18,0,00154A,
4,22,18,0,00158A,
4,22,19,0,000161,
4,22,19,0,000162,
4,22,19,0,000163,
4,22,19,0,000164,
4,22,19,0,000165,
4,22,19,0,000166,
4,22,19,0,000167,
4,22,19,0,000168,
4,22,19,0,000169,
4,22,19,0,00168A,
4,22,2,0,000019,
4,22,2,0,000020,
4,22,2,0,000021,
4,22,2,0,000022,
4,22,2,0,000023,
4,22,2,0,000024,
4,22,2,0,000025,
4,22,2,0,000026,
4,22,2,0,000027,
4,22,20,0,000170,
4,22,20,0,000171,
4,22,20,0,000172,
4,22,20,0,000173,
4,22,20,0,00171A,
4,22,21,0,000174,
4,22,21,0,000175,
4,22,21,0,000176,
4,22,21,0,000177,
4,22,21,0,000178,
4,22,21,0,000179,
4,22,21,0,000180,
4,22,21,0,000181,
4,22,21,0,000182,
4,22,22,0,000183,
4,22,22,0,000184,
4,22,22,0,000185,
4,22,22,0,000186,
4,22,22,0,000187,
4,22,22,0,000188,
4,22,22,0,000189,
4,22,22,0,000190,
4,22,22,0,000191,
4,22,22,0,000192,
4,22,22,0,000193,
4,22,22,0,00183A,
4,22,22,0,00187A,
4,22,22,0,00190A,
4,22,22,0,00193A,
4,22,23,0,000194,
4,22,23,0,000195,
4,22,23,0,000196,
4,22,23,0,000197,
4,22,23,0,00195A,
4,22,24,0,000198,
4,22,24,0,000199,
4,22,24,0,000200,
4,22,24,0,000201,
4,22,24,0,000202,
4,22,24,0,000203,
4,22,24,0,000204,
4,22,24,0,000205,
4,22,24,0,000206,
4,22,25,0,000207,
4,22,25,0,000208,
4,22,25,0,000209,
4,22,25,0,000210,
4,22,25,0,000211,
4,22,25,0,000212,
4,22,25,0,000213,
4,22,25,0,000214,
4,22,25,0,000215,
4,22,25,0,00215A,
4,22,26,0,000216,
4,22,26,0,000217,
4,22,26,0,000218,
4,22,26,0,000219,
4,22,27,0,000221,
4,22,27,0,000222,
4,22,27,0,000223,
4,22,27,0,000224,
4,22,27,0,000225,
4,22,27,0,000226,
4,22,27,0,00224A,
4,22,3,0,000028,
4,22,3,0,000029,
4,22,3,0,000030,
4,22,3,0,000031,
4,22,4,0,000032,
4,22,4,0,000033,
4,22,4,0,000034,
4,22,4,0,000035,
4,22,4,0,000036,
4,22,4,0,00033A,
4,22,5,0,000037,
4,22,5,0,000038,
4,22,5,0,000039,
4,22,5,0,000040,
4,22,5,0,000041,
4,22,5,0,000042,
4,22,5,0,00040A,
4,22,6,0,000043,
4,22,6,0,000044,
4,22,6,0,000045,
4,22,6,0,000046,
4,22,6,0,000047,
4,22,6,0,000048,
4,22,6,0,000049,
4,22,6,0,000050,
4,22,6,0,000051,
4,22,6,0,000052,
4,22,6,0,000053,
4,22,6,0,000054,
4,22,6,0,000055,
4,22,6,0,000056,
4,22,6,0,000057,
4,22,6,0,000058,
4,22,6,0,000059,
4,22,6,0,000060,
4,22,6,0,000061,
4,22,6,0,000062,
4,22,6,0,000063,
4,22,6,0,000064,
4,22,6,0,000065,
4,22,6,0,000066,
4,22,6,0,00049A,
4,22,6,0,00053A,
4,22,7,0,000067,
4,22,7,0,000068,
4,22,7,0,000069,
4,22,7,0,00067A,
4,22,8,0,000070,
4,22,8,0,000071,
4,22,8,0,000072,
4,22,8,0,000073,
4,22,8,0,00070A,
4,22,8,0,00072A,
4,22,8,0,00072B,
4,22,9,0,000074,
4,22,9,0,000075,
4,22,9,0,000076,
4,22,9,0,000077,
4,22,9,0,000078,
4,22,9,0,000079,
4,22,9,0,000080,
4,22,9,0,000081,
4,22,9,0,000082,
4,22,9,0,000083,
4,22,9,0,000084,
4,22,9,0,000085,
4,22,9,0,000086,
4,23,1,13,000001,
4,23,1,13,000002,
4,23,1,13,000003,
4,23,1,13,000004,
4,23,1,13,000005,
4,23,1,13,000006,
4,23,1,13,000007,
4,23,1,13,000008,
4,23,1,13,000009,
4,23,1,13,000010,
4,23,1,13,000011,
4,23,1,13,000012,
4,23,1,13,000013,
4,23,1,13,000014,
4,23,1,13,000015,
4,23,1,13,000016,
4,23,1,13,000017,
4,23,1,13,000018,
4,23,1,13,000019,
4,23,1,13,00001A,
4,23,1,13,000020,
4,23,1,13,000021,
4,23,1,13,000022,
4,23,1,13,00002A,
4,23,1,13,00007A,
4,23,1,13,00008A,
4,23,1,13,00009A,
4,23,1,13,00010A,
4,23,1,13,00011A,
4,23,1,13,00012A,
4,23,1,13,00013A,
4,23,1,13,00014A,
4,23,1,13,00015A,
4,23,1,13,00015B,
4,23,1,13,00016A,
4,23,1,13,00017A,
4,23,1,13,00018A,
4,23,1,13,00018B,
4,23,10,14,000102,
4,23,10,14,000103,
4,23,10,14,000104,
4,23,10,14,000105,
4,23,10,14,000106,
4,23,10,14,000107,
4,23,10,14,000108,
4,23,10,14,000109,
4,23,10,14,000110,
4,23,10,14,000111,
4,23,10,14,000112,
4,23,10,14,000113,
4,23,10,14,000114,
4,23,10,14,000115,
4,23,10,14,000116,
4,23,10,14,000117,
4,23,10,14,000118,
4,23,10,14,000119,
4,23,10,14,000120,
4,23,10,14,000121,
4,23,10,14,00110A,
4,23,11,14,000122,
4,23,11,14,000123,
4,23,11,14,000124,
4,23,11,14,000125,
4,23,11,14,000126,
4,23,11,14,000127,
4,23,11,14,000128,
4,23,11,14,000129,
4,23,11,14,000130,
4,23,11,14,000131,
4,23,11,14,000132,
4,23,11,14,000133,
4,23,11,14,000134,
4,23,11,14,000135,
4,23,11,14,000136,
4,23,11,14,000137,
4,23,11,14,000138,
4,23,11,14,000139,
4,23,11,14,00126A,
4,23,11,14,00137A,
4,23,12,14,000140,
4,23,12,14,000141,
4,23,12,14,000142,
4,23,12,14,000143,
4,23,12,14,000144,
4,23,12,14,000145,
4,23,12,14,000146,
4,23,12,14,000147,
4,23,12,14,000148,
4,23,12,14,000149,
4,23,12,14,000150,
4,23,12,14,000151,
4,23,12,14,000152,
4,23,12,14,000153,
4,23,12,14,000154,
4,23,12,14,000155,
4,23,12,14,000156,
4,23,12,14,000157,
4,23,12,14,000158,
4,23,12,14,000159,
4,23,12,14,000160,
4,23,12,14,000161,
4,23,12,14,000162,
4,23,12,14,000163,
4,23,12,14,000164,
4,23,12,14,000165,
4,23,12,14,000166,
4,23,12,14,000167,
4,23,12,14,000168,
4,23,12,14,000169,
4,23,12,14,000170,
4,23,12,14,000171,
4,23,12,14,00170A,
4,23,13,14,000172,
4,23,13,14,000173,
4,23,13,14,000174,
4,23,13,14,000175,
4,23,13,14,000176,
4,23,13,14,000177,
4,23,13,14,000178,
4,23,13,14,000179,
4,23,13,14,000180,
4,23,13,14,000181,
4,23,13,14,000182,
4,23,13,14,000183,
4,23,13,14,000184,
4,23,13,14,000185,
4,23,13,14,000186,
4,23,13,14,000187,
4,23,13,14,000188,
4,23,13,14,000189,
4,23,13,14,000190,
4,23,13,14,000191,
4,23,13,14,000192,
4,23,13,14,000193,
4,23,13,14,000194,
4,23,13,14,000195,
4,23,13,14,000196,
4,23,13,14,000197,
4,23,14,14,000198,
4,23,14,14,000199,
4,23,14,14,000200,
4,23,14,14,000201,
4,23,14,14,000202,
4,23,14,14,000203,
4,23,14,14,000204,
4,23,14,14,000205,
4,23,14,14,000206,
4,23,14,14,000207,
4,23,14,14,000208,
4,23,14,14,000209,
4,23,14,14,000210,
4,23,14,14,000211,
4,23,14,14,00204A,
4,23,15,15,000212,
4,23,15,15,000213,
4,23,15,15,000214,
4,23,15,15,000215,
4,23,15,15,000216,
4,23,15,15,00215A,
4,23,15,15,00216A,
4,23,16,15,000219,
4,23,16,15,000221,
4,23,16,15,000222,
4,23,16,15,000223,
4,23,16,15,000224,
4,23,16,15,000225,
4,23,16,15,000226,
4,23,16,15,000227,
4,23,16,15,000228,
4,23,16,15,000229,
4,23,16,15,00223A,
4,23,16,15,00223B,
4,23,16,15,00227A,
4,23,16,15,00228A,
4,23,17,15,000230,
4,23,17,15,000231,
4,23,17,15,000232,
4,23,17,15,000233,
4,23,17,15,000234,
4,23,2,15,000023,
4,23,2,15,000024,
4,23,2,15,000025,
4,23,2,15,000026,
4,23,2,15,000027,
4,23,2,15,000028,
4,23,2,15,000029,
4,23,2,15,000030,
4,23,3,15,000031,
4,23,3,15,000032,
4,23,3,15,000033,
4,23,3,15,000034,
4,23,3,15,000035,
4,23,3,15,000036,
4,23,3,15,000037,
4,23,3,15,000038,
4,23,3,15,000039,
4,23,3,15,000040,
4,23,4,15,000041,
4,23,4,15,000042,
4,23,4,15,000043,
4,23,4,15,000044,
4,23,4,15,000045,
4,23,4,15,000046,
4,23,4,15,000047,
4,23,4,15,000048,
4,23,4,15,000049,
4,23,4,15,000050,
4,23,4,15,000051,
4,23,4,15,000052,
4,23,4,15,000053,
4,23,4,15,000054,
4,23,4,15,000055,
4,23,4,15,000056,
4,23,4,15,000057,
4,23,4,15,000058,
4,23,4,15,00056A,
4,23,5,15,000059,
4,23,5,15,000060,
4,23,5,15,000061,
4,23,5,15,000062,
4,23,5,15,000063,
4,23,5,15,000064,
4,23,5,15,000065,
4,23,5,15,000066,
4,23,5,15,000067,
4,23,5,15,000068,
4,23,5,15,000069,
4,23,5,15,000070,
4,23,5,15,000071,
4,23,5,15,00060A,
4,23,5,15,00060B,
4,23,5,15,00061A,
4,23,6,15,000072,
4,23,6,15,000073,
4,23,6,15,000074,
4,23,6,15,000075,
4,23,6,15,000076,
4,23,6,15,000077,
4,23,6,15,000078,
4,23,6,15,000079,
4,23,7,15,000080,
4,23,7,15,000081,
4,23,7,15,000082,
4,23,7,15,000083,
4,23,7,15,000084,
4,23,8,15,000085,
4,23,8,15,000086,
4,23,8,15,000087,
4,23,8,15,000088,
4,23,8,15,000089,
4,23,8,15,000090,
4,23,8,15,000091,
4,23,8,15,000092,
4,23,8,15,000093,
4,23,9,14,000094,
4,23,9,14,000095,
4,23,9,14,000096,
4,23,9,14,000097,
4,23,9,14,000098,
4,23,9,14,000099,
4,23,9,14,000100,
4,23,9,14,000101,
4,24,1,0,000001,
4,24,1,0,000002,
4,24,1,0,000003,
4,24,1,0,000004,
4,24,1,0,000005,
4,24,1,0,000006,
4,24,1,0,000007,
4,24,2,0,000008,
4,24,2,0,000009,
4,24,2,0,000010,
4,24,2,0,000011,
4,24,2,0,000012,
4,24,2,0,000013,
4,24,2,0,000014,
4,24,2,0,000015,
4,24,2,0,000016,
4,24,2,0,000021,
4,24,3,0,000022,
4,24,3,0,000023,
4,24,3,0,000024,
4,24,3,0,000025,
4,24,3,0,000027,
4,24,3,0,000028,
4,3,1,0,000001,
4,3,1,0,000002,
4,3,1,0,000003,
4,3,1,0,000004,
4,3,1,0,000005,
4,3,1,0,000006,
4,3,1,0,000007,
4,3,1,0,000008,
4,3,1,0,000009,
4,3,10,0,000083,
4,3,10,0,000084,
4,3,10,0,000085,
4,3,10,0,000086,
4,3,10,0,000087,
4,3,10,0,000088,
4,3,10,0,000089,
4,3,11,0,000090,
4,3,11,0,000091,
4,3,11,0,000092,
4,3,11,0,000093,
4,3,11,0,000094,
4,3,11,0,000095,
4,3,11,0,000096,
4,3,11,0,000097,
4,3,11,0,000098,
4,3,12,0,000099,
4,3,12,0,000100,
4,3,12,0,000101,
4,3,12,0,000102,
4,3,12,0,000103,
4,3,12,0,000104,
4,3,12,0,000105,
4,3,12,0,000106,
4,3,12,0,000107,
4,3,12,0,000108,
4,3,12,0,000109,
4,3,13,0,000110,
4,3,13,0,000111,
4,3,13,0,000112,
4,3,13,0,000113,
4,3,13,0,000114,
4,3,13,0,000115,
4,3,13,0,000116,
4,3,13,0,000117,
4,3,13,0,000118,
4,3,13,0,000119,
4,3,13,0,000120,
4,3,13,0,000121,
4,3,13,0,000122,
4,3,13,0,000123,
4,3,13,0,000124,
4,3,13,0,000125,
4,3,15,0,000128,
4,3,15,0,000129,
4,3,15,0,000130,
4,3,15,0,000131,
4,3,15,0,000132,
4,3,15,0,000133,
4,3,15,0,000134,
4,3,15,0,000136,
4,3,15,0,000137,
4,3,15,0,000138,
4,3,15,0,000139,
4,3,15,0,000140,
4,3,15,0,000141,
4,3,15,0,000142,
4,3,15,0,000143,
4,3,16,0,000144,
4,3,16,0,000145,
4,3,16,0,000146,
4,3,16,0,000147,
4,3,16,0,000148,
4,3,16,0,000149,
4,3,16,0,000150,
4,3,16,0,000151,
4,3,16,0,000152,
4,3,16,0,000153,
4,3,16,0,000154,
4,3,2,0,000010,
4,3,2,0,000011,
4,3,2,0,000012,
4,3,2,0,000013,
4,3,2,0,000014,
4,3,2,0,000015,
4,3,2,0,000016,
4,3,2,0,000017,
4,3,2,0,000018,
4,3,2,0,000019,
4,3,2,0,000021,
4,3,3,0,000022,
4,3,3,0,000023,
4,3,3,0,000024,
4,3,3,0,000025,
4,3,3,0,000026,
4,3,3,0,000027,
4,3,3,0,000028,
4,3,3,0,000029,
4,3,3,0,000030,
4,3,3,0,000031,
4,3,3,0,000032,
4,3,4,0,000033,
4,3,4,0,000034,
4,3,4,0,000035,
4,3,4,0,000036,
4,3,4,0,000037,
4,3,4,0,000038,
4,3,4,0,000039,
4,3,4,0,000040,
4,3,4,0,000041,
4,3,4,0,000042,
4,3,4,0,000043,
4,3,5,0,000044,
4,3,5,0,000045,
4,3,5,0,000046,
4,3,5,0,000047,
4,3,5,0,000048,
4,3,5,0,000049,
4,3,5,0,000050,
4,3,5,0,00044A,
4,3,6,0,000051,
4,3,6,0,000052,
4,3,6,0,000053,
4,3,6,0,000054,
4,3,6,0,000055,
4,3,6,0,000056,
4,3,6,0,000057,
4,3,6,0,000058,
4,3,6,0,000059,
4,3,6,0,000060,
4,3,6,0,000061,
4,3,7,0,000062,
4,3,7,0,000063,
4,3,7,0,000064,
4,3,7,0,000065,
4,3,7,0,000066,
4,3,7,0,000068,
4,3,8,0,000069,
4,3,8,0,000070,
4,3,8,0,000071,
4,3,8,0,000072,
4,3,8,0,000073,
4,3,8,0,000074,
4,3,8,0,000075,
4,3,8,0,000076,
4,3,9,0,000077,
4,3,9,0,000078,
4,3,9,0,000079,
4,3,9,0,000080,
4,3,9,0,000081,
4,4,1,0,000001,
4,4,1,0,000002,
4,4,1,0,000003,
4,4,1,0,000004,
4,4,1,0,000005,
4,4,1,0,000006,
4,4,1,0,000007,
4,4,1,0,000008,
4,4,1,0,000009,
4,4,1,0,000010,
4,4,1,0,000011,
4,4,1,0,000012,
4,4,1,0,000013,
4,4,1,0,000014,
4,4,1,0,00004A,
4,4,1,0,00004B,
4,4,1,0,00004C,
4,4,1,0,00004D,
4,4,1,0,00004E,
4,4,1,0,00004F,
4,4,1,0,00005A,
4,4,1,0,00005B,
4,4,1,0,00005C,
4,4,1,0,00005D,
4,4,1,0,00005E,
4,4,1,0,00005F,
4,4,1,0,00005G,
4,4,1,0,00005H,
4,4,1,0,00005I,
4,4,1,0,00006A,
4,4,1,0,00006B,
4,4,1,0,00006C,
4,4,1,0,00006D,
4,4,1,0,00006E,
4,4,1,0,00006F,
4,4,1,0,00007A,
4,4,1,0,00007B,
4,4,1,0,00007C,
4,4,1,0,00007D,
4,4,1,0,00007E,
4,4,1,0,00007F,
4,4,1,0,00007G,
4,4,1,0,00008A,
4,4,1,0,00008B,
4,4,1,0,00008C,
4,4,1,0,00009A,
4,4,1,0,00009B,
4,4,1,0,00009C,
4,4,1,0,00009D,
4,4,1,0,00009E,
4,4,1,0,00009F,
4,4,1,0,00009G,
4,4,1,0,00010A,
4,4,1,0,00010B,
4,4,1,0,00010C,
4,4,1,0,00010D,
4,4,1,0,00010E,
4,4,1,0,00010F,
4,4,1,0,00010G,
4,4,1,0,00010H,
4,4,1,0,00010I,
4,4,1,0,00010J,
4,4,1,0,00010K,
4,4,1,0,00010L,
4,4,1,0,00010M,
4,4,1,0,00011A,
4,4,1,0,00011B,
4,4,1,0,00011C,
4,4,1,0,00011D,
4,4,1,0,00011E,
4,4,1,0,00011F,
4,4,1,0,00011G,
4,4,1,0,00011H,
4,4,1,0,00011I,
4,4,1,0,00011J,
4,4,1,0,00011K,
4,4,1,0,00011L,
4,4,1,0,00011M,
4,4,1,0,00012A,
4,4,1,0,00012B,
4,4,1,0,00012C,
4,4,1,0,00012D,
4,4,1,0,00012E,
4,4,1,0,00012F,
4,4,1,0,00012G,
4,4,1,0,00012H,
4,4,1,0,00012I,
4,4,1,0,00013A,
4,4,1,0,00013B,
4,4,1,0,00013C,
4,4,1,0,00013D,
4,4,1,0,00013E,
4,4,1,0,00013F,
4,4,1,0,00013G,
4,4,1,0,00013H,
4,4,1,0,00013I,
4,4,1,0,00013J,
4,4,1,0,00013K,
4,4,1,0,00013L,
4,4,1,0,00013M,
4,4,1,0,00013N,
4,4,1,0,00013O,
4,4,1,0,00014A,
4,4,1,0,00014B,
4,4,1,0,00014C,
4,4,1,0,00014D,
4,4,1,0,00014E,
4,4,1,0,00014F,
4,4,1,0,00014G,
4,4,1,0,00014H,
4,4,1,0,00014I,
4,4,1,0,00014J,
4,4,1,0,00014K,
4,4,1,0,00014L,
4,4,1,0,00014M,
4,4,1,0,00014N,
4,4,1,0,00014O,
4,4,1,0,00014P,
4,4,1,0,00014Q,
4,4,10,0,000138,
4,4,10,0,000139,
4,4,10,0,000140,
4,4,10,0,000141,
4,4,10,0,000142,
4,4,10,0,00138A,
4,4,10,0,00138B,
4,4,10,0,00138C,
4,4,10,0,00138D,
4,4,10,0,00139A,
4,4,10,0,00139B,
4,4,10,0,00140A,
4,4,10,0,00141A,
4,4,10,0,00142A,
4,4,11,0,000144,
4,4,11,0,000145,
4,4,11,0,000146,
4,4,11,0,00144A,
4,4,11,0,00144B,
4,4,11,0,00145A,
4,4,11,0,00146A,
4,4,11,0,00146B,
4,4,11,0,00146C,
4,4,12,0,000147,
4,4,12,0,000148,
4,4,12,0,000149,
4,4,12,0,000150,
4,4,12,0,000151,
4,4,12,0,000152,
4,4,12,0,000153,
4,4,12,0,000154,
4,4,12,0,000155,
4,4,12,0,000156,
4,4,12,0,000157,
4,4,12,0,000158,
4,4,12,0,000159,
4,4,12,0,00147A,
4,4,12,0,00147B,
4,4,12,0,00152A,
4,4,12,0,00155A,
4,4,12,0,00156A,
4,4,12,0,00156B,
4,4,12,0,00156C,
4,4,12,0,00156D,
4,4,12,0,00156E,
4,4,12,0,00158A,
4,4,12,0,00158B,
4,4,12,0,00158C,
4,4,13,0,000160,
4,4,13,0,000161,
4,4,13,0,000162,
4,4,13,0,000163,
4,4,13,0,000164,
4,4,13,0,000165,
4,4,13,0,000166,
4,4,13,0,000167,
4,4,13,0,000168,
4,4,13,0,000169,
4,4,13,0,000170,
4,4,13,0,000171,
4,4,13,0,000172,
4,4,13,0,000173,
4,4,13,0,000174,
4,4,13,0,000175,
4,4,13,0,000176,
4,4,13,0,000177,
4,4,13,0,000178,
4,4,13,0,000179,
4,4,13,0,000180,
4,4,13,0,000181,
4,4,13,0,000182,
4,4,13,0,000183,
4,4,13,0,000184,
4,4,13,0,000185,
4,4,13,0,000186,
4,4,13,0,000187,
4,4,13,0,000188,
4,4,13,0,000189,
4,4,13,0,000190,
4,4,13,0,000191,
4,4,13,0,000192,
4,4,13,0,000193,
4,4,13,0,000194,
4,4,13,0,00160A,
4,4,13,0,00178A,
4,4,13,0,00178B,
4,4,13,0,00184A,
4,4,13,0,00191A,
4,4,14,0,000195,
4,4,14,0,000196,
4,4,14,0,000197,
4,4,14,0,000198,
4,4,14,0,000199,
4,4,14,0,000200,
4,4,14,0,000201,
4,4,14,0,000202,
4,4,14,0,000203,
4,4,14,0,000204,
4,4,14,0,000205,
4,4,14,0,000206,
4,4,14,0,000207,
4,4,14,0,000208,
4,4,14,0,000209,
4,4,14,0,000210,
4,4,14,0,000211,
4,4,14,0,000212,
4,4,14,0,000213,
4,4,14,0,000214,
4,4,14,0,000215,
4,4,14,0,000216,
4,4,14,0,000217,
4,4,14,0,000218,
4,4,14,0,000219,
4,4,14,0,000220,
4,4,14,0,000221,
4,4,14,0,000222,
4,4,14,0,00201A,
4,4,14,0,00212B,
4,4,14,0,00215A,
4,4,15,0,000223,
4,4,15,0,000224,
4,4,15,0,000225,
4,4,15,0,000226,
4,4,15,0,000227,
4,4,15,0,000228,
4,4,15,0,000229,
4,4,15,0,00225A,
4,4,15,0,00226A,
4,4,15,0,00227A,
4,4,15,0,00227B,
4,4,15,0,00227C,
4,4,15,0,00227D,
4,4,15,0,00229A,
4,4,16,0,000230,
4,4,16,0,000231,
4,4,16,0,000232,
4,4,16,0,000233,
4,4,16,0,000234,
4,4,16,0,000235,
4,4,16,0,000236,
4,4,16,0,000237,
4,4,16,0,000238,
4,4,16,0,000239,
4,4,16,0,000240,
4,4,16,0,000241,
4,4,16,0,000242,
4,4,16,0,000243,
4,4,16,0,000244,
4,4,16,0,000245,
4,4,16,0,00230A,
4,4,16,0,00236A,
4,4,16,0,00237A,
4,4,16,0,00237B,
4,4,16,0,00242A,
4,4,16,0,00244A,
4,4,17,0,000248,
4,4,17,0,000249,
4,4,17,0,000251,
4,4,17,0,000252,
4,4,17,0,000253,
4,4,17,0,000254,
4,4,17,0,000255,
4,4,17,0,000256,
4,4,17,0,000257,
4,4,17,0,000258,
4,4,18,0,000259,
4,4,18,0,000260,
4,4,18,0,000261,
4,4,18,0,000262,
4,4,18,0,000263,
4,4,18,0,000264,
4,4,18,0,000265,
4,4,18,0,000266,
4,4,18,0,00260A,
4,4,18,0,00261A,
4,4,18,0,00261B,
4,4,18,0,00263A,
4,4,18,0,00263B,
4,4,18,0,00263C,
4,4,18,0,00263D,
4,4,18,0,00263E,
4,4,18,0,00264A,
4,4,18,0,00265A,
4,4,18,0,00265B,
4,4,18,0,00265C,
4,4,18,0,00266A,
4,4,19,0,000267,
4,4,19,0,000268,
4,4,19,0,000269,
4,4,19,0,000270,
4,4,19,0,000271,
4,4,19,0,000272,
4,4,19,0,000273,
4,4,19,0,000274,
4,4,19,0,000275,
4,4,19,0,000276,
4,4,19,0,00269A,
4,4,19,0,00269B,
4,4,19,0,00274A,
4,4,19,0,00275A,
4,4,2,0,000015,
4,4,2,0,000016,
4,4,2,0,000017,
4,4,2,0,000018,
4,4,2,0,000019,
4,4,2,0,000020,
4,4,2,0,000021,
4,4,2,0,000022,
4,4,2,0,000023,
4,4,2,0,000024,
4,4,2,0,000025,
4,4,2,0,000026,
4,4,2,0,00015A,
4,4,2,0,00016A,
4,4,2,0,00016B,
4,4,2,0,00016C,
4,4,2,0,00018A,
4,4,2,0,00018B,
4,4,2,0,00018C,
4,4,2,0,00018D,
4,4,2,0,00020A,
4,4,2,0,00020B,
4,4,2,0,00024A,
4,4,2,0,00025A,
4,4,2,0,00025B,
4,4,2,0,00026A,
4,4,2,0,00026B,
4,4,2,0,00328A,
4,4,20,0,000277,
4,4,20,0,000278,
4,4,20,0,000279,
4,4,20,0,000280,
4,4,20,0,000281,
4,4,20,0,000282,
4,4,20,0,000283,
4,4,20,0,000285,
4,4,20,0,000286,
4,4,20,0,000287,
4,4,20,0,000288,
4,4,20,0,000289,
4,4,20,0,000290,
4,4,20,0,000291,
4,4,20,0,000292,
4,4,20,0,000293,
4,4,20,0,000294,
4,4,20,0,000295,
4,4,20,0,000296,
4,4,20,0,000297,
4,4,20,0,000298,
4,4,20,0,000299,
4,4,20,0,000300,
4,4,20,0,000301,
4,4,20,0,000302,
4,4,20,0,000303,
4,4,20,0,000304,
4,4,20,0,000305,
4,4,20,0,000306,
4,4,20,0,000307,
4,4,20,0,000308,
4,4,20,0,000309,
4,4,20,0,000310,
4,4,20,0,000311,
4,4,20,0,000312,
4,4,20,0,000313,
4,4,20,0,000314,
4,4,20,0,000315,
4,4,20,0,00279A,
4,4,20,0,00283A,
4,4,20,0,00288A,
4,4,20,0,00291A,
4,4,20,0,00294A,
4,4,20,0,00295A,
4,4,20,0,00310A,
4,4,21,0,000316,
4,4,21,0,000317,
4,4,21,0,000318,
4,4,21,0,000319,
4,4,21,0,000320,
4,4,21,0,000322,
4,4,21,0,000323,
4,4,21,0,000324,
4,4,21,0,000325,
4,4,21,0,000326,
4,4,21,0,000327,
4,4,21,0,000328,
4,4,21,0,000329,
4,4,21,0,000330,
4,4,21,0,000331,
4,4,21,0,00316A,
4,4,21,0,00316B,
4,4,21,0,00316C,
4,4,21,0,00316D,
4,4,21,0,00316E,
4,4,21,0,00316F,
4,4,21,0,00316G,
4,4,21,0,00316H,
4,4,21,0,00316I,
4,4,21,0,00316J,
4,4,21,0,00326A,
4,4,21,0,00326B,
4,4,21,0,00326C,
4,4,21,0,00328B,
4,4,21,0,00330A,
4,4,22,0,000332,
4,4,22,0,000333,
4,4,22,0,000334,
4,4,22,0,000335,
4,4,23,0,000336,
4,4,23,0,000337,
4,4,23,0,000338,
4,4,23,0,000339,
4,4,23,0,000340,
4,4,23,0,000341,
4,4,23,0,000342,
4,4,23,0,000343,
4,4,23,0,000344,
4,4,23,0,000345,
4,4,23,0,000346,
4,4,23,0,000347,
4,4,23,0,000348,
4,4,23,0,000349,
4,4,23,0,00337A,
4,4,23,0,00347A,
4,4,23,0,00349A,
4,4,24,0,000350,
4,4,24,0,000351,
4,4,24,0,000352,
4,4,24,0,000353,
4,4,24,0,000354,
4,4,24,0,000355,
4,4,24,0,000356,
4,4,24,0,000357,
4,4,24,0,000358,
4,4,24,0,000359,
4,4,24,0,00351A,
4,4,24,0,00352A,
4,4,25,0,000360,
4,4,25,0,000361,
4,4,25,0,000362,
4,4,25,0,000363,
4,4,25,0,000364,
4,4,25,0,000365,
4,4,25,0,000366,
4,4,25,0,000367,
4,4,25,0,000368,
4,4,25,0,000369,
4,4,25,0,000370,
4,4,25,0,000371,
4,4,25,0,00360A,
4,4,25,0,00360B,
4,4,25,0,00370A,
4,4,26,0,000372,
4,4,26,0,000373,
4,4,26,0,000374,
4,4,26,0,000375,
4,4,26,0,000376,
4,4,26,0,000377,
4,4,26,0,000378,
4,4,26,0,000379,
4,4,26,0,000381,
4,4,26,0,000382,
4,4,26,0,000384,
4,4,26,0,000385,
4,4,26,0,000386,
4,4,26,0,000387,
4,4,26,0,000389,
4,4,26,0,000390,
4,4,26,0,000391,
4,4,26,0,000392,
4,4,26,0,000393,
4,4,26,0,000394,
4,4,26,0,000395,
4,4,26,0,000396,
4,4,26,0,000397,
4,4,26,0,000400,
4,4,26,0,000401,
4,4,26,0,000402,
4,4,26,0,00372A,
4,4,26,0,00396A,
4,4,26,0,00397A,
4,4,3,0,000027,
4,4,3,0,000028,
4,4,3,0,000029,
4,4,3,0,000030,
4,4,3,0,000031,
4,4,3,0,000032,
4,4,3,0,000033,
4,4,3,0,000034,
4,4,3,0,000035,
4,4,3,0,000036,
4,4,3,0,000037,
4,4,3,0,000038,
4,4,3,0,000039,
4,4,3,0,000040,
4,4,3,0,000041,
4,4,3,0,00028A,
4,4,3,0,00029A,
4,4,3,0,00031A,
4,4,3,0,00031B,
4,4,3,0,00033A,
4,4,3,0,00035A,
4,4,3,0,00040A,
4,4,3,0,00041A,
4,4,4,0,000042,
4,4,4,0,000043,
4,4,4,0,000044,
4,4,4,0,000045,
4,4,4,0,000046,
4,4,4,0,000047,
4,4,4,0,000048,
4,4,4,0,000049,
4,4,4,0,000050,
4,4,4,0,000051,
4,4,4,0,000052,
4,4,4,0,000053,
4,4,4,0,000054,
4,4,4,0,000055,
4,4,4,0,000056,
4,4,4,0,000057,
4,4,4,0,00043A,
4,4,4,0,00043B,
4,4,4,0,00043C,
4,4,4,0,00044A,
4,4,4,0,00046B,
4,4,4,0,00050A,
4,4,4,0,00051A,
4,4,4,0,00053A,
4,4,4,0,00053B,
4,4,4,0,00054A,
4,4,4,0,00055A,
4,4,5,0,000058,
4,4,5,0,000059,
4,4,5,0,000060,
4,4,5,0,000061,
4,4,5,0,000062,
4,4,5,0,000063,
4,4,5,0,000065,
4,4,5,0,000066,
4,4,5,0,000067,
4,4,5,0,000068,
4,4,5,0,000069,
4,4,5,0,000070,
4,4,5,0,000071,
4,4,5,0,000072,
4,4,6,0,000073,
4,4,6,0,000074,
4,4,6,0,000075,
4,4,6,0,000076,
4,4,6,0,000077,
4,4,6,0,000078,
4,4,6,0,000079,
4,4,6,0,000080,
4,4,6,0,000081,
4,4,6,0,000082,
4,4,6,0,000083,
4,4,6,0,000084,
4,4,6,0,000086,
4,4,6,0,000087,
4,4,6,0,000088,
4,4,6,0,000089,
4,4,6,0,000090,
4,4,6,0,00088B,
4,4,7,0,000091,
4,4,7,0,000092,
4,4,7,0,000093,
4,4,7,0,000094,
4,4,7,0,000095,
4,4,7,0,000097,
4,4,7,0,000098,
4,4,7,0,000099,
4,4,7,0,000100,
4,4,7,0,000101,
4,4,7,0,00091A,
4,4,7,0,00091B,
4,4,7,0,00091C,
4,4,7,0,00096A,
4,4,8,0,000102,
4,4,8,0,000103,
4,4,8,0,000105,
4,4,8,0,000106,
4,4,8,0,000107,
4,4,8,0,000108,
4,4,8,0,000109,
4,4,8,0,000110,
4,4,8,0,000111,
4,4,8,0,000112,
4,4,8,0,000113,
4,4,8,0,000114,
4,4,8,0,000116,
4,4,8,0,000117,
4,4,8,0,000118,
4,4,8,0,00110A,
4,4,8,0,00116A,
4,4,9,0,000119,
4,4,9,0,000120,
4,4,9,0,000121,
4,4,9,0,000122,
4,4,9,0,000123,
4,4,9,0,000124,
4,4,9,0,000125,
4,4,9,0,000126,
4,4,9,0,000127,
4,4,9,0,000128,
4,4,9,0,000129,
4,4,9,0,000130,
4,4,9,0,000131,
4,4,9,0,000132,
4,4,9,0,000133,
4,4,9,0,000134,
4,4,9,0,000135,
4,4,9,0,000136,
4,4,9,0,000137,
4,4,9,0,00128A,
4,4,9,0,00131A,
4,5,1,0,000001,
4,5,1,0,000002,
4,5,1,0,000003,
4,5,1,0,000004,
4,5,1,0,000005,
4,5,1,0,000006,
4,5,1,0,000007,
4,5,1,0,000008,
4,5,1,0,000009,
4,5,1,0,000010,
4,5,1,0,000011,
4,5,1,0,00002A,
4,5,1,0,00005A,
4,5,1,0,00005B,
4,5,1,0,00005C,
4,5,1,0,00007A,
4,5,1,0,00007B,
4,5,1,0,00009A,
4,5,1,0,00011A,
4,5,10,0,000060,
4,5,10,0,000061,
4,5,10,0,000062,
4,5,10,0,000063,
4,5,10,0,000064,
4,5,10,0,000065,
4,5,10,0,000066,
4,5,11,0,000067,
4,5,11,0,000068,
4,5,11,0,000069,
4,5,11,0,000070,
4,5,11,0,000071,
4,5,12,0,000072,
4,5,12,0,000073,
4,5,12,0,000074,
4,5,12,0,000075,
4,5,12,0,000076,
4,5,12,0,00073A,
4,5,13,0,000077,
4,5,13,0,000078,
4,5,13,0,000079,
4,5,13,0,000080,
4,5,13,0,000081,
4,5,13,0,000082,
4,5,14,0,000083,
4,5,14,0,000084,
4,5,14,0,000085,
4,5,14,0,000086,
4,5,14,0,000087,
4,5,14,0,000088,
4,5,14,0,000089,
4,5,14,0,000090,
4,5,14,0,00087A,
4,5,15,0,000091,
4,5,15,0,000092,
4,5,15,0,000093,
4,5,15,0,000094,
4,5,15,0,000095,
4,5,16,0,000096,
4,5,16,0,000097,
4,5,16,0,000098,
4,5,16,0,000099,
4,5,16,0,000100,
4,5,16,0,00100A,
4,5,17,0,000101,
4,5,17,0,000102,
4,5,17,0,000103,
4,5,17,0,000104,
4,5,17,0,000105,
4,5,17,0,000106,
4,5,17,0,000107,
4,5,17,0,00105A,
4,5,18,0,000108,
4,5,18,0,000109,
4,5,18,0,000110,
4,5,18,0,000111,
4,5,19,0,000112,
4,5,19,0,000113,
4,5,19,0,000114,
4,5,19,0,000115,
4,5,19,0,000116,
4,5,19,0,000117,
4,5,19,0,000118,
4,5,19,0,000119,
4,5,19,0,000120,
4,5,19,0,00117A,
4,5,2,0,000012,
4,5,2,0,000013,
4,5,2,0,000014,
4,5,2,0,000015,
4,5,2,0,000016,
4,5,2,0,00012A,
4,5,2,0,00012B,
4,5,2,0,00013A,
4,5,20,0,000121,
4,5,20,0,000122,
4,5,20,0,000123,
4,5,20,0,000124,
4,5,20,0,000125,
4,5,21,0,000126,
4,5,21,0,000127,
4,5,21,0,000128,
4,5,21,0,000129,
4,5,21,0,000130,
4,5,21,0,000131,
4,5,21,0,00128A,
4,5,21,0,00130A,
4,5,22,0,000132,
4,5,22,0,000133,
4,5,22,0,000134,
4,5,22,0,000135,
4,5,23,0,000136,
4,5,23,0,000137,
4,5,23,0,000138,
4,5,23,0,000139,
4,5,23,0,000140,
4,5,24,0,000141,
4,5,24,0,000142,
4,5,24,0,000143,
4,5,24,0,000144,
4,5,25,0,000145,
4,5,25,0,000146,
4,5,25,0,000147,
4,5,3,0,000017,
4,5,3,0,000018,
4,5,3,0,000019,
4,5,3,0,000020,
4,5,3,0,000021,
4,5,3,0,000022,
4,5,4,0,000023,
4,5,4,0,000024,
4,5,4,0,000025,
4,5,4,0,000026,
4,5,4,0,000027,
4,5,4,0,000028,
4,5,4,0,000029,
4,5,5,0,000030,
4,5,5,0,000031,
4,5,5,0,000032,
4,5,5,0,000033,
4,5,5,0,000034,
4,5,5,0,000035,
4,5,5,0,00032A,
4,5,6,0,000036,
4,5,6,0,000037,
4,5,6,0,000038,
4,5,6,0,000039,
4,5,6,0,00037A,
4,5,6,0,00037B,
4,5,7,0,000040,
4,5,7,0,000041,
4,5,7,0,000042,
4,5,7,0,000043,
4,5,7,0,000044,
4,5,7,0,000045,
4,5,7,0,000046,
4,5,7,0,000047,
4,5,7,0,000048,
4,5,8,0,000049,
4,5,8,0,000050,
4,5,8,0,000051,
4,5,8,0,000052,
4,5,8,0,000053,
4,5,8,0,000054,
4,5,9,0,000055,
4,5,9,0,000056,
4,5,9,0,000057,
4,5,9,0,000058,
4,5,9,0,000059,
4,5,9,0,00059A,
4,6,1,0,000001,
4,6,1,0,000002,
4,6,1,0,000003,
4,6,1,0,000004,
4,6,1,0,000006,
4,6,1,0,000009,
4,6,1,0,000010,
4,6,1,0,000012,
4,6,1,0,000014,
4,6,1,0,000015,
4,6,1,0,000017,
4,6,1,0,000018,
4,6,1,0,000020,
4,6,1,0,000021,
4,6,1,0,000023,
4,6,1,0,000024,
4,6,1,0,000025,
4,6,1,0,000026,
4,6,1,0,000027,
4,6,1,0,00005A,
4,6,1,0,00005B,
4,6,1,0,00007A,
4,6,1,0,00007B,
4,6,1,0,00008A,
4,6,1,0,00008B,
4,6,1,0,00011A,
4,6,1,0,00011B,
4,6,1,0,00013A,
4,6,1,0,00013B,
4,6,1,0,00016A,
4,6,1,0,00016B,
4,6,1,0,00016C,
4,6,1,0,00019A,
4,6,1,0,00019B,
4,6,1,0,00022A,
4,6,1,0,00022B,
4,6,10,0,000073,
4,6,10,0,000074,
4,6,10,0,000075,
4,6,11,0,000076,
4,6,11,0,000077,
4,6,11,0,000078,
4,6,11,0,000079,
4,6,11,0,000080,
4,6,11,0,000081,
4,6,11,0,000082,
4,6,12,0,000083,
4,6,12,0,000084,
4,6,12,0,000085,
4,6,12,0,000086,
4,6,13,0,000087,
4,6,13,0,000088,
4,6,13,0,000089,
4,6,13,0,000090,
4,6,13,0,000091,
4,6,13,0,000092,
4,6,13,0,000093,
4,6,13,0,000094,
4,6,13,0,000095,
4,6,13,0,000096,
4,6,13,0,000097,
4,6,14,0,000098,
4,6,14,0,000099,
4,6,14,0,000100,
4,6,14,0,000101,
4,6,15,0,000102,
4,6,15,0,000103,
4,6,15,0,000104,
4,6,15,0,000105,
4,6,15,0,000106,
4,6,16,0,000107,
4,6,16,0,000108,
4,6,16,0,000109,
4,6,17,0,000110,
4,6,17,0,000111,
4,6,17,0,000112,
4,6,17,0,000113,
4,6,17,0,000114,
4,6,18,0,000115,
4,6,18,0,000116,
4,6,19,0,000117,
4,6,19,0,000118,
4,6,19,0,00117A,
4,6,19,0,00118A,
4,6,2,0,000028,
4,6,2,0,000029,
4,6,2,0,000030,
4,6,2,0,00028A,
4,6,20,0,000119,
4,6,20,0,000120,
4,6,21,0,000121,
4,6,21,0,000122,
4,6,21,0,000123,
4,6,21,0,000124,
4,6,21,0,000125,
4,6,22,0,000126,
4,6,22,0,000127,
4,6,23,0,000128,
4,6,23,0,000129,
4,6,24,0,000130,
4,6,24,0,000131,
4,6,24,0,000132,
4,6,24,0,000133,
4,6,24,0,00132A,
4,6,25,0,000136,
4,6,25,0,000137,
4,6,25,0,000139,
4,6,25,0,00134A,
4,6,25,0,00134B,
4,6,25,0,00134C,
4,6,25,0,00134D,
4,6,25,0,00135A,
4,6,25,0,00135B,
4,6,25,0,00135C,
4,6,25,0,00138A,
4,6,25,0,00138B,
4,6,3,0,000032,
4,6,3,0,000033,
4,6,3,0,000034,
4,6,3,0,000035,
4,6,3,0,000036,
4,6,4,0,000037,
4,6,4,0,000038,
4,6,4,0,000039,
4,6,4,0,000040,
4,6,5,0,000041,
4,6,5,0,000042,
4,6,5,0,000043,
4,6,5,0,000044,
4,6,6,0,000045,
4,6,6,0,000046,
4,6,6,0,000047,
4,6,6,0,000048,
4,6,7,0,000049,
4,6,7,0,000050,
4,6,7,0,000051,
4,6,7,0,000052,
4,6,7,0,000053,
4,6,7,0,000054,
4,6,7,0,000056,
4,6,7,0,000057,
4,6,7,0,00055A,
4,6,7,0,00055B,
4,6,8,0,000058,
4,6,8,0,000059,
4,6,8,0,000060,
4,6,8,0,000061,
4,6,8,0,000062,
4,6,8,0,000063,
4,6,8,0,000064,
4,6,8,0,000065,
4,6,8,0,000066,
4,6,8,0,000067,
4,6,9,0,000068,
4,6,9,0,000069,
4,6,9,0,000070,
4,6,9,0,000071,
4,6,9,0,000072,
4,7,1,0,000001,
4,7,1,0,000002,
4,7,1,0,000003,
4,7,1,0,000004,
4,7,1,0,000005,
4,7,1,0,000006,
4,7,1,0,000007,
4,7,1,0,000008,
4,7,1,0,000009,
4,7,1,0,000010,
4,7,1,0,000011,
4,7,1,0,000012,
4,7,1,0,000013,
4,7,1,0,000014,
4,7,1,0,000015,
4,7,1,0,000016,
4,7,1,0,000017,
4,7,1,0,000018,
4,7,1,0,000019,
4,7,1,0,000020,
4,7,1,0,000021,
4,7,1,0,000022,
4,7,1,0,000023,
4,7,1,0,000024,
4,7,1,0,000025,
4,7,10,0,000065,
4,7,10,0,000066,
4,7,11,0,000067,
4,7,12,0,000068,
4,7,12,0,000069,
4,7,12,0,000070,
4,7,12,0,000071,
4,7,12,0,000072,
4,7,12,0,000073,
4,7,13,0,000074,
4,7,13,0,000075,
4,7,13,0,000077,
4,7,13,0,000078,
4,7,13,0,000079,
4,7,13,0,000080,
4,7,13,0,000081,
4,7,14,0,000082,
4,7,14,0,000083,
4,7,14,0,000084,
4,7,15,0,000086,
4,7,15,0,000087,
4,7,15,0,000088,
4,7,15,0,000089,
4,7,15,0,000090,
4,7,15,0,000091,
4,7,15,0,000092,
4,7,15,0,000093,
4,7,15,0,000094,
4,7,15,0,000095,
4,7,15,0,000096,
4,7,15,0,000097,
4,7,15,0,000098,
4,7,15,0,000099,
4,7,15,0,000100,
4,7,15,0,000101,
4,7,15,0,000102,
4,7,15,0,000103,
4,7,15,0,000104,
4,7,15,0,000105,
4,7,15,0,000106,
4,7,15,0,000107,
4,7,15,0,000108,
4,7,15,0,000109,
4,7,2,0,000026,
4,7,2,0,000027,
4,7,2,0,000028,
4,7,2,0,000029,
4,7,2,0,000030,
4,7,2,0,000031,
4,7,2,0,000032,
4,7,3,0,000033,
4,7,3,0,000034,
4,7,4,0,000035,
4,7,4,0,00036A,
4,7,4,0,00036B,
4,7,5,0,000037,
4,7,5,0,000039,
4,7,5,0,000040,
4,7,5,0,000041,
4,7,5,0,000042,
4,7,5,0,000043,
4,7,5,0,00044A,
4,7,5,0,00044B,
4,7,5,0,00044C,
4,7,6,0,000045,
4,7,6,0,000046,
4,7,6,0,000047,
4,7,6,0,000048,
4,7,6,0,000049,
4,7,6,0,000051,
4,7,6,0,000052,
4,7,6,0,000053,
4,7,6,0,00048A,
4,7,6,0,00050A,
4,7,6,0,00050B,
4,7,6,0,00054A,
4,7,6,0,00054B,
4,7,7,0,000055,
4,7,7,0,000056,
4,7,7,0,000057,
4,7,7,0,000058,
4,7,7,0,00058A,
4,7,8,0,000059,
4,7,8,0,000060,
4,7,8,0,000061,
4,7,8,0,000062,
4,7,9,0,000063,
4,7,9,0,00063A,
4,8,1,0,000001,
4,8,1,0,000002,
4,8,1,0,000003,
4,8,1,0,000004,
4,8,1,0,000005,
4,8,1,0,000006,
4,8,1,0,000007,
4,8,1,0,000008,
4,8,1,0,000009,
4,8,1,0,000010,
4,8,1,0,000011,
4,8,1,0,000012,
4,8,1,0,000013,
4,8,1,0,000014,
4,8,1,0,000015,
4,8,1,0,000016,
4,8,1,0,000017,
4,8,1,0,000018,
4,8,1,0,000019,
4,8,1,0,000020,
4,8,1,0,000021,
4,8,1,0,000022,
4,8,1,0,000023,
4,8,1,0,000024,
4,8,1,0,000025,
4,8,1,0,000026,
4,8,1,0,000027,
4,8,1,0,000029,
4,8,1,0,000030,
4,8,1,0,000031,
4,8,1,0,000032,
4,8,1,0,000033,
4,8,1,0,000034,
4,8,1,0,000035,
4,8,1,0,000036,
4,8,1,0,000037,
4,8,1,0,000038,
4,8,1,0,000039,
4,8,1,0,000040,
4,8,1,0,000041,
4,8,1,0,000042,
4,8,1,0,000043,
4,8,1,0,000044,
4,8,1,0,000045,
4,8,1,0,000046,
4,8,1,0,000047,
4,8,1,0,000048,
4,8,1,0,000049,
4,8,1,0,000050,
4,8,1,0,000051,
4,8,1,0,000052,
4,8,1,0,000053,
4,8,1,0,000054,
4,8,1,0,000055,
4,8,1,0,000056,
4,8,1,0,000057,
4,8,1,0,000058,
4,8,1,0,00023A,
4,8,10,0,000182,
4,8,10,0,000183,
4,8,10,0,000184,
4,8,10,0,000185,
4,8,10,0,000186,
4,8,10,0,000187,
4,8,10,0,000188,
4,8,10,0,000189,
4,8,10,0,000190,
4,8,10,0,000191,
4,8,10,0,000192,
4,8,10,0,000193,
4,8,10,0,000194,
4,8,10,0,000196,
4,8,10,0,000197,
4,8,10,0,000198,
4,8,10,0,000199,
4,8,10,0,000200,
4,8,10,0,000201,
4,8,10,0,000202,
4,8,10,0,000203,
4,8,10,0,000204,
4,8,10,0,000205,
4,8,10,0,000206,
4,8,10,0,000207,
4,8,10,0,00195A,
4,8,10,0,00202A,
4,8,11,0,000208,
4,8,11,0,000209,
4,8,11,0,000210,
4,8,11,0,000211,
4,8,11,0,000212,
4,8,11,0,000213,
4,8,11,0,00213A,
4,8,12,0,000214,
4,8,12,0,000215,
4,8,12,0,000216,
4,8,12,0,000217,
4,8,12,0,000218,
4,8,12,0,000219,
4,8,12,0,000220,
4,8,12,0,000221,
4,8,12,0,000222,
4,8,12,0,000223,
4,8,12,0,000224,
4,8,12,0,000225,
4,8,12,0,000226,
4,8,12,0,000227,
4,8,12,0,000228,
4,8,12,0,000229,
4,8,13,0,000230,
4,8,13,0,000231,
4,8,13,0,000232,
4,8,13,0,000233,
4,8,13,0,000234,
4,8,13,0,000235,
4,8,13,0,000236,
4,8,13,0,000237,
4,8,13,0,000238,
4,8,13,0,000239,
4,8,13,0,000240,
4,8,13,0,000241,
4,8,13,0,000242,
4,8,13,0,000243,
4,8,13,0,000244,
4,8,13,0,000245,
4,8,13,0,000246,
4,8,13,0,000247,
4,8,13,0,000248,
4,8,13,0,000249,
4,8,13,0,000250,
4,8,13,0,000251,
4,8,14,0,000252,
4,8,14,0,000253,
4,8,14,0,000254,
4,8,14,0,000255,
4,8,14,0,000256,
4,8,14,0,000257,
4,8,14,0,000258,
4,8,14,0,000259,
4,8,14,0,000260,
4,8,14,0,000261,
4,8,14,0,000262,
4,8,14,0,000263,
4,8,14,0,000264,
4,8,14,0,000265,
4,8,15,0,000266,
4,8,15,0,000267,
4,8,15,0,000268,
4,8,15,0,000269,
4,8,15,0,000270,
4,8,15,0,000271,
4,8,15,0,000272,
4,8,15,0,000273,
4,8,15,0,000274,
4,8,15,0,000275,
4,8,15,0,000276,
4,8,15,0,000277,
4,8,15,0,000278,
4,8,15,0,000279,
4,8,15,0,000280,
4,8,15,0,000282,
4,8,15,0,000283,
4,8,15,0,000285,
4,8,15,0,000286,
4,8,15,0,000287,
4,8,16,0,000288,
4,8,16,0,000289,
4,8,16,0,000290,
4,8,16,0,000291,
4,8,16,0,000292,
4,8,16,0,000293,
4,8,16,0,000294,
4,8,17,0,000295,
4,8,17,0,000296,
4,8,17,0,000297,
4,8,17,0,000298,
4,8,17,0,000299,
4,8,17,0,000300,
4,8,17,0,000302,
4,8,17,0,000303,
4,8,17,0,000304,
4,8,17,0,000305,
4,8,17,0,000306,
4,8,17,0,000307,
4,8,17,0,000308,
4,8,17,0,000309,
4,8,17,0,00304A,
4,8,18,0,000310,
4,8,18,0,000311,
4,8,18,0,000313,
4,8,18,0,000314,
4,8,18,0,000315,
4,8,3,0,000059,
4,8,3,0,000060,
4,8,3,0,000061,
4,8,3,0,000062,
4,8,3,0,000063,
4,8,3,0,000064,
4,8,3,0,000065,
4,8,3,0,000066,
4,8,3,0,000067,
4,8,3,0,000068,
4,8,3,0,000069,
4,8,3,0,000070,
4,8,3,0,000071,
4,8,3,0,000072,
4,8,3,0,000073,
4,8,3,0,000074,
4,8,3,0,000075,
4,8,3,0,000076,
4,8,4,0,000077,
4,8,4,0,000078,
4,8,4,0,000079,
4,8,4,0,000080,
4,8,4,0,000081,
4,8,4,0,000082,
4,8,4,0,000083,
4,8,4,0,000084,
4,8,4,0,000085,
4,8,4,0,000086,
4,8,4,0,000087,
4,8,4,0,000088,
4,8,4,0,000089,
4,8,4,0,000090,
4,8,4,0,000091,
4,8,4,0,000092,
4,8,4,0,000093,
4,8,4,0,000094,
4,8,4,0,000096,
4,8,4,0,000097,
4,8,5,0,000098,
4,8,5,0,000099,
4,8,5,0,000100,
4,8,5,0,000101,
4,8,5,0,000102,
4,8,5,0,000103,
4,8,5,0,000104,
4,8,5,0,000105,
4,8,5,0,000106,
4,8,5,0,000107,
4,8,5,0,000108,
4,8,5,0,000109,
4,8,5,0,000110,
4,8,6,0,000111,
4,8,6,0,000112,
4,8,6,0,000113,
4,8,6,0,000114,
4,8,6,0,000115,
4,8,6,0,000116,
4,8,6,0,000117,
4,8,6,0,000118,
4,8,6,0,000119,
4,8,6,0,000120,
4,8,6,0,000121,
4,8,6,0,000122,
4,8,6,0,000123,
4,8,6,0,000124,
4,8,6,0,000125,
4,8,6,0,000126,
4,8,6,0,000127,
4,8,7,0,000128,
4,8,7,0,000129,
4,8,7,0,000130,
4,8,7,0,000131,
4,8,7,0,000132,
4,8,7,0,000133,
4,8,7,0,000134,
4,8,7,0,000135,
4,8,7,0,000136,
4,8,7,0,000137,
4,8,7,0,000138,
4,8,7,0,000139,
4,8,7,0,000140,
4,8,8,0,000141,
4,8,8,0,000142,
4,8,8,0,000143,
4,8,8,0,000144,
4,8,8,0,000146,
4,8,8,0,000147,
4,8,8,0,000148,
4,8,8,0,000149,
4,8,8,0,000150,
4,8,8,0,000151,
4,8,8,0,000152,
4,8,8,0,000153,
4,8,8,0,000154,
4,8,8,0,000155,
4,8,8,0,000156,
4,8,9,0,000157,
4,8,9,0,000158,
4,8,9,0,000159,
4,8,9,0,000160,
4,8,9,0,000161,
4,8,9,0,000162,
4,8,9,0,000163,
4,8,9,0,000164,
4,8,9,0,000165,
4,8,9,0,000166,
4,8,9,0,000167,
4,8,9,0,000168,
4,8,9,0,000169,
4,8,9,0,000170,
4,8,9,0,000171,
4,8,9,0,000172,
4,8,9,0,000173,
4,8,9,0,000174,
4,8,9,0,000175,
4,8,9,0,000176,
4,8,9,0,000178,
4,8,9,0,000179,
4,8,9,0,000180,
4,8,9,0,000181,
4,8,9,0,00166A,
4,8,9,0,00174A,
4,9,1,0,000001,
4,9,1,0,000002,
4,9,1,0,000003,
4,9,1,0,000004,
4,9,1,0,000005,
4,9,1,0,000006,
4,9,1,0,000007,
4,9,1,0,000008,
4,9,1,0,000009,
4,9,1,0,000011,
4,9,1,0,000014,
4,9,1,0,000015,
4,9,1,0,000016,
4,9,1,0,000017,
4,9,1,0,000018,
4,9,1,0,000019,
4,9,1,0,000020,
4,9,1,0,000021,
4,9,1,0,00005A,
4,9,1,0,00008A,
4,9,1,0,00008B,
4,9,1,0,00017A,
4,9,1,0,00017B,
4,9,1,0,00018A,
4,9,1,0,00021A,
4,9,2,0,000022,
4,9,2,0,000023,
4,9,2,0,000024,
4,9,2,0,00022A,
4,9,2,0,00022B,
4,9,2,0,00022C,
4,9,2,0,00023A,
4,9,2,0,00023B,
4,9,2,0,00023C,
4,9,2,0,00024A,
4,9,2,0,00024B,
4,9,3,0,000025,
4,9,3,0,000026,
4,9,3,0,000027,
4,9,3,0,000028,
4,9,3,0,000029,
4,9,3,0,000030,
4,9,3,0,000031,
4,9,3,0,000032,
4,9,3,0,00026A,
4,9,3,0,00026B,
4,9,3,0,00028A,
4,9,3,0,00028B,
4,9,3,0,00029A,
4,9,3,0,00030A,
4,9,3,0,00031A,
4,9,3,0,00031B,
4,9,3,0,00032A,
4,9,3,0,00032B,
4,9,4,0,000034,
4,9,4,0,000035,
4,9,4,0,000036,
4,9,4,0,000037,
4,9,4,0,000038,
4,9,4,0,000039,
4,9,4,0,000040,
4,9,4,0,000041,
4,9,4,0,000042,
4,9,4,0,00034A,
4,9,4,0,00034B,
4,9,4,0,00034C,
4,9,4,0,00035A,
4,9,4,0,00035B,
4,9,4,0,00036A,
4,9,4,0,00036B,
4,9,4,0,00036C,
4,9,4,0,00037A,
4,9,4,0,00037B,
4,9,4,0,00037C,
4,9,4,0,00037D,
4,9,4,0,00037E,
4,9,4,0,00037F,
4,9,4,0,00037G,
4,9,4,0,00038A,
4,9,4,0,00039A,
4,9,4,0,00041A,
4,9,5,0,000043,
4,9,5,0,000044,
4,9,5,0,000045,
4,9,5,0,00043A,
4,9,5,0,00043B,
4,9,5,0,00043C,
4,9,5,0,00043D,
4,9,5,0,00043E,
4,9,5,0,00043F,
4,9,5,0,00044A,
4,9,6,0,000047,
4,9,6,0,000048,
4,9,6,0,000049,
4,9,6,0,000050,
4,9,6,0,000051,
4,9,6,0,000052,
4,9,6,0,000053,
4,9,6,0,000054,
4,9,6,0,000055,
4,9,6,0,000056,
4,9,6,0,000057,
4,9,6,0,000058,
4,9,6,0,000059,
4,9,6,0,000060,
4,9,6,0,000061,
4,9,6,0,000062,
4,9,6,0,000063,
4,9,6,0,000064,
4,9,6,0,000065,
4,9,6,0,000066,
4,9,6,0,000067,
4,9,6,0,000068,
4,9,6,0,000069,
4,9,6,0,000070,
4,9,6,0,000071,
4,9,6,0,00047A,
4,9,6,0,00050A,
4,9,6,0,00050B,
4,9,6,0,00051A,
4,9,6,0,00051B,
4,9,6,0,00054A,
4,9,6,0,00056A,
4,9,6,0,00058A,
4,9,6,0,00059A,
4,9,6,0,00060A,
4,9,6,0,00063A,
4,9,6,0,00064A,
4,9,6,0,00064B,
4,9,6,0,00065A,
4,9,6,0,00065B,
4,9,6,0,00066A,
4,9,6,0,00066B,
4,9,6,0,00067A,
4,9,6,0,00070A,
4,9,6,0,00071A,
4,9,7,0,000072,
4,9,7,0,000073,
4,9,7,0,000074,
4,9,7,0,000075,
4,9,7,0,000076,
4,9,7,0,000077,
4,9,7,0,000078,
4,9,7,0,000079,
4,9,7,0,000080,
4,9,7,0,000081,
4,9,7,0,00072A,
4,9,7,0,00072B,
4,9,7,0,00076A,
4,9,7,0,00080A,
4,9,7,0,00080B,
4,9,7,0,00081A,
4,9,8,0,000082,
4,9,8,0,00082A,
4,9,8,0,00082B,
4,9,9,0,000083,
4,9,9,0,000084,
4,9,9,0,00083A,
4,9,9,0,00083B,
4,9,9,0,00083C,
4,9,9,0,00084A,
4,9,9,0,00084B,
4,9,9,0,00084C,
