año,eleccion_tag,cargo_nombre,agrupacion_nombre,lista_numero,votos_tipo,001013,001014,001015,001016,001017,001018,001019,001020,001021,01013A
2011,GRAL11n,Concejal,Alianza Compromiso Federal,0,POSITIVO,2.5761666023910528,2.39430724152365,2.867557715674362,2.976913730255164,1.9540942928039702,2.048841059602649,2.9535864978902953,2.4390243902439024,2.056827820186599,6.106870229007633
2011,GRAL11n,Concejal,Alianza Frente Amplio Progresista,0,POSITIVO,11.523332047821057,4.905818334030975,11.34872417982989,11.300121506682867,4.693961952026468,5.380794701986755,12.658227848101266,9.75609756097561,4.219677692960136,6.106870229007633
2011,GRAL11n,Concejal,Alianza Frente Popular,0,POSITIVO,2.136521403779406,1.799916282963583,2.017010935601458,1.4580801944106925,1.912737799834574,2.1316225165562916,3.375527426160337,2.4390243902439024,2.3324851569126377,5.343511450381679
2011,GRAL11n,Concejal,Alianza Frente para la Victoria,0,POSITIVO,15.618974161203239,22.000837170364168,15.43134872417983,17.496962332928312,22.673697270471465,18.294701986754966,23.628691983122362,39.02439024390244,40.86089906700593,33.587786259541986
2011,GRAL11n,Concejal,Alianza Unión para el Desarrollo Social,0,POSITIVO,4.072502892402623,2.5366262034323985,3.30498177399757,3.4629404617253954,2.791563275434243,2.6490066225165565,6.751054852320674,7.317073170731707,4.601357082273113,2.2900763358778624
2011,GRAL11n,Concejal,Nuevo Zarate,0,POSITIVO,64.07250289240262,66.36249476768522,65.03037667071689,63.30498177399757,65.97394540942928,69.49503311258279,50.63291139240506,39.02439024390244,45.92875318066158,46.56488549618321
2011,GRAL11n,Diputado Nacional,Alianza Compromiso Federal,0,POSITIVO,4.85053222002677,4.4853442399454675,5.734485467399843,4.984984984984985,4.16205634522087,4.944124619031493,3.71900826446281,0.0,2.783400809716599,6.944444444444445
2011,GRAL11n,Diputado Nacional,Alianza Frente Amplio Progresista,0,POSITIVO,19.73994518452419,8.677573278800272,18.51924587588374,15.735735735735737,8.83479445059154,11.12428039282086,14.46280991735537,9.523809523809524,5.617408906882591,4.861111111111112
2011,GRAL11n,Diputado Nacional,Alianza Frente Popular,0,POSITIVO,4.4808464529288035,2.8970688479890936,3.5349567949725063,3.123123123123123,3.3364541663120266,4.0128682695563835,6.198347107438017,2.380952380952381,2.580971659919028,6.25
2011,GRAL11n,Diputado Nacional,Alianza Frente de Izquierda y de los Trabajadores,0,POSITIVO,2.7790171457709225,2.0518064076346287,3.515318146111548,3.183183183183183,2.06826112860669,2.1842194378598037,0.8264462809917356,0.0,1.1639676113360324,0.6944444444444444
2011,GRAL11n,Diputado Nacional,Alianza Frente para la Victoria,0,POSITIVO,55.00669258716297,74.94205862304023,58.56245090337785,64.14414414414415,74.5340028938633,69.92888587876736,60.74380165289256,76.19047619047619,79.75708502024291,77.77777777777779
2011,GRAL11n,Diputado Nacional,Alianza Unión para el Desarrollo Social,0,POSITIVO,10.816495633883614,5.828220858895705,8.366064414768264,7.3873873873873865,6.060090220444294,6.688113782593972,10.330578512396695,7.142857142857142,6.443994601889338,2.083333333333333
2011,GRAL11n,Diputado Nacional,Coalición Cívica - Afirmación para una República Igualitaria ARI,0,POSITIVO,2.3264707757027216,1.117927743694615,1.7674783974862531,1.4414414414414414,1.0043407949612733,1.117507619370132,3.71900826446281,4.761904761904762,1.6531713900134952,1.3888888888888888
2011,GRAL11n,Gobernador,Alianza Frente Amplio Progresista,0,POSITIVO,17.580926536150418,7.794743080248205,17.016596680663866,13.797313797313798,8.16628900122015,9.587610927440405,13.080168776371309,12.5,5.314685314685315,6.015037593984962
2011,GRAL11n,Gobernador,Alianza Frente Popular,0,POSITIVO,3.3016734509271823,2.3286620651188734,2.8194361127774443,2.503052503052503,2.771483353669165,3.079867757090656,5.9071729957805905,2.5,2.2552447552447554,6.7669172932330826
2011,GRAL11n,Gobernador,Alianza Frente de Izquierda y de los Trabajadores,0,POSITIVO,1.9189765458422177,1.6454019382277068,2.499500099980004,2.258852258852259,1.6036255882865609,1.8096398120758657,0.42194092827004215,0.0,0.9790209790209791,1.5037593984962405
2011,GRAL11n,Gobernador,Alianza Frente para la Victoria,0,POSITIVO,58.015119209149056,77.55002440214739,61.807638472305534,65.995115995116,76.45982220672826,72.80320167043675,59.49367088607595,75.0,80.45454545454545,75.18796992481202
2011,GRAL11n,Gobernador,Alianza Unión para el Desarrollo Social,0,POSITIVO,14.860761129417845,8.101512933138116,12.177564487102579,11.72161172161172,8.384172912672128,10.109622411693058,14.767932489451477,7.5,7.674825174825174,3.7593984962406015
2011,GRAL11n,Gobernador,Coalición Cívica - Afirmación para una República Igualitaria ARI,0,POSITIVO,1.6282225237449117,0.9900299797810779,1.1597680463907218,1.15995115995116,0.8018127941432804,0.9048199060379328,2.9535864978902953,2.5,1.153846153846154,1.5037593984962405
2011,GRAL11n,Gobernador,Nuevo Encuentro,0,POSITIVO,2.694320604768366,1.589625601338632,2.519496100779844,2.564102564102564,1.8127941432804602,1.705237515225335,3.375527426160337,0.0,2.1678321678321675,5.263157894736842
2011,GRAL11n,Presidente,Alianza Compromiso Federal,0,POSITIVO,6.925967905506174,5.8039415779067545,7.826576576576577,6.674082313681868,5.557322308793131,6.891745392597182,6.95970695970696,2.127659574468085,3.89937106918239,7.2727272727272725
2011,GRAL11n,Presidente,Alianza Frente Amplio Progresista,0,POSITIVO,22.012766211298693,9.51591300465591,19.80105105105105,16.85205784204672,9.898235013515661,11.986990862629703,13.553113553113553,12.76595744680851,6.289308176100629,5.454545454545454
2011,GRAL11n,Presidente,Alianza Frente Popular,0,POSITIVO,4.617311937004116,3.0933095222909626,3.6974474474474475,3.114571746384872,3.70488153919542,3.8562800061948272,6.95970695970696,2.127659574468085,2.8144654088050314,7.878787878787878
2011,GRAL11n,Presidente,Alianza Frente de Izquierda y de los Trabajadores,0,POSITIVO,2.3563801228896977,1.651891064481153,2.5713213213213213,2.39154616240267,1.7013833677850216,1.7035775127768313,0.7326007326007326,0.0,1.0062893081761006,0.6060606060606061
2011,GRAL11n,Presidente,Alianza Frente para la Victoria,0,POSITIVO,53.34367356678399,73.52509726385611,57.52627627627628,63.01446051167965,72.6745110510415,68.3289453306489,58.97435897435898,72.3404255319149,78.33333333333333,75.75757575757575
2011,GRAL11n,Presidente,Alianza Unión para el Desarrollo Social,0,POSITIVO,8.828968561713298,5.306460871229032,7.301051051051051,6.562847608453838,5.676578152329464,6.241288524082391,9.89010989010989,8.51063829787234,6.415094339622642,1.8181818181818181
2011,GRAL11n,Presidente,Coalición Cívica - Afirmación para una República Igualitaria ARI,0,POSITIVO,1.9149316948040327,1.1033866955800753,1.2762762762762763,1.3904338153503892,0.7870885673397996,0.9911723710701564,2.93040293040293,2.127659574468085,1.2421383647798743,1.2121212121212122
2011,GRAL11n,Senador Nacional,Alianza Compromiso Federal,0,POSITIVO,5.348645390520907,4.7686306160882435,5.81532416502947,5.493207324276432,4.52147701582517,5.354462051709758,3.614457831325301,0.0,2.9177718832891246,6.0
2011,GRAL11n,Senador Nacional,Alianza Frente Amplio Progresista,0,POSITIVO,20.436520525347376,8.804143126177024,19.096267190569744,15.53455404607206,9.135058193083815,11.125938281901584,13.654618473895583,11.904761904761903,5.835543766578249,4.666666666666667
2011,GRAL11n,Senador Nacional,Alianza Frente Popular,0,POSITIVO,4.961614110779773,3.2149582997040627,4.086444007858546,3.484937979917307,3.726031985263334,4.3035863219349455,6.827309236947792,2.380952380952381,2.8514588859416445,8.666666666666668
2011,GRAL11n,Senador Nacional,Alianza Frente de Izquierda y de los Trabajadores,0,POSITIVO,2.74094283357655,1.977401129943503,3.182711198428291,2.835203780271707,2.043037762706188,2.185154295246038,0.8032128514056224,0.0,1.0610079575596816,0.6666666666666667
2011,GRAL11n,Senador Nacional,Alianza Frente para la Victoria,0,POSITIVO,54.28589556500222,74.55609362389023,58.31041257367387,63.91021854695806,73.71682156911999,69.19099249374479,61.044176706827315,73.80952380952381,79.50928381962865,76.66666666666667
2011,GRAL11n,Senador Nacional,Alianza Unión para el Desarrollo Social,0,POSITIVO,9.986675972336782,5.555555555555555,7.956777996070727,7.028942705256941,5.903039437327305,6.672226855713094,10.441767068273093,7.142857142857142,6.299734748010611,2.0
2011,GRAL11n,Senador Nacional,Coalición Cívica - Afirmación para una República Igualitaria ARI,0,POSITIVO,2.2397056024363935,1.1232176486413774,1.5520628683693516,1.7129356172474897,0.9545340366742026,1.1676396997497915,3.614457831325301,4.761904761904762,1.5251989389920424,1.3333333333333335
2011,GRAL11n,Senador Provincial,Alianza Compromiso Federal,0,POSITIVO,4.786392405063291,4.241055677087009,5.277044854881266,4.925187032418952,3.9786171238278856,4.585036431491026,2.9787234042553195,0.0,2.7600849256900215,7.462686567164178
2011,GRAL11n,Senador Provincial,Alianza Frente Amplio Progresista,0,POSITIVO,18.037974683544302,7.875238162444428,17.49543332656789,14.401496259351621,8.036105512225046,9.170072862982051,13.617021276595745,12.82051282051282,5.219391365888181,5.223880597014925
2011,GRAL11n,Senador Provincial,Alianza Frente Popular,0,POSITIVO,3.6590189873417724,2.40632277185802,2.8414856910899124,2.680798004987531,2.7342038384015424,3.1810911675848588,5.531914893617021,2.564102564102564,2.3177636234961074,6.7164179104477615
2011,GRAL11n,Senador Provincial,Alianza Frente para la Victoria,0,POSITIVO,57.37737341772152,76.84708206901418,61.33549827481226,65.46134663341647,76.06695294014547,72.80966767371602,59.148936170212764,76.92307692307693,79.91861288039632,71.64179104477611
2011,GRAL11n,Senador Provincial,Alianza Unión para el Desarrollo Social,0,POSITIVO,12.361550632911394,6.245148542798673,9.864014613354982,9.102244389027431,6.870563491367979,8.032699484627688,13.191489361702127,7.6923076923076925,6.758669497523001,2.2388059701492535
2011,GRAL11n,Senador Provincial,Coalición Cívica - Afirmación para una República Igualitaria ARI,0,POSITIVO,1.6350210970464136,0.9173664526144943,1.1365942764359651,1.1221945137157108,0.7273683288055386,0.7464012795450506,2.127659574468085,0.0,1.2208067940552019,1.4925373134328357
2011,GRAL11n,Senador Provincial,Nuevo Encuentro,0,POSITIVO,2.1426687763713077,1.467786324183191,2.049928962857723,2.306733167082294,1.5861887652265358,1.4750311000533143,3.404255319148936,0.0,1.8046709129511678,5.223880597014925
2013,GRAL13n,Diputado Nacional,FRENTE DE IZQUIERDA Y DE LOS TRABAJADORES,0,POSITIVO,4.6379413524835424,3.8556539550575337,5.41279387643521,5.643919958953309,3.2362459546925564,4.486703313029268,0.7380073800738007,0.0,1.685137391832397,0.0
2013,GRAL13n,Diputado Nacional,FRENTE PARA LA VICTORIA,0,POSITIVO,26.247755834829444,34.74305681065125,26.95462001093494,26.731657260133403,33.81500714984572,30.010399643440795,26.56826568265683,41.66666666666667,43.0848641263094,48.4375
2013,GRAL13n,Diputado Nacional,FRENTE PROGRESISTA CIVICO Y SOCIAL,0,POSITIVO,18.41412327947337,7.934212904391831,15.23601239292874,15.289892252437149,8.609919470158802,8.364284653097608,16.974169741697416,8.333333333333332,7.332624867162593,3.125
2013,GRAL13n,Diputado Nacional,FRENTE RENOVADOR,0,POSITIVO,44.29084380610413,46.25579854208085,45.92673592126845,45.972293483837866,47.2190863249793,50.37884415391473,45.018450184501845,47.22222222222222,42.705328677698496,43.75
2013,GRAL13n,Diputado Nacional,UNIDOS POR LA LIBERTAD Y EL TRABAJO,0,POSITIVO,5.745062836624776,6.3738779444544855,5.759066885365409,5.797845048742945,6.231655001128924,5.972366661714455,7.380073800738007,2.7777777777777777,4.645513890997419,2.34375
2013,GRAL13n,Diputado Nacional,UNION CON FE,0,POSITIVO,0.6642728904847397,0.837399843364058,0.7107709130672498,0.5643919958953308,0.8880860991947017,0.7874015748031495,3.3210332103321036,0.0,0.5465310459996964,2.34375
2013,GRAL13n,Intendente,COMPROMISO FEDERAL,0,POSITIVO,1.1638479723586106,1.1499938172375417,1.0879759894954042,0.5759162303664921,1.0216912920465262,1.0718599033816425,2.6515151515151514,0.0,0.8165151748574949,3.816793893129771
2013,GRAL13n,Intendente,FRENTE DE IZQUIERDA Y DE LOS TRABAJADORES,0,POSITIVO,4.303812814451112,3.759119574625943,4.8208591258675675,5.026178010471204,3.1122288588494187,3.985507246376811,2.272727272727273,0.0,3.096595285780311,0.0
2013,GRAL13n,Intendente,FRENTE PARA LA VICTORIA,0,POSITIVO,5.194883918288173,8.303449981451713,5.158506846745451,6.701570680628273,8.872995913234833,7.7143719806763285,6.4393939393939394,22.857142857142858,24.38761361885688,12.977099236641221
2013,GRAL13n,Intendente,FRENTE PROGRESISTA CIVICO Y SOCIAL,0,POSITIVO,20.37946293265442,9.552367998021516,18.007878446820484,15.863874345549739,9.792518076076707,10.46195652173913,17.803030303030305,11.428571428571429,7.595131720844246,3.0534351145038165
2013,GRAL13n,Intendente,FRENTE RENOVADOR,0,POSITIVO,34.08498514881494,35.847656733028316,33.82104670793472,33.56020942408377,36.86733731530965,37.45471014492754,41.66666666666667,42.857142857142854,33.87767678323833,38.93129770992366
2013,GRAL13n,Intendente,FRENTE SOCIAL DE LA PROVINCIA DE BUENOS AIRES,0,POSITIVO,11.65666484815421,13.7813775194757,15.625586193959856,14.083769633507853,13.981452373467462,13.632246376811594,8.712121212121213,11.428571428571429,14.235094746572177,18.3206106870229
2013,GRAL13n,Intendente,NUEVO ZARATE,0,POSITIVO,18.397284354731163,21.658216891307035,16.7323203901707,18.272251308900522,20.300220056585978,20.13888888888889,12.121212121212121,8.571428571428571,11.754737328608842,20.610687022900763
2013,GRAL13n,Intendente,UNIDOS POR LA LIBERTAD Y EL TRABAJO,0,POSITIVO,4.819058010547373,5.947817484852232,4.745826299005815,5.9162303664921465,6.051556114429425,5.540458937198068,8.333333333333332,2.857142857142857,4.236635341241719,2.2900763358778624
2013,PASO13n,Diputado Nacional,COMPROMISO FEDERAL,3016.0,POSITIVO,0.3111552466070837,0.864397622906537,0.3264639869414405,0.1768867924528302,0.8891928864569083,0.7275666936135812,3.543307086614173,0.0,0.9692787908657796,0.0
2013,PASO13n,Diputado Nacional,COMPROMISO FEDERAL,3017.0,POSITIVO,0.0,0.02025931928687196,0.0,0.0,0.008549931600547196,0.0,0.0,0.0,0.0821422704123542,0.0
2013,PASO13n,Diputado Nacional,COMPROMISO FEDERAL,3018.0,POSITIVO,0.08606421714664018,0.24311183144246357,0.4896959804121608,0.1768867924528302,0.22229822161422708,0.2425222312045271,1.1811023622047243,0.0,0.8871365204534253,0.0
2013,PASO13n,Diputado Nacional,COMPROMISO FEDERAL,3019.0,POSITIVO,2.0523005627275737,3.3427876823338734,3.7339318506427257,1.8867924528301887,2.231532147742818,1.8593371059013744,3.937007874015748,3.571428571428571,1.4949893215048464,1.7094017094017095
2013,PASO13n,Diputado Nacional,FRENTE PARA LA VICTORIA,3323.0,POSITIVO,26.34889109566369,34.14370610480822,27.259742909610285,26.827830188679247,34.644322845417236,31.366208569118836,22.440944881889763,32.142857142857146,48.66108099227863,45.2991452991453
2013,PASO13n,Diputado Nacional,FRENTE PROGRESISTA CIVICO Y SOCIAL,3310.0,POSITIVO,20.74809665673618,9.515126958400865,17.588247296470108,15.860849056603774,11.499658002735979,12.772837510105091,20.866141732283463,17.857142857142858,9.19993428618367,5.982905982905983
2013,PASO13n,Diputado Nacional,FRENTE RENOVADOR,3307.0,POSITIVO,36.71631909963588,36.993517017828204,36.339522546419104,40.33018867924528,35.730164158686726,38.98140662894099,31.10236220472441,46.42857142857143,29.850501067849518,37.60683760683761
2013,PASO13n,Diputado Nacional,UNIDOS POR LA LIBERTAD Y EL TRABAJO,3334.0,POSITIVO,12.989076464746773,13.708806050783359,12.650479493980821,14.033018867924529,13.440492476060193,13.177041228779304,14.173228346456693,0.0,8.164941678988006,8.547008547008547
2013,PASO13n,Diputado Nacional,UNION CON FE,3335.0,POSITIVO,0.7480966567361801,1.1682874122096165,1.6119159355233625,0.7075471698113208,1.3337893296853625,0.8730800323362976,2.7559055118110236,0.0,0.6899950714637753,0.8547008547008548
2013,PASO13n,Diputado Provincial,COMPROMISO FEDERAL,3018.0,POSITIVO,0.09536135140657993,0.2235684407904226,0.33819488480236737,0.18438844499078058,0.2327038396133536,0.2859064917591658,1.282051282051282,0.0,0.9280336193311154,0.0
2013,PASO13n,Diputado Provincial,COMPROMISO FEDERAL,3019.0,POSITIVO,2.649683264082828,3.9881725082936677,3.2551257662227857,2.8272894898586354,2.6492437125212565,2.5563403969054828,3.8461538461538463,3.7037037037037033,2.2938189458938893,1.834862385321101
2013,PASO13n,Diputado Provincial,FRENTE PARA LA VICTORIA,3323.0,POSITIVO,27.116681424971052,35.64834847829223,27.964489537095748,27.781192378610942,36.37340016110266,32.45879582912883,24.358974358974358,29.629629629629626,49.48345298546664,46.788990825688074
2013,PASO13n,Diputado Provincial,FRENTE PROGRESISTA CIVICO Y SOCIAL,3310.0,POSITIVO,22.525713507254274,10.28414827635944,17.374762206721623,17.332513829133376,12.145350398281572,14.228052472250251,21.794871794871796,18.51851851851852,9.875678515146209,6.422018348623854
2013,PASO13n,Diputado Provincial,FRENTE RENOVADOR,3307.0,POSITIVO,34.26878278046455,34.624260781768356,35.7852462481505,37.55377996312232,33.7241564485814,36.226034308779006,30.34188034188034,48.148148148148145,28.31378042374365,34.862385321100916
2013,PASO13n,Diputado Provincial,UNIDOS POR LA LIBERTAD Y EL TRABAJO,3334.0,POSITIVO,12.540017709965262,13.839607673445839,11.879095328683153,13.521819299323909,13.514722992929384,13.387151025899765,14.957264957264957,0.0,8.43985291542637,9.174311926605505
2013,PASO13n,Diputado Provincial,UNION CON FE,3335.0,POSITIVO,0.8037599618554594,1.3918938410500505,3.4030860283238216,0.7990165949600493,1.360422446970375,0.8577194752774974,3.418803418803419,0.0,0.6653825949921205,0.9174311926605505
2013,PASO13n,Intendente,COMPROMISO FEDERAL,3018.0,POSITIVO,0.10101010101010101,0.2749312671832042,0.3812246842983083,0.1370801919122687,0.2779493514515133,0.43010752688172044,1.8957345971563981,0.0,0.9381581466590082,1.0526315789473684
2013,PASO13n,Intendente,COMPROMISO FEDERAL,3019.0,POSITIVO,3.1546231546231547,4.532200283262518,3.383369073147487,2.467443454420836,2.9030265596046942,2.541544477028348,3.7914691943127963,3.7037037037037033,2.642159678345778,2.1052631578947367
2013,PASO13n,Intendente,FRENTE PARA LA VICTORIA,3323.0,POSITIVO,7.599067599067599,10.18911938681996,6.909697402906838,8.910212474297465,12.044471896232242,11.143695014662756,8.530805687203792,7.4074074074074066,31.342140532261155,28.421052631578945
2013,PASO13n,Intendente,FRENTE PROGRESISTA CIVICO Y SOCIAL,3311.0,POSITIVO,8.25951825951826,4.1989502624343915,10.173933762211103,6.854009595613434,4.982499485278979,5.102639296187683,4.265402843601896,3.7037037037037033,2.2400919012062035,2.1052631578947367
2013,PASO13n,Intendente,FRENTE PROGRESISTA CIVICO Y SOCIAL,3327.0,POSITIVO,6.262626262626263,3.2741814546363406,6.19490111984751,5.414667580534613,4.117768169652049,5.043988269794721,6.161137440758294,0.0,2.488991001340226,3.1578947368421053
2013,PASO13n,Intendente,FRENTE PROGRESISTA CIVICO Y SOCIAL,3385.0,POSITIVO,12.96037296037296,6.365075397817212,10.459852275434836,8.70459218642906,6.495779287626107,6.119257086999022,14.691943127962084,14.814814814814813,6.8734443806241625,2.1052631578947367
2013,PASO13n,Intendente,FRENTE RENOVADOR,3307.0,POSITIVO,33.42657342657343,35.89102724318921,33.9051703597808,35.98355037697053,34.46571957998765,37.028347996089934,32.70142180094787,48.148148148148145,26.421596783457783,36.84210526315789
2013,PASO13n,Intendente,FRENTE SOCIAL DE LA PROVINCIA DE BUENOS AIRES,3342.0,POSITIVO,14.988344988344988,18.9952511872032,15.701691684536573,17.272104180945853,18.344657195799876,17.20430107526882,9.47867298578199,22.22222222222222,17.863296955772544,12.631578947368421
2013,PASO13n,Intendente,UNIDOS POR LA LIBERTAD Y EL TRABAJO,3334.0,POSITIVO,12.121212121212121,14.871282179455136,11.913271384322135,13.433858807402329,14.659254683961292,14.50635386119257,14.691943127962084,0.0,8.366838981428298,10.526315789473683
2013,PASO13n,Intendente,UNION CON FE,3335.0,POSITIVO,1.1266511266511265,1.4079813379988335,0.9768882535144151,0.822481151473612,1.7088737904056004,0.8797653958944283,3.7914691943127963,0.0,0.823281638904844,1.0526315789473684
2015,BLTG15n,Presidente,CAMBIEMOS,0,POSITIVO,57.94348416022653,40.49221821315095,55.31129088990503,50.671441360787824,40.99481865284974,46.98662253482278,54.94880546075085,37.5,31.82611029115792,30.37037037037037
2015,BLTG15n,Presidente,FRENTE PARA LA VICTORIA,0,POSITIVO,42.05651583977347,59.507781786849044,44.68870911009497,49.328558639212176,59.00518134715026,53.013377465177214,45.051194539249146,62.5,68.17388970884207,69.62962962962963
2015,GRAL15n,Concejal,ALIANZA FRENTE DE IZQUIERDA Y DE LOS TRABAJADORES,0,POSITIVO,2.2575649273290446,2.627102627102627,2.6157320286036883,2.2284122562674096,1.9880715705765408,2.513011152416357,2.4475524475524475,0.0,1.211556383970177,0.0
2015,GRAL15n,Concejal,ALIANZA FRENTE PARA LA VICTORIA,0,POSITIVO,12.985465808911126,19.30951930951931,14.057207376740685,17.96657381615599,22.901055207218228,17.144981412639403,19.93006993006993,22.857142857142858,47.17303510406959,40.0
2015,GRAL15n,Concejal,ALIANZA PROGRESISTAS,0,POSITIVO,3.204670002382654,1.6758016758016758,3.9330071509220925,2.7390900649953576,1.9957179996941428,1.9925650557620818,2.097902097902098,0.0,1.382416899658279,1.6
2015,GRAL15n,Concejal,ALIANZA UNIDOS POR UNA NUEVA ALTERNATIVA (UNA),0,POSITIVO,12.866333095067905,15.655515655515655,14.433571697403085,14.531104921077064,16.348065453433247,17.576208178438662,19.230769230769234,14.285714285714285,11.199130164647405,16.0
2015,GRAL15n,Concejal,CAMBIEMOS BUENOS AIRES,0,POSITIVO,26.918036692875862,17.230517230517233,23.089951072638314,23.166202414113275,17.87735127695366,18.810408921933085,25.874125874125873,22.857142857142858,15.78129853991923,15.2
2015,GRAL15n,Concejal,NUEVO ZARATE,0,POSITIVO,41.767929473433405,43.5015435015435,41.87053067369214,39.3686165273909,38.889738492124174,41.96282527881041,30.419580419580424,40.0,23.25256290773532,27.200000000000003
2015,GRAL15n,Diputado Nacional,ALIANZA FRENTE DE IZQUIERDA Y DE LOS TRABAJADORES,0,POSITIVO,3.988995873452544,3.299606882773732,4.576271186440678,4.391891891891892,2.940261356565028,4.130467916476147,2.5547445255474455,0.0,1.8805309734513276,0.0
2015,GRAL15n,Diputado Nacional,ALIANZA FRENTE PARA LA VICTORIA,0,POSITIVO,32.468425659622355,46.63272539795064,33.314500941619585,38.12741312741313,45.72962041070318,39.750038103947574,32.11678832116788,52.77777777777778,60.872313527180786,60.86956521739131
2015,GRAL15n,Diputado Nacional,ALIANZA PROGRESISTAS,0,POSITIVO,4.08903338752032,1.9655861313398206,4.011299435028248,3.3301158301158305,2.092408214063472,2.408169486358787,2.18978102189781,2.7777777777777777,1.8647281921618204,1.7391304347826086
2015,GRAL15n,Diputado Nacional,ALIANZA UNIDOS POR UNA NUEVA ALTERNATIVA (UNA),0,POSITIVO,19.90121295485807,24.631049816330478,22.297551789077215,22.152509652509654,25.692283758556318,27.17573540618808,26.277372262773724,19.444444444444446,16.49810366624526,20.0
2015,GRAL15n,Diputado Nacional,CAMBIEMOS BUENOS AIRES,0,POSITIVO,39.55233212454671,23.471031771605336,35.80037664783428,31.998069498069498,23.54542626011201,26.535589087029415,36.86131386861314,25.0,18.884323640960808,17.391304347826086
2015,GRAL15n,Gobernador,ALIANZA FRENTE DE IZQUIERDA Y DE LOS TRABAJADORES,0,POSITIVO,3.3077805275547774,2.9009020702187036,4.38371239911959,3.619047619047619,2.48343109621391,3.3926669709417316,2.166064981949458,0.0,1.509613856666137,0.0
2015,GRAL15n,Gobernador,ALIANZA FRENTE PARA LA VICTORIA,0,POSITIVO,31.309229190559545,44.90881952105912,31.199559794570796,35.904761904761905,44.21421497676545,37.943100562908874,31.046931407942242,47.05882352941176,58.77959637692675,60.3448275862069
2015,GRAL15n,Gobernador,ALIANZA PROGRESISTAS,0,POSITIVO,2.3420051910424338,1.6224284509053153,2.6595744680851063,1.8095238095238095,1.660699322008075,1.977787920279933,1.8050541516245486,2.941176470588235,1.509613856666137,1.7241379310344827
2015,GRAL15n,Gobernador,ALIANZA UNIDOS POR UNA NUEVA ALTERNATIVA (UNA),0,POSITIVO,17.788374479386732,23.10338114089169,19.99266324284666,20.57142857142857,23.981107640740458,25.23961661341853,24.90974729241877,20.588235294117645,15.461624026696331,17.24137931034483
2015,GRAL15n,Gobernador,CAMBIEMOS BUENOS AIRES,0,POSITIVO,45.25261061145651,27.464468816925176,41.764490095377845,38.095238095238095,27.660546964272108,31.446827932450937,40.07220216606498,29.411764705882355,22.739551883044655,20.689655172413794
2015,GRAL15n,Parlamentarios Mercosur Nacionales,ALIANZA CAMBIEMOS,0,POSITIVO,38.99154400250548,23.025853814235557,35.45131751074565,31.789976133651553,22.9393115942029,26.365007541478132,35.714285714285715,25.71428571428571,18.778245285959173,16.0
2015,GRAL15n,Parlamentarios Mercosur Nacionales,ALIANZA COMPROMISO FEDERAL,0,POSITIVO,0.7829627309740057,0.893712097031599,0.9904690712016445,0.7159904534606205,0.9963768115942028,1.0105580693815988,1.7857142857142856,0.0,1.044101605111423,4.0
2015,GRAL15n,Parlamentarios Mercosur Nacionales,ALIANZA FRENTE DE IZQUIERDA Y DE LOS TRABAJADORES,0,POSITIVO,3.964923269652364,3.102457708266837,4.316950102784526,3.9140811455847255,2.8155193236714977,3.8461538461538463,2.857142857142857,0.0,1.8856163316191368,0.0
2015,GRAL15n,Parlamentarios Mercosur Nacionales,ALIANZA FRENTE PARA LA VICTORIA,0,POSITIVO,32.79674287503915,46.91350143632301,33.619884133806764,38.32935560859189,46.716485507246375,39.457013574660635,31.785714285714285,51.42857142857142,59.63846033972261,60.8
2015,GRAL15n,Parlamentarios Mercosur Nacionales,ALIANZA PROGRESISTAS,0,POSITIVO,3.658001879110554,1.902330035110118,3.6254905625116804,3.2458233890214796,2.030495169082126,2.4585218702865763,2.142857142857143,2.857142857142857,1.714196665108306,0.8
2015,GRAL15n,Parlamentarios Mercosur Nacionales,ALIANZA UNIDOS POR UNA NUEVA ALTERNATIVA (UNA),0,POSITIVO,19.80582524271845,24.162144909032875,21.99588861894973,22.004773269689736,24.5018115942029,26.862745098039216,25.71428571428571,20.0,16.939379772479352,18.4
2015,GRAL15n,Parlamentarios Mercosur Provinciales,ALIANZA FRENTE DE IZQUIERDA Y DE LOS TRABAJADORES,0,POSITIVO,4.015247776365947,3.2513929859062602,4.346989805731871,4.003954522985665,2.9119428482683647,3.951227041210063,2.5925925925925926,0.0,1.6118633139909737,0.0
2015,GRAL15n,Parlamentarios Mercosur Provinciales,ALIANZA FRENTE PARA LA VICTORIA,0,POSITIVO,32.712833545108005,46.68633235004916,33.3910367378342,38.60603064755314,46.451312315576956,39.65118073776818,32.592592592592595,51.42857142857142,61.041263700838165,61.86440677966102
2015,GRAL15n,Parlamentarios Mercosur Provinciales,ALIANZA PROGRESISTAS,0,POSITIVO,3.653113087674714,1.8813503769255981,3.577611079053664,3.163618388531883,1.9956514986799192,2.438647939496836,2.2222222222222223,2.857142857142857,1.8052869116698904,1.694915254237288
2015,GRAL15n,Parlamentarios Mercosur Provinciales,ALIANZA UNIDOS POR UNA NUEVA ALTERNATIVA (UNA),0,POSITIVO,19.567979669631512,24.51655195018027,21.984997114829774,21.502718734552644,25.066004037894086,26.97947214076246,25.555555555555554,20.0,16.279819471308834,18.64406779661017
2015,GRAL15n,Parlamentarios Mercosur Provinciales,CAMBIEMOS BUENOS AIRES,0,POSITIVO,40.050825921219825,23.66437233693871,36.699365262550494,32.72367770637667,23.575089299580682,26.97947214076246,37.03703703703704,25.71428571428571,19.261766602192136,17.796610169491526
2015,GRAL15n,Presidente,ALIANZA CAMBIEMOS,0,POSITIVO,38.71628342402434,22.134293982165005,34.960352422907484,30.351579884290164,21.710572287051917,25.701913675094286,33.114754098360656,27.77777777777778,17.604121940747103,16.05839416058394
2015,GRAL15n,Presidente,ALIANZA COMPROMISO FEDERAL,0,POSITIVO,0.7664852846527412,0.9271836059764955,1.0220264317180616,0.8455718736092568,0.9223674096848578,1.0616007822321554,2.2950819672131146,0.0,0.9875483039931301,3.64963503649635
2015,GRAL15n,Presidente,ALIANZA FRENTE DE IZQUIERDA Y DE LOS TRABAJADORES,0,POSITIVO,3.3994500029255166,2.8583239827555658,3.700440528634361,3.0707610146862483,2.515547480958703,3.0870233272803462,2.622950819672131,0.0,1.66022613424932,0.0
2015,GRAL15n,Presidente,ALIANZA FRENTE PARA LA VICTORIA,0,POSITIVO,32.46152945994968,45.64459930313589,33.2511013215859,36.35959056519804,46.006568373978055,39.04176560972203,33.77049180327869,50.0,59.51051953628167,59.854014598540154
2015,GRAL15n,Presidente,ALIANZA PROGRESISTAS,0,POSITIVO,3.1712597273418757,1.7303490226185554,3.2599118942731278,2.7592345349354694,1.921598770176787,2.16510685849979,1.639344262295082,2.7777777777777777,1.70316301703163,0.7299270072992701
2015,GRAL15n,Presidente,ALIANZA UNIDOS POR UNA NUEVA ALTERNATIVA (UNA),0,POSITIVO,21.484992101105846,26.705250103348494,23.806167400881055,26.61326212728082,26.923345678149673,28.942589747171393,26.557377049180324,19.444444444444446,18.534421067697153,19.708029197080293
2015,GRAL15n,Senador Provincial,ALIANZA FRENTE DE IZQUIERDA Y DE LOS TRABAJADORES,0,POSITIVO,3.998007223813675,3.172175300924387,4.259789875835721,3.9350713231677323,2.8553498588013806,3.729130909658293,2.5925925925925926,0.0,1.8199545011374714,0.0
2015,GRAL15n,Senador Provincial,ALIANZA FRENTE PARA LA VICTORIA,0,POSITIVO,32.83098766969735,46.8045487796768,33.42884431709647,37.973438268568614,46.7759648572325,40.13106568887502,32.592592592592595,50.0,61.553461163470914,63.24786324786324
2015,GRAL15n,Senador Provincial,ALIANZA PROGRESISTAS,0,POSITIVO,3.5683148586374394,1.9019751280175567,3.839541547277937,3.3939990162321694,2.1258236586131156,2.3092526135122484,2.2222222222222223,2.941176470588235,1.8524536886577836,1.7094017094017095
2015,GRAL15n,Senador Provincial,ALIANZA UNIDOS POR UNA NUEVA ALTERNATIVA (UNA),0,POSITIVO,18.377132893261923,23.44882622863603,20.802292263610315,20.954254795868174,24.011609664261062,25.698236854423467,25.185185185185183,20.588235294117645,15.047123821904451,17.94871794871795
2015,GRAL15n,Senador Provincial,CAMBIEMOS BUENOS AIRES,0,POSITIVO,41.22555735458961,24.67247456274523,37.669531996179565,33.74323659616331,24.231251961091935,28.132313933530973,37.407407407407405,26.47058823529412,19.72700682482938,17.094017094017094
2015,PASO15n,Concejal,ALIANZA COMPROMISO FEDERAL,0,POSITIVO,0.6629612268130985,1.328792735042735,0.7197121151539384,1.0047281323877069,0.6435823060188542,1.0413276928083306,0.0,0.0,0.7846376213091059,3.061224489795918
2015,PASO15n,Concejal,ALIANZA FRENTE DE IZQUIERDA Y DE LOS TRABAJADORES,0,POSITIVO,2.4710372999397308,2.2702991452991452,2.6789284286285486,2.8368794326241136,2.166424945612763,2.1802798568174424,2.2900763358778624,0.0,0.9704728474086309,0.0
2015,PASO15n,Concejal,ALIANZA FRENTE PARA LA VICTORIA,0,POSITIVO,13.52039108015804,24.105235042735043,15.153938424630148,20.390070921985814,24.32922407541697,17.133094695737064,20.610687022900763,18.75,43.588684699566386,45.91836734693878
2015,PASO15n,Concejal,ALIANZA FRENTE POPULAR,0,POSITIVO,0.22098707560436617,0.6009615384615385,0.1599360255897641,0.0591016548463357,0.3353879622915156,0.2766026684022128,0.0,0.0,0.39231881065455293,0.0
2015,PASO15n,Concejal,ALIANZA PROGRESISTAS,0,POSITIVO,4.312596263309449,2.377136752136752,4.6781287485006,3.900709219858156,2.374909354604786,2.4243410348193946,1.5267175572519083,0.0,2.4778030146603345,0.0
2015,PASO15n,Concejal,ALIANZA UNIDOS POR UNA NUEVA ALTERNATIVA (UNA),0,POSITIVO,17.082970602022364,17.147435897435898,16.35345861655338,15.602836879432624,19.606598984771573,20.5499511877644,24.427480916030532,28.125,16.023126161470163,17.346938775510203
2015,PASO15n,Concejal,CAMBIEMOS BUENOS AIRES,0,POSITIVO,29.478336570012726,19.497863247863247,26.7093162734906,27.955082742316783,20.42240754169688,21.070615034168565,29.770992366412212,25.0,19.512698740450134,15.306122448979592
2015,PASO15n,Concejal,NUEVO ZARATE,0,POSITIVO,32.250719882140224,32.672275641025635,33.54658136745302,28.250591016548466,30.121464829586657,35.32378782948259,21.374045801526716,28.125,16.250258104480693,18.367346938775512
2015,PASO15n,Diputado Nacional,ALIANZA CAMBIEMOS,3182.0,POSITIVO,33.30287481549167,18.18708369533739,29.940610280565227,29.62382445141066,17.61172937643526,22.91284785869022,31.906614785992215,21.875,15.707236842105262,14.285714285714285
2015,PASO15n,Diputado Nacional,ALIANZA CAMBIEMOS,3243.0,POSITIVO,3.029451043789977,2.0272227048942946,3.133319680524268,5.851619644723093,2.2964140611199437,2.299616730544909,2.7237354085603114,0.0,2.6110197368421053,0.0
2015,PASO15n,Diputado Nacional,ALIANZA COMPROMISO FEDERAL,3100.0,POSITIVO,0.9207844239825683,1.1511728931364031,0.9830022527134958,1.044932079414838,0.7949125596184419,1.2164639226795533,1.1673151750972763,3.125,0.7606907894736842,2.857142857142857
2015,PASO15n,Diputado Nacional,ALIANZA FRENTE DE IZQUIERDA Y DE LOS TRABAJADORES,3014.0,POSITIVO,1.2089688620229142,1.0063712713582391,1.3721073110792545,1.5673981191222568,1.00688924218336,1.3664389268455257,0.7782101167315175,0.0,0.8223684210526315,0.0
2015,PASO15n,Diputado Nacional,ALIANZA FRENTE DE IZQUIERDA Y DE LOS TRABAJADORES,3261.0,POSITIVO,2.42496661277852,1.918621488560672,2.518943272578333,2.7168234064785786,1.4573396926338102,1.7163806032327946,1.1673151750972763,0.0,0.6578947368421052,0.9523809523809524
2015,PASO15n,Diputado Nacional,ALIANZA FRENTE PARA LA VICTORIA,3166.0,POSITIVO,32.83896815913404,47.09672748334781,35.30616424329306,33.49007314524556,44.04698816463522,39.3934344275954,31.517509727626457,40.625,58.16200657894737,61.904761904761905
2015,PASO15n,Diputado Nacional,ALIANZA FRENTE POPULAR,3234.0,POSITIVO,0.23195332817881492,0.3258036490008688,0.20479213598197826,0.1567398119122257,0.2649708532061473,0.34994167638726875,0.0,0.0,1.171875,0.0
2015,PASO15n,Diputado Nacional,ALIANZA PROGRESISTAS,3008.0,POSITIVO,4.329795459337879,2.2806255430060816,4.321114069219742,3.2915360501567394,2.243419890478714,2.949508415264123,1.9455252918287937,3.125,1.541940789473684,0.0
2015,PASO15n,Diputado Nacional,ALIANZA PROGRESISTAS,3129.0,POSITIVO,0.6255710972095312,0.5068056762235736,0.6758140487405284,0.3134796238244514,0.4592828122239887,0.5332444592567905,0.38910505836575876,0.0,0.41118421052631576,0.0
2015,PASO15n,Diputado Nacional,ALIANZA UNIDOS POR UNA NUEVA ALTERNATIVA (UNA),3192.0,POSITIVO,19.969072889576157,24.10947002606429,20.233463035019454,20.58516196447231,23.255608549726198,26.09565072487919,28.01556420233463,31.25,16.652960526315788,17.142857142857142
2015,PASO15n,Diputado Nacional,BANDERA VECINAL,3015.0,POSITIVO,0.1124622197230618,0.20996235157833767,0.1433544951873848,0.052246603970741906,2.9146793852676205,0.13331111481419763,0.0,0.0,0.3289473684210526,0.0
2015,PASO15n,Diputado Nacional,DEL CAMPO POPULAR,3007.0,POSITIVO,0.17572221831728402,0.1448016217781639,0.06143764079459349,0.2612330198537095,0.1589825119236884,0.16663889351774705,0.0,0.0,0.1850328947368421,0.9523809523809524
2015,PASO15n,Diputado Nacional,MOV. AMPLIO DE TRAB. Y JUBILADOS-MATRAJU,3011.0,POSITIVO,0.0,0.0,0.0,0.0,0.01766472354707649,0.016663889351774704,0.0,0.0,0.020559210526315787,0.0
2015,PASO15n,Diputado Nacional,MOVIMIENTO AL SOCIALISMO,3253.0,POSITIVO,0.42876221269417303,0.557486243845931,0.4915011263567479,0.3657262277951933,0.4857798975446035,0.449925012497917,0.0,0.0,0.390625,1.9047619047619049
2015,PASO15n,Diputado Nacional,MST-MOVIMIENTO SOCIALISTA DE LOS TRABAJADORES,3019.0,POSITIVO,0.23195332817881492,0.23892267593397049,0.32766741757116524,0.2612330198537095,0.13248542660307366,0.26662222962839527,0.0,0.0,0.1644736842105263,0.0
2015,PASO15n,Diputado Nacional,PATRIA GRANDE,3013.0,POSITIVO,0.16869332958459268,0.23892267593397049,0.2867089903747696,0.41797283176593525,2.8440204910793145,0.13331111481419763,0.38910505836575876,0.0,0.3700657894736842,0.0
2015,PASO15n,Diputado Nacional,TODOS POR BUENOS AIRES,3012.0,POSITIVO,0.0,0.0,0.0,0.0,0.008832361773538244,0.0,0.0,0.0,0.041118421052631575,0.0
2015,PASO15n,Gobernador,ALIANZA COMPROMISO FEDERAL,3406.0,POSITIVO,0.8490117503226244,1.7916343373069057,0.8788064582055999,0.9395184967704051,0.7470449172576832,1.2065046336772163,0.0,3.0303030303030303,0.7502679528403001,3.0
2015,PASO15n,Gobernador,ALIANZA FRENTE DE IZQUIERDA Y DE LOS TRABAJADORES,3014.0,POSITIVO,1.1139034164232833,0.8746561331734499,1.3693030860412836,1.1156782149148563,1.0118203309692673,1.2414757824794544,0.7751937984496124,0.0,0.6645230439442658,0.0
2015,PASO15n,Gobernador,ALIANZA FRENTE DE IZQUIERDA Y DE LOS TRABAJADORES,3261.0,POSITIVO,1.8882021327175167,1.6576144459335542,2.3094216227263438,2.524955960070464,1.437352245862884,1.6786151425074316,0.0,0.0,1.414790996784566,1.0
2015,PASO15n,Gobernador,ALIANZA FRENTE PARA LA VICTORIA,3401.0,POSITIVO,19.948380085580382,23.890809056923185,18.802370733701206,21.667645331767467,24.066193853427894,21.76954012939325,20.930232558139537,27.27272727272727,28.381564844587352,36.0
2015,PASO15n,Gobernador,ALIANZA FRENTE PARA LA VICTORIA,3402.0,POSITIVO,13.978129457311688,22.38132185934965,16.043327202125486,18.672930123311804,22.54373522458629,19.3390452876377,13.178294573643413,15.151515151515152,27.781350482315116,27.0
2015,PASO15n,Gobernador,ALIANZA FRENTE POPULAR,3234.0,POSITIVO,0.24451538409291587,0.6489384213867532,0.16349887594522788,0.05871990604815032,0.2931442080378251,0.33222591362126247,0.0,0.0,0.40728831725616294,0.0
2015,PASO15n,Gobernador,ALIANZA PROGRESISTAS,3008.0,POSITIVO,3.6337702913808325,1.982083656626931,3.821786225219702,3.3470346447445682,2.1560283687943262,2.46546599055779,0.7751937984496124,3.0303030303030303,1.457663451232583,0.0
2015,PASO15n,Gobernador,ALIANZA PROGRESISTAS,3129.0,POSITIVO,0.5229912381987367,0.39500599562671934,0.633558144287758,0.23487962419260128,0.5390070921985816,0.5420528064346914,0.0,0.0,0.5144694533762058,0.0
2015,PASO15n,Gobernador,ALIANZA UNIDOS POR UNA NUEVA ALTERNATIVA (UNA),3192.0,POSITIVO,19.690280513482307,23.2559779925231,19.9468628653178,18.907809747504402,24.160756501182032,24.654659905577898,25.581395348837212,30.303030303030305,16.9989281886388,18.0
2015,PASO15n,Gobernador,CAMBIEMOS BUENOS AIRES,3407.0,POSITIVO,37.30218026217483,21.809973901389576,34.72307377886777,31.53258954785672,21.32387706855792,25.668823220842807,38.759689922480625,21.21212121212121,19.54983922829582,13.0
2015,PASO15n,Gobernador,MOVIMIENTO AL SOCIALISMO,3253.0,POSITIVO,0.38035726414453574,0.47965013754673064,0.3883098303699162,0.35231943628890194,0.5106382978723404,0.454624934429096,0.0,0.0,0.4715969989281886,2.0
2015,PASO15n,Gobernador,MST-MOVIMIENTO SOCIALISTA DE LOS TRABAJADORES,3019.0,POSITIVO,0.27168376010323986,0.31036185370670805,0.6948702227672185,0.23487962419260128,1.0212765957446808,0.4371393600279769,0.0,0.0,1.1361200428724545,0.0
2015,PASO15n,Gobernador,PATRIA GRANDE,3013.0,POSITIVO,0.1765944440671059,0.5219722085067362,0.22481095442468832,0.4110393423370522,0.18912529550827423,0.20982689281342895,0.0,0.0,0.4715969989281886,0.0
2015,PASO15n,Parlamentarios Mercosur Nacionales,ALIANZA CAMBIEMOS,3156.0,POSITIVO,35.82300884955752,20.99520467023421,30.664183736809434,28.408473655621947,21.121408711770158,24.304391552128727,33.587786259541986,0.0,19.183673469387756,2.083333333333333
2015,PASO15n,Parlamentarios Mercosur Nacionales,ALIANZA COMPROMISO FEDERAL,3100.0,POSITIVO,0.9486725663716814,1.1467092918201405,1.138009517897786,1.0863661053775122,0.8155699721964782,1.2906469996647671,1.1450381679389312,4.166666666666666,0.7755102040816326,3.125
2015,PASO15n,Parlamentarios Mercosur Nacionales,ALIANZA FRENTE DE IZQUIERDA Y DE LOS TRABAJADORES,3014.0,POSITIVO,1.168141592920354,0.9382166933073876,1.4483757500517276,1.5752308527973928,1.0472659870250232,1.3074086490110626,0.7633587786259541,0.0,0.7959183673469388,0.0
2015,PASO15n,Parlamentarios Mercosur Nacionales,ALIANZA FRENTE DE IZQUIERDA Y DE LOS TRABAJADORES,3261.0,POSITIVO,2.3575221238938053,1.7930363472096742,2.648458514380302,3.041825095057034,1.4921223354958295,1.7432115320147503,1.1450381679389312,0.0,0.6326530612244898,1.0416666666666665
2015,PASO15n,Parlamentarios Mercosur Nacionales,ALIANZA FRENTE PARA LA VICTORIA,3166.0,POSITIVO,33.88318584070797,47.24442282298978,35.98179184771364,39.92395437262358,47.432808155699725,40.61347636607442,31.297709923664126,50.0,58.71428571428572,69.79166666666666
2015,PASO15n,Parlamentarios Mercosur Nacionales,ALIANZA FRENTE POPULAR,3234.0,POSITIVO,0.2336283185840708,0.3127388977691292,0.186219739292365,0.21727322107550243,0.25949953660797037,0.3184713375796179,0.0,0.0,0.3469387755102041,0.0
2015,PASO15n,Parlamentarios Mercosur Nacionales,ALIANZA PROGRESISTAS,3008.0,POSITIVO,4.113274336283186,2.2239210508026965,4.448582660873163,4.019554589896796,2.3169601482854496,2.832718739523969,1.9083969465648856,4.166666666666666,1.5714285714285716,0.0
2015,PASO15n,Parlamentarios Mercosur Nacionales,ALIANZA PROGRESISTAS,3129.0,POSITIVO,0.5876106194690266,0.45173396344429767,0.6414235464514794,0.32590983161325365,0.5375347544022243,0.5028494803888702,0.38167938931297707,0.0,0.3877551020408163,0.0
2015,PASO15n,Parlamentarios Mercosur Nacionales,ALIANZA UNIDOS POR UNA NUEVA ALTERNATIVA (UNA),3192.0,POSITIVO,19.90088495575221,23.71255820418375,20.587626732878128,20.586637696903857,23.734939759036145,25.997318136104592,28.24427480916031,41.66666666666667,16.46938775510204,18.75
2015,PASO15n,Parlamentarios Mercosur Nacionales,MOVIMIENTO AL SOCIALISMO,3253.0,POSITIVO,0.42477876106194695,0.5281812495656404,0.4758948893027105,0.38022813688212925,0.5004633920296572,0.4190412336573919,0.0,0.0,0.4489795918367347,2.083333333333333
2015,PASO15n,Parlamentarios Mercosur Nacionales,MOVIMIENTO DE ACCION VECINAL,3172.0,POSITIVO,0.13451327433628318,0.1806935853777191,0.08276432857438444,0.05431830526887561,0.13901760889712697,0.1340931947703654,0.38167938931297707,0.0,0.24489795918367346,0.0
2015,PASO15n,Parlamentarios Mercosur Nacionales,MST - NUEVA IZQUIERDA,3018.0,POSITIVO,0.2831858407079646,0.27799013135033707,0.4552038071591144,0.27159152634437805,0.25949953660797037,0.3855179349648005,0.0,0.0,0.20408163265306123,0.0
2015,PASO15n,Parlamentarios Mercosur Nacionales,PARTIDO POPULAR,3217.0,POSITIVO,0.1415929203539823,0.19459309194523594,1.2414649286157666,0.10863661053775121,0.34291010194624655,0.15085484411666109,1.1450381679389312,0.0,0.22448979591836735,3.125
2015,PASO15n,Parlamentarios Mercosur Provinciales,ALIANZA CAMBIEMOS,3182.0,POSITIVO,33.64809341887119,18.118103191172086,30.223335420580256,31.04026845637584,17.78846153846154,22.71571452788608,32.142857142857146,23.333333333333332,15.060745705906998,13.592233009708737
2015,PASO15n,Parlamentarios Mercosur Provinciales,ALIANZA CAMBIEMOS,3243.0,POSITIVO,3.0562964030851294,2.0131225767968983,2.7969108745564597,1.8456375838926176,2.8846153846153846,2.5258518392947957,2.7777777777777777,0.0,4.000837871805614,0.0
2015,PASO15n,Parlamentarios Mercosur Provinciales,ALIANZA COMPROMISO FEDERAL,3100.0,POSITIVO,0.8794060405103438,1.140769460184909,1.0436234606553956,1.0626398210290828,0.7824283559577677,1.2205458552297,1.1904761904761905,3.3333333333333335,0.7750314201927105,2.912621359223301
2015,PASO15n,Parlamentarios Mercosur Provinciales,ALIANZA FRENTE DE IZQUIERDA Y DE LOS TRABAJADORES,3014.0,POSITIVO,1.174944136091689,1.0214733074858335,1.419327906491338,1.3982102908277405,1.11236802413273,1.3392100355992542,0.7936507936507936,0.0,0.7750314201927105,0.0
2015,PASO15n,Parlamentarios Mercosur Provinciales,ALIANZA FRENTE DE IZQUIERDA Y DE LOS TRABAJADORES,3261.0,POSITIVO,2.4075542420529086,1.9832985386221296,2.4212064287205175,3.467561521252797,1.5177224736048265,1.6782505509408372,0.7936507936507936,0.0,0.6284038542103059,0.9708737864077669
2015,PASO15n,Parlamentarios Mercosur Provinciales,ALIANZA FRENTE PARA LA VICTORIA,3166.0,POSITIVO,33.662509911338574,47.67372502236803,35.69192235441453,35.51454138702461,47.03054298642534,40.00678081030683,30.952380952380953,40.0,58.54629241726016,62.13592233009708
2015,PASO15n,Parlamentarios Mercosur Provinciales,ALIANZA FRENTE POPULAR,3234.0,POSITIVO,0.2162473870107403,0.3429764390098419,0.18785222291797118,0.22371364653243847,0.2828054298642534,0.23732836073910832,0.0,0.0,0.3351487222454964,0.0
2015,PASO15n,Parlamentarios Mercosur Provinciales,ALIANZA PROGRESISTAS,3008.0,POSITIVO,4.087075614502991,2.169698777214435,4.091003965769151,3.2997762863534676,2.139894419306184,2.6784200711985084,1.984126984126984,3.3333333333333335,1.466275659824047,0.0
2015,PASO15n,Parlamentarios Mercosur Provinciales,ALIANZA PROGRESISTAS,3129.0,POSITIVO,0.6127009298637641,0.5890247539516851,0.6261740763932373,0.33557046979865773,0.471342383107089,0.5424648245465333,0.3968253968253968,0.0,0.39798910766652706,0.0
2015,PASO15n,Parlamentarios Mercosur Provinciales,ALIANZA UNIDOS POR UNA NUEVA ALTERNATIVA (UNA),3192.0,POSITIVO,19.145101996684208,23.59081419624217,19.91233562930495,20.41387024608501,24.670060331825038,25.902695372096968,28.57142857142857,30.0,16.5060745705907,17.475728155339805
2015,PASO15n,Parlamentarios Mercosur Provinciales,BANDERA VECINAL,3015.0,POSITIVO,0.12974843220644416,0.1864002385923054,0.1461072844917554,0.05592841163310962,0.20739064856711917,0.13561620613663333,0.0,0.0,0.31420192710515293,0.0
2015,PASO15n,Parlamentarios Mercosur Provinciales,DEL CAMPO POPULAR,3007.0,POSITIVO,0.18020615584228358,0.14912019087384432,0.06261740763932373,0.2796420581655481,0.1885369532428356,0.16952025767079168,0.0,0.0,0.1675743611227482,0.9708737864077669
2015,PASO15n,Parlamentarios Mercosur Provinciales,MOV. AMPLIO DE TRAB. Y JUBILADOS-MATRAJU,3011.0,POSITIVO,0.0,0.0,0.0,0.0,0.018853695324283562,0.016952025767079167,0.0,0.0,0.020946795140343526,0.0
2015,PASO15n,Parlamentarios Mercosur Provinciales,MOVIMIENTO AL SOCIALISMO,3253.0,POSITIVO,0.42528652778778925,0.551744706233224,0.480066791901482,0.33557046979865773,0.4996229260935143,0.44075266994405826,0.0,0.0,0.41893590280687054,1.9417475728155338
2015,PASO15n,Parlamentarios Mercosur Provinciales,MST-MOVIMIENTO SOCIALISTA DE LOS TRABAJADORES,3019.0,POSITIVO,0.2018308945433576,0.21622427676707426,0.4383218534752661,0.2796420581655481,0.1885369532428356,0.23732836073910832,0.0,0.0,0.18852115626309174,0.0
2015,PASO15n,Parlamentarios Mercosur Provinciales,PATRIA GRANDE,3013.0,POSITIVO,0.17299790960859224,0.2460483149418431,0.27134209977040286,0.44742729306487694,0.20739064856711917,0.1525682319037125,0.3968253968253968,0.0,0.35609551738583994,0.0
2015,PASO15n,Parlamentarios Mercosur Provinciales,TODOS POR BUENOS AIRES,3012.0,POSITIVO,0.0,0.007456009543692217,0.18785222291797118,0.0,0.009426847662141781,0.0,0.0,0.0,0.04189359028068705,0.0
2015,PASO15n,Presidente,ALIANZA CAMBIEMOS,3182.0,POSITIVO,29.340244448710568,17.826441613854552,27.615617892342687,26.203208556149733,16.79042904290429,20.61443932411674,25.274725274725274,18.75,13.529524173514238,11.304347826086957
2015,PASO15n,Presidente,ALIANZA CAMBIEMOS,3185.0,POSITIVO,2.354898572982658,1.5624019577084771,1.9332827899924183,2.382109868740885,1.8894389438943893,1.3671274961597542,5.4945054945054945,0.0,1.9300592394420026,1.7391304347826086
2015,PASO15n,Presidente,ALIANZA CAMBIEMOS,3243.0,POSITIVO,2.950022397133167,2.2212461567421724,2.6156178923426836,1.7015070491006319,2.0544554455445545,2.1198156682027647,2.564102564102564,0.0,1.8154022549206956,0.0
2015,PASO15n,Presidente,ALIANZA COMPROMISO FEDERAL,3100.0,POSITIVO,1.1326550201574197,1.0792495450837674,1.250947687642153,1.118133203694701,0.891089108910891,1.3671274961597542,1.098901098901099,3.125,0.8217083890693675,2.608695652173913
2015,PASO15n,Presidente,ALIANZA FRENTE DE IZQUIERDA Y DE LOS TRABAJADORES,3014.0,POSITIVO,1.139054201062264,0.9161071719897095,1.3267626990144048,1.4584346135148274,1.0148514851485149,1.1674347158218126,0.7326007326007326,0.0,0.7261609019682782,0.0
2015,PASO15n,Presidente,ALIANZA FRENTE DE IZQUIERDA Y DE LOS TRABAJADORES,3261.0,POSITIVO,1.7725731106418379,1.6627972642278974,2.2744503411675514,2.4307243558580454,1.3696369636963697,1.5207373271889402,0.7326007326007326,0.0,0.5923944200267534,0.8695652173913043
2015,PASO15n,Presidente,ALIANZA FRENTE PARA LA VICTORIA,3166.0,POSITIVO,32.08549305688872,45.43515090669511,34.15466262319939,37.1900826446281,45.973597359735976,40.0,31.868131868131865,43.75,58.914580546531624,61.73913043478261
2015,PASO15n,Presidente,ALIANZA FRENTE POPULAR,3234.0,POSITIVO,0.5887246432456645,0.30118591955826063,0.18953752843062927,0.6319883325230918,0.24752475247524752,0.261136712749616,0.0,0.0,0.382189948404357,0.0
2015,PASO15n,Presidente,ALIANZA PROGRESISTAS,3008.0,POSITIVO,4.7801881359186025,3.0557821421848526,5.003790750568612,4.76421973748177,2.6402640264026402,3.241167434715822,2.564102564102564,3.125,2.025606726543092,0.0
2015,PASO15n,Presidente,ALIANZA UNIDOS POR UNA NUEVA ALTERNATIVA (UNA),3192.0,POSITIVO,18.903180392909707,22.645416326786723,18.934799090219865,19.834710743801654,23.036303630363037,24.623655913978496,28.205128205128204,28.125,14.38945155742404,13.91304347826087
2015,PASO15n,Presidente,ALIANZA UNIDOS POR UNA NUEVA ALTERNATIVA (UNA),3214.0,POSITIVO,3.666730658475715,2.208696743427245,2.5208491281273693,1.7015070491006319,2.0874587458745877,2.642089093701997,0.3663003663003663,3.125,3.7263519969424808,3.4782608695652173
2015,PASO15n,Presidente,MOVIMIENTO AL SOCIALISMO,3253.0,POSITIVO,0.41594675881487175,0.5019765325971012,0.4169825625473844,0.2916869227029655,0.5033003300330032,0.43010752688172044,0.0,0.0,0.45862793808522834,1.7391304347826086
2015,PASO15n,Presidente,MOVIMIENTO DE ACCION VECINAL,3172.0,POSITIVO,0.0959877135726627,0.15686766643659408,0.0758150113722517,0.0,0.8003300330033004,0.1228878648233487,0.3663003663003663,0.0,0.24842346646283203,0.0
2015,PASO15n,Presidente,MST - NUEVA IZQUIERDA,3018.0,POSITIVO,0.6591156331989505,0.2509882662985506,0.3980288097043215,0.24307243558580457,0.18976897689768976,0.3686635944700461,0.0,0.0,0.22931396904261417,0.0
2015,PASO15n,Presidente,PARTIDO POPULAR,3217.0,POSITIVO,0.11518525628719525,0.1756917864089854,1.288855193328279,0.04861448711716091,0.5115511551155115,0.15360983102918588,0.7326007326007326,0.0,0.21020447162239633,2.608695652173913
2015,PASO15n,Senador Provincial,ALIANZA COMPROMISO FEDERAL,3406.0,POSITIVO,0.8277216610549945,1.706805525421277,1.0320134793597304,0.9821976672805401,0.7995951417004049,1.2094653812445224,0.0,3.3333333333333335,0.7718696397941681,3.0
2015,PASO15n,Senador Provincial,ALIANZA FRENTE DE IZQUIERDA Y DE LOS TRABAJADORES,3014.0,POSITIVO,1.2205387205387206,0.8967961235264338,1.4111204717775905,1.289134438305709,1.1032388663967612,1.2620508326029798,0.8333333333333334,0.0,0.6432246998284734,0.0
2015,PASO15n,Senador Provincial,ALIANZA FRENTE DE IZQUIERDA Y DE LOS TRABAJADORES,3261.0,POSITIVO,2.034231200897868,1.6489477110002169,2.695871946082561,2.578268876611418,2.1052631578947367,1.6301489921121823,0.0,0.0,1.3936535162950257,1.0
2015,PASO15n,Senador Provincial,ALIANZA FRENTE PARA LA VICTORIA,3403.0,POSITIVO,33.05274971941638,46.59000506255876,36.625947767481044,39.28790669122161,45.526315789473685,41.19193689745837,35.0,36.666666666666664,57.825900514579764,63.0
2015,PASO15n,Senador Provincial,ALIANZA FRENTE POPULAR,3234.0,POSITIVO,0.2595398428731762,0.6725970926448254,0.16849199663016007,0.06138735420503376,0.31376518218623484,0.31551270815074495,0.0,0.0,0.3216123499142367,0.0
2015,PASO15n,Senador Provincial,ALIANZA PROGRESISTAS,3008.0,POSITIVO,4.3280022446689115,2.307080350039777,4.696714406065712,4.112952731737262,2.5,2.751971954425942,0.8333333333333334,3.3333333333333335,1.5437392795883362,0.0
2015,PASO15n,Senador Provincial,ALIANZA PROGRESISTAS,3129.0,POSITIVO,0.5190796857463524,0.3760757937368916,0.6529064869418703,0.24554941682013504,0.597165991902834,0.49079754601227,0.0,0.0,0.4502572898799314,0.0
2015,PASO15n,Senador Provincial,ALIANZA UNIDOS POR UNA NUEVA ALTERNATIVA (UNA),3192.0,POSITIVO,19.318181818181817,22.644102119042454,18.74473462510531,18.96869244935543,23.087044534412957,25.363716038562668,21.666666666666668,33.33333333333333,16.487993138936535,17.0
2015,PASO15n,Senador Provincial,CAMBIEMOS BUENOS AIRES,3407.0,POSITIVO,37.60521885521885,22.051059521226584,32.898062342038756,31.36893799877225,22.530364372469634,24.697633654688868,41.66666666666667,23.333333333333332,18.610634648370496,14.000000000000002
2015,PASO15n,Senador Provincial,MOVIMIENTO AL SOCIALISMO,3253.0,POSITIVO,0.38580246913580246,0.5062558761842771,0.42122999157540014,0.42971147943523635,0.5263157894736842,0.43821209465381245,0.0,0.0,0.5145797598627788,2.0
2015,PASO15n,Senador Provincial,MST-MOVIMIENTO SOCIALISTA DE LOS TRABAJADORES,3019.0,POSITIVO,0.28058361391694725,0.32545020611846387,0.42122999157540014,0.24554941682013504,0.7186234817813765,0.43821209465381245,0.0,0.0,1.1149228130360207,0.0
2015,PASO15n,Senador Provincial,PATRIA GRANDE,3013.0,POSITIVO,0.16835016835016833,0.27482461850003614,0.2316764953664701,0.42971147943523635,0.19230769230769232,0.21034180543382996,0.0,0.0,0.3216123499142367,0.0
2017,GRAL17n,Diputado Nacional,1PAIS,0,POSITIVO,10.482793715412505,12.563328662283066,12.212617252161117,11.503729878288183,12.44668205020628,13.807047949162335,12.543554006968641,13.157894736842104,10.357948139797069,4.672897196261682
2017,GRAL17n,Diputado Nacional,CAMBIEMOS BUENOS AIRES,0,POSITIVO,51.95598244386489,35.14067047536919,48.501011587272394,44.91558696505693,35.5359765051395,38.92258809936453,45.99303135888502,28.947368421052634,30.735625704622322,29.906542056074763
2017,GRAL17n,Diputado Nacional,FRENTE DE IZQUIERDA Y DE LOS TRABAJADORES,0,POSITIVO,4.503530309776732,4.160827853832058,4.634908957145485,4.868472712995682,3.789944759107754,4.6504910456383595,2.0905923344947737,0.0,2.367531003382187,2.803738317757009
2017,GRAL17n,Diputado Nacional,FRENTE JUSTICIALISTA,0,POSITIVO,3.1868201768335345,3.6919262692680825,3.4393967261357363,3.5728307813113465,3.7270120970561496,4.188330444829578,4.878048780487805,10.526315789473683,4.129086809470124,3.7383177570093453
2017,GRAL17n,Diputado Nacional,UNIDAD CIUDADANA,0,POSITIVO,29.87087335411233,44.4432467392476,31.212065477285268,35.13937966234786,44.50038458849031,38.43154246100519,34.494773519163765,47.368421052631575,52.40980834272829,58.87850467289719
2017,GRAL17n,Diputado Provincial,1PAIS,0,POSITIVO,5.094205803447531,6.792889145830322,6.024208566108007,6.537585421412301,6.488148814881487,6.964337912890968,6.329113924050633,6.756756756756757,5.344542861432218,2.127659574468085
2017,GRAL17n,Diputado Provincial,CAMBIEMOS BUENOS AIRES,0,POSITIVO,25.46177803817571,18.74837404249169,24.35754189944134,25.92255125284738,18.613111311131114,19.526454253142354,23.869801084990957,14.864864864864865,16.29635189911425,13.617021276595745
2017,GRAL17n,Diputado Provincial,FRENTE DE IZQUIERDA Y DE LOS TRABAJADORES,0,POSITIVO,4.6193222116007275,4.009249891602833,5.1024208566108005,5.398633257403189,3.48034803480348,5.963168664133294,1.8083182640144666,0.0,2.0567482360006006,1.276595744680851
2017,GRAL17n,Diputado Provincial,FRENTE JUSTICIALISTA,0,POSITIVO,1.5973357180301584,1.9135713253360311,1.7039106145251397,2.0273348519362187,1.9389438943894388,2.0388775211926338,2.5316455696202533,5.405405405405405,2.1768503227743583,1.702127659574468
2017,GRAL17n,Diputado Provincial,FRENTE PARA LA VICTORIA,0,POSITIVO,13.62977581794073,17.092065327359446,13.724394785847299,11.890660592255125,16.72292229222922,15.580239695995324,12.47739602169982,20.27027027027027,20.995346044137516,27.23404255319149
2017,GRAL17n,Diputado Provincial,FRENTE POPULAR DEMOCRATICO Y SOCIAL (PODEMOS),0,POSITIVO,0.30528230904437387,0.4827287180228357,0.3817504655493482,0.2505694760820046,0.3037803780378038,0.3653902367728734,0.7233273056057866,0.0,0.27773607566431463,0.851063829787234
2017,GRAL17n,Diputado Provincial,FRENTE PROGRESISTA CIVICO Y SOCIAL,0,POSITIVO,9.913965894723859,4.046827576239341,8.342644320297952,6.583143507972665,4.455445544554455,4.355451622332652,8.1374321880651,4.054054054054054,3.745683831256568,1.702127659574468
2017,GRAL17n,Diputado Provincial,FRENTE RENOVADOR,0,POSITIVO,21.135403496870087,19.85257985257985,21.471135940409685,18.26879271070615,21.272127212721273,22.551885413621747,21.15732368896926,22.972972972972975,19.043687134063955,22.127659574468083
2017,GRAL17n,Diputado Provincial,UNIDAD CIUDADANA,0,POSITIVO,15.054426593481143,23.751987281399046,15.828677839851025,20.29612756264237,23.33858385838584,19.39491376790412,17.72151898734177,24.324324324324326,27.66851824050443,26.80851063829787
2017,GRAL17n,Diputado Provincial,UNIDOS POR LA LIBERTAD Y EL TRABAJO,0,POSITIVO,2.8554688704554567,2.8761381702558175,2.6629422718808193,2.5740318906605926,2.9627962796279625,2.8135048231511255,3.616636528028933,1.3513513513513513,2.146824801080919,1.276595744680851
2017,GRAL17n,Diputado Provincial,UNION CON FE,0,POSITIVO,0.333035246230226,0.4335886688827865,0.40037243947858475,0.2505694760820046,0.4237923792379238,0.44577608886290554,1.62748643761302,0.0,0.24771055397087524,1.276595744680851
2017,GRAL17n,Senador Nacional,1PAIS,0,POSITIVO,10.86929173480941,13.181674897551748,12.620476450263684,11.748739821636294,12.77290348908386,14.332386363636363,12.758620689655173,13.157894736842104,10.375305955942345,4.587155963302752
2017,GRAL17n,Senador Nacional,CAMBIEMOS BUENOS AIRES,0,POSITIVO,51.12592778965907,34.00756540926763,47.69958174213493,44.16440480806514,34.489559953750934,38.01136363636364,45.17241379310345,28.947368421052634,29.670927386456352,29.357798165137616
2017,GRAL17n,Senador Nacional,FRENTE DE IZQUIERDA Y DE LOS TRABAJADORES,0,POSITIVO,3.9942131085671155,3.7774508773773245,4.291689398072377,4.303993796044979,3.4074678637012856,4.161931818181818,1.7241379310344827,0.0,2.0805004079412566,2.7522935779816518
2017,GRAL17n,Senador Nacional,FRENTE JUSTICIALISTA,0,POSITIVO,3.5350358535664865,3.935063570452874,3.618839789052555,3.8386971694455214,3.883561177990886,4.488636363636363,5.172413793103448,10.526315789473683,4.106608648354637,3.669724770642202
2017,GRAL17n,Senador Nacional,UNIDAD CIUDADANA,0,POSITIVO,30.475531513397915,45.09824524535043,31.76941262047645,35.94416440480806,45.44650751547303,39.00568181818182,35.172413793103445,47.368421052631575,53.76665760130541,59.63302752293578
2017,PASO17n,Diputado Nacional,1PAIS,3165.0,POSITIVO,14.811922426135624,17.536140791954747,17.048441607209913,17.140568682418902,16.961513466676294,17.452550415183868,13.47517730496454,20.0,11.763009946662823,10.476190476190476
2017,PASO17n,Diputado Nacional,CAMBIEMOS BUENOS AIRES,3173.0,POSITIVO,46.14733827931797,27.444146048797215,40.74352234322193,37.645174209050865,28.12477435193877,32.280545670225386,39.00709219858156,25.71428571428571,24.304454375090096,20.952380952380953
2017,PASO17n,Diputado Nacional,CREO,3184.0,POSITIVO,0.5596772094234024,0.4571167361865036,0.8636875704093128,0.6407689227072487,0.6137627265506534,0.5189798339264531,0.0,0.0,0.28830906732016726,0.0
2017,PASO17n,Diputado Nacional,DEL CAMPO POPULAR,3122.0,POSITIVO,0.15618898867629832,0.20570253128392663,0.35674051821254227,0.08009611533840609,0.22384287674200304,0.2224199288256228,0.3546099290780142,0.0,0.23064725385613377,0.0
2017,PASO17n,Diputado Nacional,ENCUENTRO POPULAR POR TIERRA TECHO Y TRABAJO,3185.0,POSITIVO,0.16269686320447743,0.2799840009142335,0.13143071723619978,0.08009611533840609,0.17329771102606686,0.14827995255041518,0.7092198581560284,0.0,0.10090817356205853,0.0
2017,PASO17n,Diputado Nacional,FEDERAL,3007.0,POSITIVO,0.0,0.0,0.0,0.0,0.014441475918838906,0.0,0.0,0.0,0.01441545336600836,0.0
2017,PASO17n,Diputado Nacional,FEDERAL,3009.0,POSITIVO,0.14968111414811922,0.19998857208159532,0.3004130679684566,0.12014417300760913,0.23828435266084197,0.26690391459074736,0.0,2.857142857142857,0.2594781605881505,0.0
2017,PASO17n,Diputado Nacional,FEDERAL,3012.0,POSITIVO,0.11063386697904465,0.15427689846294498,0.16898235073225684,0.16019223067681218,0.11553180735071125,0.1631079478054567,0.0,0.0,0.15856998702609196,0.0
2017,PASO17n,Diputado Nacional,FEDERAL,3014.0,POSITIVO,0.08460236886632826,0.07428146963030684,0.01877581674802854,0.12014417300760913,0.12997328326955015,0.07413997627520759,0.0,0.0,0.14415453366008363,0.0
2017,PASO17n,Diputado Nacional,FRENTE DE IZQUIERDA Y DE LOS TRABAJADORES,3161.0,POSITIVO,3.0717167773005336,3.125535683675219,3.755163349605708,3.2438926712054466,2.90273665968662,3.2473309608540926,1.773049645390071,0.0,1.556868963528903,0.9523809523809524
2017,PASO17n,Diputado Nacional,FRENTE JUSTICIALISTA,3226.0,POSITIVO,3.292984511258623,3.445517399005771,3.2482162974089372,3.0436523828594315,3.7259007870604375,4.314946619217082,5.319148936170213,5.714285714285714,3.156984287155831,5.714285714285714
2017,PASO17n,Diputado Nacional,FRENTE PATRIOTA BANDERA VECINAL,3256.0,POSITIVO,0.2863464792398802,0.405691103365522,0.0938790837401427,0.32038446135362436,0.3899198498086504,0.3262158956109134,1.0638297872340425,0.0,0.4036326942482341,0.0
2017,PASO17n,Diputado Nacional,FRENTE SOCIALISTA Y POPULAR,3349.0,POSITIVO,0.8265000650787453,0.7713844923147248,1.2767555388659406,1.001201441730076,0.7292945339013648,0.7858837485172006,0.3546099290780142,0.0,0.4468790543462592,0.9523809523809524
2017,PASO17n,Diputado Nacional,HUMANISTA,3018.0,POSITIVO,0.26682285565534297,0.251414204902577,0.26286143447239957,0.2002402883460152,0.25272582857968084,0.3113879003558719,0.7092198581560284,2.857142857142857,0.2594781605881505,0.0
2017,PASO17n,Diputado Nacional,IZQUIERDA AL FRENTE POR EL SOCIALISMO,3292.0,POSITIVO,1.073799297149551,0.9428032683846637,0.8824633871573414,1.0412494993992791,0.7220737959419452,1.112099644128114,0.7092198581560284,0.0,0.8505117485944933,0.0
2017,PASO17n,Diputado Nacional,MOVIMIENTO AMPLIO DE TRABAJADORES Y JUBILADOS,3134.0,POSITIVO,0.0,0.0,0.0,0.0,0.0,0.0,0.0,0.0,0.01441545336600836,0.0
2017,PASO17n,Diputado Nacional,MOVIMIENTO ORGANIZACION DEMOCRATICA,3137.0,POSITIVO,0.006507874528179097,0.0,0.0938790837401427,0.0,0.0,0.0,0.0,0.0,0.0,0.0
2017,PASO17n,Diputado Nacional,PATRIA GRANDE,3136.0,POSITIVO,0.3579330990498503,0.657105308268099,0.26286143447239957,0.4805766920304365,0.34659542205213373,0.34104389086595494,0.0,0.0,0.5477872279083178,8.571428571428571
2017,PASO17n,Diputado Nacional,TODOS POR BUENOS AIRES,3135.0,POSITIVO,0.31237797735259665,0.3428375521398777,0.2816372512204281,0.2803364036844213,0.47656870532168394,0.3262158956109134,0.0,0.0,0.30272452068617556,0.0
2017,PASO17n,Diputado Nacional,UNIDAD CIUDADANA,3304.0,POSITIVO,28.32226994663543,43.70607393863208,30.210289147577917,34.40128153784541,43.858762365513755,38.1079478054567,36.52482269503546,42.857142857142854,55.196770938446015,52.38095238095239
2017,PASO17n,Diputado Provincial,1PAIS,3165.0,POSITIVO,14.679196370706416,17.531894879181607,16.820809248554912,17.482225010455878,16.84383889803863,18.138314294535352,13.284132841328415,17.647058823529413,11.726287665132848,12.790697674418606
2017,PASO17n,Diputado Provincial,CAMBIEMOS BUENOS AIRES,3354.0,POSITIVO,45.72909915748542,27.738256217296726,41.73410404624278,38.60309493935592,29.278335080101815,33.48255634455079,40.22140221402214,26.47058823529412,22.87368264806294,0.0
2017,PASO17n,Diputado Provincial,FEDERAL,3009.0,POSITIVO,0.16850291639662995,0.21165265447704154,0.32755298651252407,0.0836470096194061,0.28447372361131906,0.2624266748996604,0.0,2.941176470588235,0.26718123793973575,0.0
2017,PASO17n,Diputado Provincial,FRENTE DE IZQUIERDA Y DE LOS TRABAJADORES,3161.0,POSITIVO,3.0265716137394683,3.1865482979599036,3.776493256262042,3.304056879966541,2.8896541398412934,3.272615004631059,1.8450184501845017,0.0,1.4546534065607837,1.1627906976744187
2017,PASO17n,Diputado Provincial,FRENTE JUSTICIALISTA,3355.0,POSITIVO,3.285806869734284,3.404080192839085,3.275529865125241,3.220409870347135,4.02754903428657,4.569311515899969,5.535055350553505,5.88235294117647,3.176488051061303,6.976744186046512
2017,PASO17n,Diputado Provincial,FRENTE UNION FEDERAL,3356.0,POSITIVO,0.0,0.05879240402140043,0.0,0.04182350480970305,0.052403054349453505,0.04631058968817536,0.0,0.0,0.029686804215526198,0.0
2017,PASO17n,Diputado Provincial,FRENTE UNION FEDERAL,3357.0,POSITIVO,0.019442644199611146,0.023516961608560174,0.0,0.04182350480970305,0.022458451864051505,0.0,0.0,0.0,0.014843402107763099,0.0
2017,PASO17n,Diputado Provincial,FRENTE UNION FEDERAL,3358.0,POSITIVO,0.1166558651976669,0.10582632723852077,0.07707129094412332,0.1672940192388122,0.15720916304836052,0.20067922198209326,0.0,0.0,0.3117114442630251,1.1627906976744187
2017,PASO17n,Diputado Provincial,FRENTE UNION FEDERAL,3359.0,POSITIVO,0.0,0.0,0.0,0.0,0.0,0.015436863229391787,0.0,0.0,0.0,0.0
2017,PASO17n,Diputado Provincial,FRENTE UNION FEDERAL,3360.0,POSITIVO,0.1101749837977965,0.135222529249221,0.03853564547206166,0.0,0.11229225932025753,0.09262117937635073,0.0,0.0,0.20780762950868337,0.0
2017,PASO17n,Diputado Provincial,FRENTE UNION FEDERAL,3361.0,POSITIVO,0.05832793259883345,0.017637721206420133,0.0,0.0,0.0,0.0,0.0,0.0,0.0,0.0
2017,PASO17n,Diputado Provincial,FRENTE UNION FEDERAL,3362.0,POSITIVO,0.006480881399870383,0.0,0.0,0.0,0.0,0.0,0.0,0.0,0.0,0.0
2017,PASO17n,Diputado Provincial,FRENTE UNION FEDERAL,3363.0,POSITIVO,0.12961762799740764,0.270445058498442,0.1926782273603083,0.0836470096194061,0.23955681988321606,0.2778635381290522,0.0,0.0,0.4007718569096037,1.1627906976744187
2017,PASO17n,Diputado Provincial,IZQUIERDA AL FRENTE POR EL SOCIALISMO,3292.0,POSITIVO,1.1211924821775763,0.946557704744547,0.9055876685934489,1.1710581346716855,0.7486150621350501,1.1732016054337757,0.7380073800738007,0.0,0.8757607243580228,0.0
2017,PASO17n,Diputado Provincial,PARTIDO RENOVADOR FEDERAL,3353.0,POSITIVO,0.6221646143875567,0.44094303016050324,0.8863198458574182,0.794646591384358,0.6737535559215451,0.4939796233405372,0.0,0.0,1.380436396021968,0.0
2017,PASO17n,Diputado Provincial,PARTIDO SOCIALISTA,3277.0,POSITIVO,1.2248865845755024,1.0700217531894878,1.4258188824662814,1.2128816394813886,0.8833657733193593,0.6946588453226304,0.36900369003690037,0.0,0.4601454653406561,1.1627906976744187
2017,PASO17n,Diputado Provincial,PATRIA GRANDE,3335.0,POSITIVO,0.4018146467919637,0.6349579634311247,0.2890173410404624,0.3345880384776244,0.36682138044617457,0.33961099104661935,0.0,0.0,0.5343624758794715,11.627906976744185
2017,PASO17n,Diputado Provincial,TODOS POR BUENOS AIRES,3135.0,POSITIVO,0.2916396629941672,0.34099594332412253,0.3082851637764933,0.2927645336679214,0.6887258571642461,0.33961099104661935,0.0,0.0,0.29686804215526197,0.0
2017,PASO17n,Diputado Provincial,UNIDAD CIUDADANA,3350.0,POSITIVO,29.00842514581983,43.88265036157328,29.942196531791907,33.16603931409452,42.73094774666866,36.60080271688793,38.00738007380074,47.05882352941176,55.98931275048241,63.95348837209303
2017,PASO17n,Senador Nacional,1PAIS,3165.0,POSITIVO,15.345137285091095,17.404889814713297,17.377537716520767,17.49802058590657,17.315804274465695,17.629001607952056,14.930555555555555,20.0,12.432206925323321,10.81081081081081
2017,PASO17n,Senador Nacional,CAMBIEMOS BUENOS AIRES,3173.0,POSITIVO,44.822940723633565,26.800789387128603,40.19370460048426,37.015043547110054,27.228627671541055,31.51586025434878,37.84722222222222,25.71428571428571,23.181754971492143,18.91891891891892
2017,PASO17n,Senador Nacional,CREO,3184.0,POSITIVO,0.5581216320246343,0.4933669553776998,0.8753957906500279,0.6334125098970704,0.6116422947131608,0.555474345855869,0.0,0.0,0.3198442497566402,0.0
2017,PASO17n,Senador Nacional,DEL CAMPO POPULAR,3122.0,POSITIVO,0.057736720554272515,0.07126411577677887,0.11175265412553548,0.0,0.11248593925759282,0.0730887297178775,0.0,0.0,0.09734390209984703,0.0
2017,PASO17n,Senador Nacional,DEL CAMPO POPULAR,3124.0,POSITIVO,0.06415191172696946,0.09867339107553995,0.1303780964797914,0.0395882818685669,0.049212598425196846,0.0730887297178775,0.0,0.0,0.06953135864274787,0.0
2017,PASO17n,Senador Nacional,DEL CAMPO POPULAR,3128.0,POSITIVO,0.03849114703618168,0.06030040565727442,0.1490035388340473,0.0,0.07733408323959505,0.146177459435755,0.3472222222222222,0.0,0.1112501738283966,0.0
2017,PASO17n,Senador Nacional,FEDERAL,3007.0,POSITIVO,0.0,0.0,0.0,0.0,0.014060742407199102,0.0,0.0,0.0,0.013906271728549574,0.0
2017,PASO17n,Senador Nacional,FEDERAL,3009.0,POSITIVO,0.16037977931742367,0.1973467821510799,0.2980070776680946,0.11876484560570072,0.23200224971878514,0.2777371729279345,0.0,2.857142857142857,0.2364066193853428,0.0
2017,PASO17n,Senador Nacional,FEDERAL,3012.0,POSITIVO,0.10905824993584809,0.15349194167306215,0.16762898118830322,0.1583531274742676,0.11951631046119235,0.1607952053793305,0.0,0.0,0.15296898901404535,0.0
2017,PASO17n,Senador Nacional,FEDERAL,3014.0,POSITIVO,0.08339748524506031,0.06030040565727442,0.018625442354255912,0.11876484560570072,0.140607424071991,0.0730887297178775,0.0,0.0,0.15296898901404535,0.0
2017,PASO17n,Senador Nacional,FRENTE DE IZQUIERDA Y DE LOS TRABAJADORES,3161.0,POSITIVO,2.854760071850141,2.8450827760114024,3.4643322778915997,3.167062549485352,2.6223284589426323,3.040491156263704,1.7361111111111112,0.0,1.4184397163120568,0.9009009009009009
2017,PASO17n,Senador Nacional,FRENTE JUSTICIALISTA,3226.0,POSITIVO,3.682319733128047,3.9798267733801116,3.613335816725647,3.127474267616785,3.951068616422947,4.516883496564829,4.861111111111112,5.714285714285714,3.240161312752051,6.306306306306306
2017,PASO17n,Senador Nacional,FRENTE PATRIOTA BANDERA VECINAL,3256.0,POSITIVO,0.06415191172696946,0.10415524613529219,0.018625442354255912,0.1583531274742676,0.09842519685039369,0.116941967548604,0.0,0.0,0.09734390209984703,0.0
2017,PASO17n,Senador Nacional,FRENTE PATRIOTA BANDERA VECINAL,3257.0,POSITIVO,0.07698229407236336,0.17541936191207105,0.0,0.0791765637371338,0.140607424071991,0.17541295132290602,1.0416666666666665,0.0,0.1251564455569462,0.0
2017,PASO17n,Senador Nacional,FRENTE PATRIOTA BANDERA VECINAL,3258.0,POSITIVO,0.01924557351809084,0.03837298541826554,0.018625442354255912,0.0395882818685669,0.028121484814398204,0.0146177459435755,0.0,0.0,0.013906271728549574,0.0
2017,PASO17n,Senador Nacional,FRENTE PATRIOTA BANDERA VECINAL,3259.0,POSITIVO,0.06415191172696946,0.03289113035851332,0.05587632706276774,0.0395882818685669,0.0421822272215973,0.058470983774302,0.0,0.0,0.08343763037129745,0.0
2017,PASO17n,Senador Nacional,FRENTE PATRIOTA BANDERA VECINAL,3260.0,POSITIVO,0.04490633820887863,0.06030040565727442,0.018625442354255912,0.0395882818685669,0.028121484814398204,0.0146177459435755,0.0,0.0,0.0556250869141983,0.0
2017,PASO17n,Senador Nacional,FRENTE PATRIOTA BANDERA VECINAL,3261.0,POSITIVO,0.025660764690787787,0.0548185505975222,0.0,0.0395882818685669,0.049212598425196846,0.043853237830726505,0.0,0.0,0.0556250869141983,0.0
2017,PASO17n,Senador Nacional,FRENTE SOCIALISTA Y POPULAR,3349.0,POSITIVO,0.7954837054144213,1.321127069400285,1.098901098901099,1.1084718923198733,0.7100674915635545,0.7747405350095016,0.3472222222222222,0.0,0.4450006953135864,0.9009009009009009
2017,PASO17n,Senador Nacional,HUMANISTA,3018.0,POSITIVO,0.2630228380805748,0.25216533274860214,0.20487986589681506,0.1979414093428345,0.23200224971878514,0.3069726648150855,0.3472222222222222,2.857142857142857,0.26421916284244196,0.0
2017,PASO17n,Senador Nacional,IZQUIERDA AL FRENTE POR EL SOCIALISMO,3292.0,POSITIVO,0.968693867077239,0.8058326937835764,0.7636431365244924,0.9501187648456058,0.6257030371203599,1.0378599619938607,0.3472222222222222,0.0,0.7648449450702267,0.0
2017,PASO17n,Senador Nacional,MOVIMIENTO AMPLIO DE TRABAJADORES Y JUBILADOS,3134.0,POSITIVO,0.0,0.01096371011950444,0.0,0.0,0.0,0.0,0.0,0.0,0.0,0.0
2017,PASO17n,Senador Nacional,MOVIMIENTO ORGANIZACION DEMOCRATICA,3137.0,POSITIVO,0.006415191172696947,0.36728428900339877,0.09312721177127957,0.0,0.0,0.0,0.0,0.0,0.0,0.0
2017,PASO17n,Senador Nacional,TODOS POR BUENOS AIRES,3135.0,POSITIVO,0.2950987939440595,0.33439315864488545,0.2607561929595828,0.23752969121140144,0.44994375703037126,0.3069726648150855,0.0,0.0,0.26421916284244196,0.0
2017,PASO17n,Senador Nacional,UNIDAD CIUDADANA,3304.0,POSITIVO,29.599692070823714,44.27694331761868,31.067237846898866,35.233570863024546,45.12092238470191,39.08785265312089,38.19444444444444,42.857142857142854,56.40383813099707,62.16216216216216
2019,GRAL19n,Diputado Nacional,CONSENSO FEDERAL,0,POSITIVO,6.112157073695535,6.15210630477806,7.168330955777461,6.030483764082174,5.847624402586449,6.8921953958450315,3.618421052631579,8.333333333333332,5.476603119584055,3.571428571428571
2019,GRAL19n,Diputado Nacional,FRENTE DE IZQUIERDA Y DE TRABAJADORES - UNIDAD,0,POSITIVO,3.4090909090909087,3.183488832343794,3.9942938659058487,3.90987408880053,2.684846780995221,3.523301516002246,3.618421052631579,0.0,2.045060658578856,0.8928571428571428
2019,GRAL19n,Diputado Nacional,FRENTE DE TODOS,0,POSITIVO,42.590102205486815,61.272264631043264,46.736804564907274,53.21404903909874,62.36997469777903,56.06400898371702,48.68421052631579,55.55555555555556,68.54419410745234,71.42857142857143
2019,GRAL19n,Diputado Nacional,JUNTOS POR EL CAMBIO,0,POSITIVO,47.88864981172674,29.39214023183489,42.10057061340942,36.845593108018555,29.0975541186393,33.52049410443571,44.07894736842105,36.11111111111111,23.93414211438475,24.107142857142858
2019,GRAL19n,Gobernador,CONSENSO FEDERAL,0,POSITIVO,5.319217610225293,5.601867289096366,6.134969325153374,5.223636957231472,5.396080596191002,6.208609271523178,3.2467532467532463,8.571428571428571,5.009307835505162,3.5398230088495577
2019,GRAL19n,Gobernador,FRENTE DE IZQUIERDA Y DE TRABAJADORES - UNIDAD,0,POSITIVO,2.5240462203860305,2.8231632766477714,3.3128834355828225,3.297420829252367,2.4151255865304995,2.9939293598233996,3.571428571428571,2.857142857142857,1.556947029954307,0.8849557522123894
2019,GRAL19n,Gobernador,FRENTE DE TODOS,0,POSITIVO,43.01207152540184,60.33677892630877,46.310254163014896,52.66079007508978,61.1440794921336,55.44977924944813,48.37662337662338,51.42857142857142,66.98256896259942,69.91150442477876
2019,GRAL19n,Gobernador,FRENTE NOS,0,POSITIVO,0.9747595377961396,1.389352006224297,1.0867659947414547,1.3385569702905649,1.7940932928512283,1.3934878587196469,1.2987012987012987,0.0,2.3523438822135723,1.7699115044247788
2019,GRAL19n,Gobernador,JUNTOS POR EL CAMBIO,0,POSITIVO,48.16990510619069,29.848838501722796,43.15512708150745,37.479595168135816,29.25062103229368,33.95419426048566,43.506493506493506,37.142857142857146,24.098832289727532,23.893805309734514
2019,GRAL19n,Intendente,CONSENSO FEDERAL,0,POSITIVO,5.216757258385258,4.77574514161965,5.5345231656751395,4.701567189063021,4.748048261178141,5.605222080317866,3.642384105960265,8.823529411764707,6.516768292682927,2.727272727272727
2019,GRAL19n,Intendente,FRENTE DE IZQUIERDA Y DE TRABAJADORES - UNIDAD,0,POSITIVO,2.3664324539307966,2.6329287057616684,3.2269695330809443,3.334444814938313,2.3491838183108587,2.7671349510429972,3.642384105960265,0.0,2.153201219512195,0.9090909090909091
2019,GRAL19n,Intendente,FRENTE DE TODOS,0,POSITIVO,50.22537451942198,65.28751353507722,53.86695511087074,57.85261753917973,65.04613200851668,61.79934723996027,48.675496688741724,52.94117647058824,59.794207317073166,70.0
2019,GRAL19n,Intendente,FRENTE NOS,0,POSITIVO,0.9545273763754475,1.3905510913546475,1.1537768162970976,1.1670556852284095,1.831085876508162,1.3055200794664397,1.3245033112582782,0.0,3.391768292682927,2.727272727272727
2019,GRAL19n,Intendente,JUNTOS POR EL CAMBIO,0,POSITIVO,41.236908391886516,25.913261526186815,36.217775374076076,32.944314771590534,26.025550035486162,28.522775649212427,42.71523178807947,38.23529411764706,28.14405487804878,23.636363636363637
2019,GRAL19n,Presidente,CONSENSO FEDERAL,0,POSITIVO,6.579546193355439,6.387665198237885,7.148994672624162,6.385655866624725,6.041776837652036,7.272972608284982,3.5256410256410255,7.894736842105263,5.699063609945108,3.4482758620689653
2019,GRAL19n,Presidente,FRENTE DE IZQUIERDA Y DE TRABAJADORES - UNIDAD,0,POSITIVO,2.464079058578766,2.7935962179005047,3.2307956693589963,3.240012582573136,2.366472765732417,2.8875995142355957,2.8846153846153846,0.0,1.6790442363577656,0.8620689655172413
2019,GRAL19n,Presidente,FRENTE DE TODOS,0,POSITIVO,42.37695858526754,60.051574084022775,46.416910122014094,52.75243787354514,61.10523532522475,55.09377951693428,46.794871794871796,57.89473684210527,66.8227316758153,70.6896551724138
2019,GRAL19n,Presidente,FRENTE NOS,0,POSITIVO,1.0337429295884533,1.3591920060169764,0.9795497508162915,1.384083044982699,1.8574828133262822,1.4437997571177978,1.282051282051282,0.0,2.4216984178237,1.7241379310344827
2019,GRAL19n,Presidente,JUNTOS POR EL CAMBIO,0,POSITIVO,45.97880501917951,27.925217578166972,40.48805636707338,34.8537275872916,27.300370174510842,31.885035757657537,43.269230769230774,34.21052631578947,22.34420406845334,22.413793103448278
2019,GRAL19n,Presidente,UNITE POR LA LIBERTAD Y LA DIGNIDAD,0,POSITIVO,1.566868214030297,1.4827549156548834,1.7356934181130779,1.384083044982699,1.3286620835536753,1.4168128457698017,2.2435897435897436,0.0,1.0332579916047788,0.8620689655172413
2019,GRAL19n,Senador Provincial,CONSENSO FEDERAL,0,POSITIVO,5.536332179930796,5.6918824392170135,6.428698277393003,5.502471169686985,5.538030143708377,6.449356463346391,3.278688524590164,8.571428571428571,5.32942393928941,2.7027027027027026
2019,GRAL19n,Senador Provincial,FRENTE DE IZQUIERDA Y DE TRABAJADORES - UNIDAD,0,POSITIVO,2.9574982046092577,2.9672251367969764,3.8003906943704493,3.5914332784184517,2.5727304591657902,3.3715724678231673,3.606557377049181,0.0,1.8282166264229045,0.9009009009009009
2019,GRAL19n,Senador Provincial,FRENTE DE TODOS,0,POSITIVO,43.030619573023436,60.664523043944264,46.457112413425676,52.78418451400329,61.493165089379595,55.721880246222725,48.19672131147541,54.285714285714285,66.43670231114177,69.36936936936937
2019,GRAL19n,Senador Provincial,FRENTE NOS,0,POSITIVO,1.0184762029117973,1.4666892311163762,1.1720831113478956,1.4168039538714992,1.8857343147563967,1.4409625069949636,1.3114754098360655,0.0,2.4491203863401174,1.8018018018018018
2019,GRAL19n,Senador Provincial,JUNTOS POR EL CAMBIO,0,POSITIVO,47.45707383952471,29.209680148925365,42.141715503462976,36.705107084019765,28.510339992989834,33.016228315612764,43.606557377049185,37.142857142857146,23.956536736805795,25.225225225225223
2019,PASO19n,Diputado Nacional,CONSENSO FEDERAL,A,POSITIVO,7.081619850839897,6.155998600909409,8.24270177447052,5.895953757225433,5.853658536585367,6.414719045251119,6.36042402826855,2.7027027027027026,7.982159335589049,3.4090909090909087
2019,PASO19n,Diputado Nacional,FRENTE DE IZQUIERDA Y DE TRABAJADORES - UNIDAD,A,POSITIVO,3.791733463441835,3.8591582138276785,4.388475481778286,4.7398843930635834,3.458980044345898,4.210177357865075,4.593639575971731,0.0,1.9840049215625961,3.4090909090909087
2019,PASO19n,Diputado Nacional,FRENTE DE TODOS,A,POSITIVO,42.942775493134455,61.36178150868602,45.37302041595115,52.832369942196536,61.04212860310422,57.50041438753522,46.28975265017668,51.35135135135135,65.97969855429099,69.31818181818183
2019,PASO19n,Diputado Nacional,FRENTE PATRIOTA,A,POSITIVO,0.29971422597058617,0.378920368427189,0.3052852509063156,0.4238921001926782,0.4360679970436068,0.36466103099618763,0.35335689045936397,0.0,0.15379883112888343,0.0
2019,PASO19n,Diputado Nacional,JUNTOS POR EL CAMBIO,A,POSITIVO,44.336795148811596,26.29124402471727,39.89696622781912,34.104046242774565,27.102734663710276,29.156306978286096,41.69611307420495,40.54054054054054,21.285758228237466,23.863636363636363
2019,PASO19n,Diputado Nacional,MORAL Y PROGRESO,A,POSITIVO,0.048790687948700076,0.0,0.0,0.0,0.007390983000739098,0.0,0.0,0.0,0.0,0.0
2019,PASO19n,Diputado Nacional,MOVIMIENTO DE AVANZADA SOCIALISTA,1A,POSITIVO,0.5785181571060152,0.7811589133729743,0.8013737836290785,1.348747591522158,0.7834441980783445,0.8453505718547987,0.0,0.0,0.6920947400799754,0.0
2019,PASO19n,Diputado Nacional,MOVIMIENTO ORGANIZACION DEMOCRATICA,A,POSITIVO,0.09758137589740015,0.18654541214876996,0.0763213127265789,0.07707129094412332,0.15521064301552107,0.28178352395159956,0.35335689045936397,0.0,0.19993848046754845,0.0
2019,PASO19n,Diputado Nacional,PARTIDO DIGNIDAD POPULAR,1A,POSITIVO,0.4879068794870008,0.5188294275387665,0.40068689181453926,0.3082851637764933,0.6430155210643016,0.7790485662191282,0.0,5.405405405405405,1.399569363272839,0.0
2019,PASO19n,Diputado Nacional,PARTIDO HUMANISTA,A,POSITIVO,0.12546176901094305,0.1807158680191209,0.22896393817973668,0.03853564547206166,0.14042867701404288,0.21548151831592907,0.0,0.0,0.16917871424177175,0.0
2019,PASO19n,Diputado Nacional,PARTIDO RENOVADOR FEDERAL,A,POSITIVO,0.0836411793406287,0.12242042672263029,0.17172295363480253,0.15414258188824664,0.08869179600886917,0.09945300845350571,0.35335689045936397,0.0,0.06151953245155337,0.0
2019,PASO19n,Diputado Nacional,PARTIDO REPUBLICANO FEDERAL,A,POSITIVO,0.12546176901094305,0.16322723563017372,0.11448196908986834,0.07707129094412332,0.28824833702882485,0.13260401127134097,0.0,0.0,0.09227929867733005,0.0
2019,PASO19n,Gobernador,CONSENSO FEDERAL,A,POSITIVO,5.717118307997357,5.322867128860368,7.119679328116053,4.97737556561086,5.315853922062955,5.4875061244487995,5.6939501779359425,0.0,7.363243404382174,3.296703296703297
2019,PASO19n,Gobernador,FRENTE DE IZQUIERDA Y DE TRABAJADORES - UNIDAD,A,POSITIVO,3.298083278255122,3.518019824671976,4.065661385760641,3.933170901496694,3.2053590722466323,3.837987914421036,4.98220640569395,0.0,1.8035474735430017,3.296703296703297
2019,PASO19n,Gobernador,FRENTE DE TODOS,2,POSITIVO,42.61731658955717,59.69174353979258,43.958770757778204,51.58371040723983,58.71929698192033,55.5609995100441,45.90747330960854,51.35135135135135,64.28677895364436,68.13186813186813
2019,PASO19n,Gobernador,FRENTE NOS,A,POSITIVO,1.348314606741573,1.5756603449263737,1.794235541133804,1.6359206404455273,1.9520276597277244,1.5188633023027927,0.3558718861209964,2.7027027027027026,2.5935310776568787,1.098901098901099
2019,PASO19n,Gobernador,FRENTE PATRIOTA,A,POSITIVO,0.2511566424322538,0.30367272102217385,0.3435770185149838,0.24364775495997215,0.3169343801771951,0.29397354238118567,0.3558718861209964,0.0,0.14905351021016544,0.0
2019,PASO19n,Gobernador,JUNTOS POR EL CAMBIO,1A,POSITIVO,45.69729015201586,28.184266315246663,41.515556403893875,36.09467455621302,28.96348051573867,31.48783276171811,42.34875444839858,40.54054054054054,21.687285735579074,24.175824175824175
2019,PASO19n,Gobernador,MOVIMIENTO DE AVANZADA SOCIALISTA,1A,POSITIVO,0.5816259087904825,0.7219389216753567,0.7062416491696889,1.2182387747998606,0.7347115176834977,0.7839294463498285,0.0,0.0,0.6409300939037115,0.0
2019,PASO19n,Gobernador,MOVIMIENTO ORGANIZACION DEMOCRATICA,A,POSITIVO,0.10575016523463318,0.20053858935426574,0.07635044855888527,0.06961364427427777,0.16567024418353382,0.27764167891556424,0.3558718861209964,0.0,0.1937695632732151,0.0
2019,PASO19n,Gobernador,PARTIDO DIGNIDAD POPULAR,1A,POSITIVO,0.3833443489755453,0.48129261445023774,0.4199274670738691,0.24364775495997215,0.626665706259454,0.7512657194185857,0.0,5.405405405405405,1.281860187807423,0.0
2019,PASO19n,Intendente,CONSENSO FEDERAL,A,POSITIVO,4.406757027442078,4.035666724567193,5.396705169475478,3.6465638148667603,4.177660510114336,4.429552141222621,6.36042402826855,0.0,5.708412397216951,3.488372093023256
2019,PASO19n,Intendente,CONSENSO FEDERAL,B,POSITIVO,1.3287040128196568,1.4648833304383069,1.0414694186707063,1.2973352033660588,1.3632365875109937,1.4220333442301405,0.35335689045936397,2.631578947368421,1.881720430107527,1.1627906976744187
2019,PASO19n,Intendente,FRENTE DE IZQUIERDA Y DE TRABAJADORES - UNIDAD,A,POSITIVO,2.690792548574481,3.1497886630768344,3.427381177807234,3.506311360448808,2.609205511580182,3.170970905524681,3.53356890459364,0.0,1.7235926628716,2.3255813953488373
2019,PASO19n,Intendente,FRENTE DE TODOS,12,POSITIVO,3.118114442144622,4.394649991314921,3.1812156788487025,3.4712482468443198,4.624743476986222,3.5959463877084015,1.0600706713780919,2.631578947368421,15.90765338393422,2.3255813953488373
2019,PASO19n,Intendente,FRENTE DE TODOS,2,POSITIVO,44.755291446885224,58.96589658965896,47.64249195228176,52.033660589060304,56.31046613896218,54.75645635828702,43.81625441696113,44.73684210526316,43.896268184693234,62.7906976744186
2019,PASO19n,Intendente,FRENTE NOS,A,POSITIVO,1.3353809174066902,1.4475131723698687,1.7610301079341035,1.5427769985974753,1.68572266197596,1.5037593984962405,0.35335689045936397,2.631578947368421,2.7988614800759013,1.1627906976744187
2019,PASO19n,Intendente,JUNTOS POR EL CAMBIO,1A,POSITIVO,22.00040061427522,15.06571709802559,19.200908918765386,19.67040673211781,16.336851363236587,16.900948022229485,27.208480565371023,23.684210526315788,10.436432637571158,9.30232558139535
2019,PASO19n,Intendente,JUNTOS POR EL CAMBIO,3A,POSITIVO,19.356346397809975,10.34103410341034,17.51562204128006,14.025245441795231,11.638815596599237,12.798300098071266,17.314487632508836,18.421052631578945,14.943074003795068,17.441860465116278
2019,PASO19n,Intendente,PARTIDO DIGNIDAD POPULAR,1A,POSITIVO,1.0082125926420513,1.1348503271379768,0.833175534936565,0.8064516129032258,1.2532981530343008,1.4220333442301405,0.0,5.263157894736842,2.7039848197343455,0.0
2019,PASO19n,Presidente,CONSENSO FEDERAL,A,POSITIVO,7.828851503510399,6.437279869953942,9.298085688240656,6.601876675603218,6.070861247323711,7.059930969563853,7.167235494880546,2.7777777777777777,8.127109111361081,3.1578947368421053
2019,PASO19n,Presidente,FRENTE DE IZQUIERDA Y DE TRABAJADORES - UNIDAD,A,POSITIVO,3.4839051530003973,3.6792197236521265,4.083865086599818,4.121983914209116,3.2737067477035704,3.969250078443677,4.436860068259386,0.0,1.8841394825646796,3.1578947368421053
2019,PASO19n,Presidente,FRENTE DE TODOS,A,POSITIVO,42.29699297920254,60.53643998916283,44.88605287146764,51.306970509383376,60.20443400787347,56.43238155004706,46.075085324232084,55.55555555555556,65.48087739032621,70.52631578947368
2019,PASO19n,Presidente,FRENTE NOS,A,POSITIVO,1.4836402172473175,1.706854510972636,1.513217866909754,2.2117962466487935,2.03052697009462,1.631628490743646,0.3412969283276451,2.7777777777777777,2.6012373453318336,1.0526315789473684
2019,PASO19n,Presidente,FRENTE PATRIOTA,A,POSITIVO,0.26493575307987816,0.27634787320509346,0.3281677301731996,0.2680965147453083,0.4074867048829339,0.4079071226859115,0.3412969283276451,0.0,0.1687289088863892,0.0
2019,PASO19n,Presidente,JUNTOS POR EL CAMBIO,A,POSITIVO,41.098158696516094,24.443240314277972,36.28076572470374,31.970509383378015,25.250362594101805,27.549419516786948,39.249146757679185,38.88888888888889,19.67097862767154,21.052631578947366
2019,PASO19n,Presidente,MOVIMIENTO AL SOCIALISMO,A,POSITIVO,0.6490925950457014,0.6935789758872934,0.8751139471285323,1.2734584450402144,0.7735340838455694,0.8471917163476623,0.3412969283276451,0.0,0.5905511811023622,0.0
2019,PASO19n,Presidente,MOVIMIENTO DE ACCION VECINAL,A,POSITIVO,0.1125976950589482,0.20048767271742077,0.09115770282588878,0.03351206434316354,0.12431797776089508,0.12550988390335738,0.0,0.0,0.18278965129358832,0.0
2019,PASO19n,Presidente,PARTIDO AUTONOMISTA,A,POSITIVO,0.0861041197509604,0.1625575724735844,0.03646308113035552,0.13404825737265416,0.09669176048069618,0.06275494195167869,0.0,0.0,0.1687289088863892,0.0
2019,PASO19n,Presidente,UNITE POR LA LIBERTAD Y LA DIGNIDAD,A,POSITIVO,2.69572128758776,1.863993497697101,2.6071103008204193,2.0777479892761392,1.76807790593273,1.9140257295262004,2.04778156996587,0.0,1.124859392575928,1.0526315789473684
2019,PASO19n,Senador Provincial,CONSENSO FEDERAL,A,POSITIVO,6.022880215343203,5.427265267846677,7.069163163928162,5.026737967914439,5.452393282533106,5.716184778996344,5.776173285198556,0.0,7.4566831683168315,3.4482758620689653
2019,PASO19n,Senador Provincial,FRENTE DE IZQUIERDA Y DE TRABAJADORES - UNIDAD,A,POSITIVO,3.4454912516823684,3.686554917360216,4.260603744745892,4.171122994652406,3.2921506251387145,4.021269524759056,5.054151624548736,0.0,1.9183168316831682,3.4482758620689653
2019,PASO19n,Senador Provincial,FRENTE DE TODOS,2,POSITIVO,42.81965006729475,60.23326690892041,45.376385173863206,52.406417112299465,59.443663534808024,56.06513791957462,45.84837545126354,51.35135135135135,64.04702970297029,66.66666666666666
2019,PASO19n,Senador Provincial,FRENTE NOS,A,POSITIVO,1.4131897711978465,1.582463954987692,1.9679021780664885,1.7825311942959003,1.982688466375675,1.5453639082751744,0.36101083032490977,2.7027027027027026,2.6454207920792077,1.1494252873563218
2019,PASO19n,Senador Provincial,JUNTOS POR EL CAMBIO,1A,POSITIVO,45.100942126514134,27.51142890634158,40.026748184944594,35.08021390374332,28.186727824221354,30.807577268195413,42.59927797833935,40.54054054054054,21.81311881188119,25.287356321839084
2019,PASO19n,Senador Provincial,MOVIMIENTO DE AVANZADA SOCIALISTA,1A,POSITIVO,0.5989232839838493,0.7033173133278631,0.7260221627818112,1.2121212121212122,0.7767995857068877,0.7809903622465936,0.0,0.0,0.6652227722772277,0.0
2019,PASO19n,Senador Provincial,MOVIMIENTO ORGANIZACION DEMOCRATICA,A,POSITIVO,0.13458950201884254,0.20513421638729343,0.11463507833397019,0.07130124777183601,0.15535991714137753,0.29910269192422734,0.36101083032490977,0.0,0.20111386138613863,0.0
2019,PASO19n,Senador Provincial,PARTIDO DIGNIDAD POPULAR,1A,POSITIVO,0.46433378196500674,0.6505685148282734,0.45854031333588074,0.24955436720142604,0.7102167640748687,0.7643735460285809,0.0,5.405405405405405,1.2530940594059408,0.0
2021,PASO21n,Concejal,AVANZA LIBERTAD,2.0,POSITIVO,3.256379100850547,3.142893497900496,3.399122807017544,3.795136330140015,2.9050945646617823,2.864864864864865,3.9215686274509802,4.0,2.7143391988019467,4.166666666666666
2021,PASO21n,Concejal,AVANZA LIBERTAD,3.0,POSITIVO,2.3572296476306196,3.5500699834584553,3.245614035087719,3.058216654384672,3.348100187425456,4.018018018018018,1.9607843137254901,4.0,3.070011231748409,2.083333333333333
2021,PASO21n,Concejal,CONSERVADOR POPULAR,1.0,POSITIVO,0.44552450384771164,0.5407812698816643,0.30701754385964913,0.5895357406042742,0.6730277730448118,0.3243243243243243,0.39215686274509803,0.0,0.46798951703481845,0.0
2021,PASO21n,Concejal,FEDERAL,2.0,POSITIVO,0.7857432158768731,1.272426517368622,0.9429824561403508,1.2527634487840826,1.0989947180098825,0.8468468468468469,0.7843137254901961,4.0,1.0482965181579933,2.083333333333333
2021,PASO21n,Concejal,FRENTE DE IZQUIERDA Y DE TRABAJADORES - UNIDAD,2.0,POSITIVO,3.985419198055893,5.096068202061331,4.4298245614035086,5.158437730287399,4.131879366161186,4.54054054054054,5.490196078431373,0.0,2.976413328341445,2.083333333333333
2021,PASO21n,Concejal,FRENTE DE TODOS,5.0,POSITIVO,25.540704738760635,33.03855452347627,26.92982456140351,28.445099484156227,33.49804055205316,30.774774774774777,28.235294117647058,32.0,40.49045301385249,50.0
2021,PASO21n,Concejal,FRENTE VAMOS CON VOS,2.0,POSITIVO,3.1429728635074925,4.084489120753276,3.442982456140351,3.500368459837878,4.2170727551541995,3.063063063063063,4.313725490196078,8.0,4.249344814676151,0.0
2021,PASO21n,Concejal,JUNTOS,1.0,POSITIVO,9.048197650870799,8.588878992238199,7.390350877192982,9.837877671333825,8.263758732322373,8.234234234234235,14.901960784313726,12.0,8.573567952077873,10.416666666666668
2021,PASO21n,Concejal,JUNTOS,2.0,POSITIVO,25.22478736330498,17.67400432625016,24.890350877192983,20.891672807663962,17.379451354574886,19.585585585585584,14.901960784313726,28.000000000000004,9.359790340696367,14.583333333333334
2021,PASO21n,Concejal,JUNTOS,5.0,POSITIVO,14.791413527744027,10.904695253849091,14.100877192982455,12.785556374355195,10.96438916340092,12.756756756756756,16.862745098039216,8.0,15.181579932609509,2.083333333333333
2021,PASO21n,Concejal,JUNTOS,7.0,POSITIVO,6.261644390441474,2.5130423718030284,4.978070175438597,3.4266764922623434,3.3310615096268528,2.7567567567567566,3.5294117647058822,0.0,2.4522650692624484,6.25
2021,PASO21n,Concejal,MOVIMIENTO AL SOCIALISMO,1.0,POSITIVO,0.8100445524503848,1.151545998218603,0.8333333333333334,0.9211495946941783,1.0989947180098825,1.063063063063063,0.7843137254901961,0.0,0.8798202920254585,0.0
2021,PASO21n,Concejal,REPUBLICANO FEDERAL,2.0,POSITIVO,1.3041717294451196,3.168342028247869,1.6008771929824563,1.989683124539425,2.4961662974953147,2.684684684684685,0.7843137254901961,0.0,1.7970797454137026,6.25
2021,PASO21n,Concejal,UNION CELESTE Y BLANCO,2.0,POSITIVO,1.4580801944106925,2.436696780760911,1.6885964912280702,2.3212969786293294,3.6036803544044984,3.1171171171171173,0.7843137254901961,0.0,3.313365780606514,0.0
2021,PASO21n,Concejal,UNION POR TODOS,1.0,POSITIVO,0.8262454434993926,1.164270263392289,0.855263157894737,0.6632277081798084,1.3290168682910206,1.963963963963964,1.1764705882352942,0.0,1.6660426806439537,0.0
2021,PASO21n,Concejal,VOCACION SOCIAL,2.0,POSITIVO,0.7614418793033617,1.673240870339738,0.9649122807017544,1.363301400147384,1.6612710853637758,1.4054054054054055,1.1764705882352942,0.0,1.759640584050917,0.0
2021,PASO21n,Diputado Nacional,+ VALORES,1.0,POSITIVO,1.4612452350698857,2.283379401514241,1.7059814658803705,2.1321216357916812,3.1828515751867488,2.720499046958933,1.1235955056179776,0.0,3.2854919591907312,0.0
2021,PASO21n,Diputado Nacional,AVANZA LIBERTAD,2.0,POSITIVO,5.972045743329097,6.111044345631535,6.486941870261162,7.200279622509612,6.089639493341994,6.030150753768844,5.617977528089887,7.4074074074074066,5.533460141794916,6.0
2021,PASO21n,Diputado Nacional,CELESTE PROVIDA,1.0,POSITIVO,0.2779542566709022,0.6970316067780316,0.3159224936815501,0.45438657811953864,0.6333225073075673,0.6757927568878878,0.7490636704119851,0.0,0.8818952100985649,4.0
2021,PASO21n,Diputado Nacional,CONSERVADOR POPULAR,1.0,POSITIVO,0.3256035578144854,0.5107559187597644,0.2527379949452401,0.5242922055225445,0.6008444300097434,0.29457632992548954,0.37453183520599254,0.0,0.4150095106346187,0.0
2021,PASO21n,Diputado Nacional,CORRIENTE DE PENSAMIENTO BONAERENSE,1.0,POSITIVO,0.09529860228716645,0.33048912390337704,0.08424599831508003,0.20971688220901785,0.17862942513803184,0.31190434933287126,0.37453183520599254,0.0,0.311257132975964,0.0
2021,PASO21n,Diputado Nacional,ESPERANZA DEL PUEBLO,1.0,POSITIVO,0.11118170266836086,0.2884268717702199,0.12636899747262004,0.20971688220901785,0.21110750243585583,0.29457632992548954,0.0,0.0,0.17292062943109113,0.0
2021,PASO21n,Diputado Nacional,FEDERAL,2.0,POSITIVO,0.6273824650571792,1.1777430597283982,0.8424599831508003,0.9786787836420832,1.006820396232543,0.7624328539247963,0.7490636704119851,3.7037037037037033,1.1585682171883105,2.0
2021,PASO21n,Diputado Nacional,FRENTE DE IZQUIERDA Y DE TRABAJADORES - UNIDAD,1.0,POSITIVO,0.8418043202033036,0.7451027520730682,0.7582139848357203,0.6641034603285565,0.4303345241961676,0.5544966210362156,0.7490636704119851,0.0,0.622514265951928,0.0
2021,PASO21n,Diputado Nacional,FRENTE DE IZQUIERDA Y DE TRABAJADORES - UNIDAD,2.0,POSITIVO,3.7722363405336723,4.957336858550655,4.212299915754001,5.033205173016428,4.05164014290354,4.869173453474268,5.2434456928838955,0.0,2.8358983226698946,2.0
2021,PASO21n,Diputado Nacional,FRENTE DE TODOS,3.0,POSITIVO,25.095298602287166,32.30981853142651,26.853411962931762,27.682628451590354,33.29002923026957,30.96517068099116,26.96629213483146,33.33333333333333,41.034065363997925,48.0
2021,PASO21n,Diputado Nacional,FRENTE PATRIOTA,2.0,POSITIVO,0.25412960609911056,0.3184713375796179,0.18955349620893008,0.7340090877315625,0.4871711594673595,0.22526425229596256,0.0,0.0,0.7435587065536918,0.0
2021,PASO21n,Diputado Nacional,FRENTE UNION POR EL FUTURO,1.0,POSITIVO,0.5479669631512072,0.6489604614829949,0.8845829823083403,0.5592450192240475,0.5602468333874635,0.6931207762952695,1.4981273408239701,0.0,0.8818952100985649,0.0
2021,PASO21n,Diputado Nacional,FRENTE UNION POR EL FUTURO,2.0,POSITIVO,0.26207115628970773,0.5408003845691624,0.2527379949452401,0.13981125480601186,0.4546930821695355,0.34656038814763473,0.0,0.0,0.6570983918381462,0.0
2021,PASO21n,Diputado Nacional,FRENTE VAMOS CON VOS,2.0,POSITIVO,3.0813214739517156,3.839682730441053,3.7068239258635214,3.1807060468367703,3.856771679116596,3.1190434933287126,4.119850187265917,7.4074074074074066,4.011758602801314,0.0
2021,PASO21n,Diputado Nacional,JUNTOS,5.0,POSITIVO,19.11531130876747,12.192044225453671,17.12299915754002,14.505417686123733,12.31731081519974,14.399584127534224,17.60299625468165,3.7037037037037033,14.888466194016948,2.0
2021,PASO21n,Diputado Nacional,JUNTOS,6.0,POSITIVO,33.18773824650572,24.372070664583585,30.812973883740526,28.661307235232435,23.944462487820722,25.056316063073993,29.588014981273407,40.74074074074074,14.680961438699637,26.0
2021,PASO21n,Diputado Nacional,JUSTICIA Y DIGNIDAD PATRIOTICA,1.0,POSITIVO,0.03176620076238882,0.13820454272323038,0.12636899747262004,0.06990562740300593,0.3004222150048717,0.10396811644429041,0.37453183520599254,0.0,0.20750475531730936,0.0
2021,PASO21n,Diputado Nacional,LABORISTA,1.0,POSITIVO,0.023824650571791613,0.018026679485638745,0.02106149957877001,0.0,0.008119519324455992,0.0,0.0,0.0,0.0,0.0
2021,PASO21n,Diputado Nacional,MORAL Y PROGRESO,1.0,POSITIVO,0.01588310038119441,0.0,0.0,0.0,0.10555375121792791,0.0,0.0,0.0,0.017292062943109116,0.0
2021,PASO21n,Diputado Nacional,MOVIMIENTO AL SOCIALISMO,1.0,POSITIVO,0.7465057179161372,0.9554140127388535,0.7792754844144903,0.7340090877315625,0.9987008769080871,0.9703690868133772,0.7490636704119851,0.0,0.7954348953830191,0.0
2021,PASO21n,Diputado Nacional,POLITICA OBRERA,1.0,POSITIVO,0.34942820838627703,0.3965869486840524,0.2737994945240101,0.3844809507165327,0.42221500487171165,0.329232368740253,0.0,0.0,0.29396507003285494,0.0
2021,PASO21n,Diputado Nacional,POPULAR,1.0,POSITIVO,0.3811944091486658,0.5828626367023194,0.42122999157540014,0.3145753233135267,0.5034101981162715,1.108993242072431,0.37453183520599254,3.7037037037037033,0.5360539512363826,0.0
2021,PASO21n,Diputado Nacional,"PROYECTO JUSTO, SOCIAL Y HUMANISTA",1.0,POSITIVO,0.24618805590851334,0.30044465809397913,0.18955349620893008,0.17476406850751486,0.31666125365378367,0.4851845434066886,0.7490636704119851,0.0,0.3631333218052914,2.0
2021,PASO21n,Diputado Nacional,REPUBLICANO FEDERAL,2.0,POSITIVO,1.1912325285895806,2.5117173416656655,1.4953664700926705,1.8524991261796575,2.1435531016563822,2.2699705423670076,0.37453183520599254,0.0,1.5735777278229293,6.0
2021,PASO21n,Diputado Nacional,TODOS POR BUENOS AIRES,1.0,POSITIVO,0.34942820838627703,0.6669871409686337,0.33698399326032014,0.5592450192240475,0.7713543358233192,0.5718246404435973,0.7490636704119851,0.0,0.760850769496801,0.0
2021,PASO21n,Diputado Nacional,UNIDAD SOCIAL,1.0,POSITIVO,0.03176620076238882,0.14421343588510996,0.08424599831508003,0.10485844110450893,0.25170509905813576,0.1386241552590539,0.0,0.0,0.20750475531730936,0.0
2021,PASO21n,Diputado Nacional,VERDE,1.0,POSITIVO,0.46060991105463783,0.6549693546448745,0.5054759898904801,0.8039147151345682,0.5683663527119195,0.7277768151100329,0.0,0.0,0.6052222030088189,0.0
2021,PASO21n,Diputado Nacional,VOCACION SOCIAL,2.0,POSITIVO,1.1435832274459974,2.3074149741617593,1.1583824768323505,2.1321216357916812,2.314063007469958,1.975394212441518,1.8726591760299627,0.0,2.5246411896939303,2.0
2021,PASO21n,Diputado Provincial,CONSERVADOR POPULAR,1.0,POSITIVO,0.4240162822252374,0.5617977528089888,0.2542177027963947,0.5744925315970892,0.6713187880929247,0.32436557908796027,0.4048582995951417,0.0,0.43585370475649043,0.0
2021,PASO21n,Diputado Provincial,CORRIENTE DE PENSAMIENTO BONAERENSE,1.0,POSITIVO,0.16960651289009498,0.3544676297485286,0.09244280101687082,0.2297970126388357,0.26499425845773344,0.3052852509063156,0.4048582995951417,0.0,0.3600530604510138,0.0
2021,PASO21n,Diputado Provincial,FEDERAL,2.0,POSITIVO,0.8141112618724559,1.3443017656500804,0.9475387104229259,1.1489850631941785,1.165974737214027,0.8204541118107231,0.8097165991902834,4.166666666666666,1.1180595035057799,2.2222222222222223
2021,PASO21n,Diputado Provincial,FRENTE DE IZQUIERDA Y DE TRABAJADORES - UNIDAD,1.0,POSITIVO,0.4240162822252374,0.7289994649545212,0.8319852091518374,0.8425890463423975,0.4416570974295557,0.6296508299942759,0.8097165991902834,0.0,0.7011559598256586,0.0
2021,PASO21n,Diputado Provincial,FRENTE DE IZQUIERDA Y DE TRABAJADORES - UNIDAD,2.0,POSITIVO,4.07055630936228,5.330390583199572,4.552807950080887,5.438529299119112,4.3812384065011925,5.285250906315589,5.668016194331984,0.0,3.1836270608300175,2.2222222222222223
2021,PASO21n,Diputado Provincial,FRENTE DE TODOS,5.0,POSITIVO,27.823948439620082,35.386570358480476,29.3737000231107,30.14170815779395,36.154049995583435,33.81034153787445,28.74493927125506,37.5,44.36232707978018,53.333333333333336
2021,PASO21n,Diputado Provincial,FRENTE PATRIOTA,2.0,POSITIVO,0.28833107191316143,0.3611556982343499,0.32354980355904783,0.8425890463423975,0.5299885169154669,0.24804426636138144,0.0,0.0,0.9475080538184575,0.0
2021,PASO21n,Diputado Provincial,FRENTE VAMOS CON VOS,2.0,POSITIVO,3.4175712347354135,4.153290529695024,4.02126184423388,3.485254691689008,4.20457556752937,3.243655790879603,4.4534412955465585,8.333333333333332,4.055334470342998,0.0
2021,PASO21n,Diputado Provincial,JUNTOS,1.0,POSITIVO,36.71981004070556,26.65195291599786,34.27316847700485,32.171581769437,26.16376645172688,27.723716847929786,32.388663967611336,41.66666666666667,16.316088686753837,28.888888888888886
2021,PASO21n,Diputado Provincial,JUNTOS,5.0,POSITIVO,19.04681139755767,13.142054574638845,18.026346198289808,15.090003829950211,13.23204663898949,15.664949437130318,18.62348178137652,8.333333333333332,15.974985787379193,2.2222222222222223
2021,PASO21n,Diputado Provincial,MOVIMIENTO AL SOCIALISMO,1.0,POSITIVO,0.8904341926729986,1.090155163188871,0.9013173099144903,0.8425890463423975,1.1129758855224805,1.106659034535394,0.8097165991902834,0.0,0.8527572484366117,0.0
2021,PASO21n,Diputado Provincial,MOVIMIENTO ORGANIZACION DEMOCRATICA,1.0,POSITIVO,0.11872455902306649,0.32771535580524347,0.18488560203374163,0.38299502106472616,0.3268262520978712,0.17172295363480253,0.4048582995951417,0.0,0.3979533826037522,0.0
2021,PASO21n,Diputado Provincial,RENOVADOR FEDERAL,1.0,POSITIVO,0.3985753052917232,0.6688068485821295,0.392881904321701,0.3446955189582535,0.6359862202985602,0.6868918145392101,0.8097165991902834,0.0,0.9664582148948266,2.2222222222222223
2021,PASO21n,Diputado Provincial,REPUBLICANO FEDERAL,2.0,POSITIVO,1.3059701492537312,2.7822364901016585,1.548416917032586,2.068173113749521,2.2966169066336897,2.6521656172486163,0.4048582995951417,0.0,1.7244646579495926,6.666666666666667
2021,PASO21n,Diputado Provincial,TODOS POR BUENOS AIRES,1.0,POSITIVO,0.3816146540027137,0.7156233279828785,0.32354980355904783,0.6127920337035618,0.8479816270647469,0.6296508299942759,0.8097165991902834,0.0,0.8527572484366117,0.0
2021,PASO21n,Diputado Provincial,UNION CELESTE Y BLANCO,2.0,POSITIVO,1.6112618724559022,2.521401819154628,1.8026346198289807,2.6426656453466104,3.8512498895857257,3.4917000572409846,0.8097165991902834,0.0,3.3731286715937085,0.0
2021,PASO21n,Diputado Provincial,UNION POR TODOS,1.0,POSITIVO,0.9073948439620082,1.2038523274478332,0.8319852091518374,0.7659900421294523,1.236639872802756,1.04941804999046,1.6194331983805668,0.0,1.6107636914913779,0.0
2021,PASO21n,Diputado Provincial,VOCACION SOCIAL,1.0,POSITIVO,0.4324966078697422,0.9028892455858748,0.3466605038132655,0.8042895442359249,0.8744810529105203,0.6868918145392101,0.8097165991902834,0.0,0.8527572484366117,2.2222222222222223
2021,PASO21n,Diputado Provincial,VOCACION SOCIAL,2.0,POSITIVO,0.7547489823609227,1.7723381487426433,0.9706494106771435,1.5702795863653771,1.6076318346435827,1.4691852699866437,1.214574898785425,0.0,1.9139662687132841,0.0
2023,PASO23n,Diputado Nacional,BUENOS AIRES PRIMERO (BAP),3288,POSITIVO,0.07832216517274389,0.1298781619147752,0.023596035865974516,0.13942140118508192,0.04225471140032113,0.07011393514460999,0.32786885245901637,0.0,0.056338028169014086,
2023,PASO23n,Diputado Nacional,CONFIANZA PUBLICA,3311.0,POSITIVO,0.017404925593943084,0.07421609252272868,0.04719207173194903,0.0,0.08450942280064226,0.05258545135845749,0.0,0.0,0.13145539906103285,
2023,PASO23n,Diputado Nacional,CONSTRUYENDO PORVENIR,3135.0,POSITIVO,0.02610738839091463,0.10513946440719896,0.023596035865974516,0.03485535029627048,0.1267641342009634,0.1226993865030675,0.32786885245901637,0.0,0.15023474178403756,
2023,PASO23n,Diputado Nacional,CORRIENTE DE PENSAMIENTO BONAERENSE,3137.0,POSITIVO,0.2436689583152032,0.12369348753788115,0.09438414346389806,0.17427675148135238,0.14366601876109186,0.07011393514460999,0.0,0.0,0.16901408450704225,
2023,PASO23n,Diputado Nacional,FRENTE DE IZQUIERDA Y DE TRABAJADORES - UNIDAD,3009.0,POSITIVO,1.6621703942215647,1.960541777475416,1.651722510618216,2.2307424189613108,1.487365841291304,1.7703768624014022,0.0,0.0,0.676056338028169,
2023,PASO23n,Diputado Nacional,FRENTE DE IZQUIERDA Y DE TRABAJADORES - UNIDAD,3010,POSITIVO,0.6178748585849795,0.6184674376894056,0.9674374705049551,0.6273963053328686,0.633820671004817,0.8413672217353199,0.32786885245901637,0.0,0.3192488262910798,
2023,PASO23n,Diputado Nacional,FRENTE PATRIOTA FEDERAL,3021,POSITIVO,0.2001566443303455,0.1979095800606098,0.09438414346389806,0.06971070059254096,0.185920730161413,0.14022787028921999,0.32786885245901637,0.0,0.3380281690140845,
2023,PASO23n,Diputado Nacional,HACEMOS POR NUESTRO PAIS,3001,POSITIVO,0.5743625446001218,1.0637639928257776,0.684285040113261,0.6971070059254095,0.7690357474858447,0.7537248028045574,1.639344262295082,0.0,0.9389671361502347,
2023,PASO23n,Diputado Nacional,JUNTOS POR EL CAMBIO,3007.0,POSITIVO,16.12566356278827,10.359329581297546,14.36998584237848,11.71139769954688,10.234091101157778,11.270815074496056,11.80327868852459,0.0,7.305164319248826,
2023,PASO23n,Diputado Nacional,JUNTOS POR EL CAMBIO,3008.0,POSITIVO,29.2054651466365,18.059249180530646,25.12977819726286,22.41199024050192,17.02864869432942,19.421560035056967,24.91803278688525,17.24137931034483,13.333333333333334,
2023,PASO23n,Diputado Nacional,JUSTICIA Y DIGNIDAD PATRIOTICA,3231,POSITIVO,0.04351231398485771,0.0865854412765168,0.04719207173194903,0.0,0.26197921068199104,0.10517090271691498,0.0,0.0,0.03755868544600939,
2023,PASO23n,Diputado Nacional,LA LIBERTAD AVANZA,3016.0,POSITIVO,20.311548168131583,26.69305461067475,25.507314771118452,25.026141512722205,27.279641680047323,26.78352322524102,23.60655737704918,17.24137931034483,27.680751173708924,
2023,PASO23n,Diputado Nacional,LABORISTA,3167,POSITIVO,0.0,0.0,0.0,0.0,0.0,0.0,0.0,0.0,0.0,
2023,PASO23n,Diputado Nacional,LABORISTA,3195,POSITIVO,0.0,0.0,0.0,0.0,0.0,0.0,0.0,0.0,0.0,
2023,PASO23n,Diputado Nacional,LIBERTARIO,3216,POSITIVO,0.008702462796971542,0.01855402313068217,0.0,0.0,0.008450942280064228,0.0,0.0,0.0,0.03755868544600939,
2023,PASO23n,Diputado Nacional,MOVIMIENTO DE AVANZADA SOCIALISTA,3017.0,POSITIVO,0.20885910712731703,0.2412023006988682,0.21236432279377065,0.20913210177762287,0.2704301529620553,0.33304119193689746,0.0,3.4482758620689653,0.15023474178403756,
2023,PASO23n,Diputado Nacional,MOVIMIENTO IZQUIERDA JUVENTUD Y DIGNIDAD,3026,POSITIVO,0.02610738839091463,0.1422475106685633,0.09438414346389806,0.06971070059254096,0.15211696104115607,0.175284837861525,0.32786885245901637,0.0,0.13145539906103285,
2023,PASO23n,Diputado Nacional,MOVIMIENTO IZQUIERDA JUVENTUD Y DIGNIDAD,3027,POSITIVO,0.2610738839091463,0.2968643700909147,0.23596035865974516,0.27884280237016384,0.22817544156173414,0.35056967572305,0.32786885245901637,3.4482758620689653,0.3755868544600939,
2023,PASO23n,Diputado Nacional,MOVIMIENTO LIBRES DEL SUR,3019.0,POSITIVO,0.47863545383343487,0.865854412765168,0.37753657385559225,0.6622516556291391,0.9803093044874504,0.5609114811568799,1.3114754098360655,0.0,0.48826291079812206,
2023,PASO23n,Diputado Nacional,MOVIMIENTO ORGANIZACION DEMOCRATICA,3289,POSITIVO,0.05221477678182926,0.14843218504545735,0.04719207173194903,0.03485535029627048,0.2873320375221837,0.05258545135845749,0.0,0.0,0.13145539906103285,
2023,PASO23n,Diputado Nacional,NUEVA UNION CELESTE,3122.0,POSITIVO,0.1218344791576016,0.27831034696023255,0.16517225106182162,0.10456605088881143,0.371841460322826,0.175284837861525,0.0,0.0,0.22535211267605634,
2023,PASO23n,Diputado Nacional,POLITICA ABIERTA PARA LA INTEGRIDAD SOCIAL,3116,POSITIVO,0.0,0.0,0.0,0.0,0.008450942280064228,0.07011393514460999,0.0,0.0,0.0,
2023,PASO23n,Diputado Nacional,POLITICA OBRERA,3020,POSITIVO,0.1218344791576016,0.2535716494526563,0.3539405379896177,0.4531195538515162,0.3211358066424406,0.29798422436459243,0.0,0.0,0.18779342723004694,
2023,PASO23n,Diputado Nacional,PRINCIPIOS Y VALORES,3011.0,POSITIVO,0.591767470194065,0.6184674376894056,0.4955167531854649,0.4879749041477867,0.5408603059241106,0.7361963190184049,1.9672131147540985,3.4482758620689653,0.6009389671361502,
2023,PASO23n,Diputado Nacional,PROYECTO JOVEN,3022,POSITIVO,0.23496649551823165,0.18554023130682168,0.14157621519584712,0.13942140118508192,0.1267641342009634,0.19281332164767748,0.0,0.0,0.07511737089201878,
2023,PASO23n,Diputado Nacional,PROYECTO JOVEN,3023,POSITIVO,0.008702462796971542,0.0,0.0,0.0,0.0,0.0,0.0,0.0,0.0,
2023,PASO23n,Diputado Nacional,PROYECTO JOVEN,3165.0,POSITIVO,0.008702462796971542,0.0,0.0,0.0,0.02535282684019268,0.0,0.0,0.0,0.0,
2023,PASO23n,Diputado Nacional,TODOS POR BUENOS AIRES,3284,POSITIVO,0.0609172395788008,0.1298781619147752,0.023596035865974516,0.10456605088881143,0.11831319192089917,0.07011393514460999,0.0,0.0,0.056338028169014086,
2023,PASO23n,Diputado Nacional,UNIDAD SOCIAL,3295,POSITIVO,0.0,0.024738697507576225,0.0,0.0,0.0,0.0,0.0,0.0,0.0,
2023,PASO23n,Diputado Nacional,UNION POR LA PATRIA,3005,POSITIVO,28.709424767209118,37.32450986455563,29.21189240207645,34.33252004182642,38.282768528690944,35.58282208588957,32.78688524590164,55.172413793103445,46.4037558685446,
2023,PASO23n,Gobernador,BUENOS AIRES PRIMERO (BAP),3288,POSITIVO,0.09076656489809391,0.13627353815659068,0.023320895522388058,0.13966480446927373,0.050744248985115016,0.07473841554559044,0.3389830508474576,0.0,0.05571030640668524,
2023,PASO23n,Gobernador,CELESTE PROVIDA,3617,POSITIVO,0.09901807079792063,0.27254707631318137,0.1632462686567164,0.10474860335195531,0.34675236806495263,0.1681614349775785,0.0,0.0,0.24141132776230267,
2023,PASO23n,Gobernador,CONFIANZA PUBLICA,3606,POSITIVO,0.024754517699480158,0.08052527254707631,0.046641791044776115,0.0,0.03382949932341001,0.05605381165919283,0.0,0.0,0.12999071494893222,
2023,PASO23n,Gobernador,CORRIENTE DE PENSAMIENTO BONAERENSE,3137.0,POSITIVO,0.09076656489809391,0.1300792864222002,0.09328358208955223,0.17458100558659218,0.14377537212449254,0.13079222720478326,0.3389830508474576,0.0,0.12999071494893222,
2023,PASO23n,Gobernador,ESPERANZA DEL PUEBLO,3609,POSITIVO,0.00825150589982672,0.0061942517343904855,0.0,0.0,0.0,0.0,0.0,0.0,0.0,
2023,PASO23n,Gobernador,FRENTE DE IZQUIERDA Y DE TRABAJADORES - UNIDAD,3009.0,POSITIVO,1.5925406386665568,1.8520812685827552,1.4458955223880596,2.1298882681564244,1.5561569688768606,1.71898355754858,0.0,0.0,0.5942432683379758,
2023,PASO23n,Gobernador,FRENTE DE IZQUIERDA Y DE TRABAJADORES - UNIDAD,3010,POSITIVO,0.5528508952883902,0.6132309217046581,0.9095149253731344,0.6284916201117319,0.7104194857916103,0.952914798206278,0.3389830508474576,0.0,0.31569173630454966,
2023,PASO23n,Gobernador,FRENTE FEDERAL DE ACCION SOLIDARIA DE LA PROVINCIA DE BUENOS AIRES,3610,POSITIVO,0.024754517699480158,0.1300792864222002,0.06996268656716417,0.06983240223463687,0.11840324763193505,0.0,0.0,0.0,0.24141132776230267,
2023,PASO23n,Gobernador,FRENTE PATRIOTA FEDERAL,3021,POSITIVO,0.1732816238963611,0.204410307234886,0.046641791044776115,0.10474860335195531,0.1860622462787551,0.18684603886397608,0.3389830508474576,0.0,0.38997214484679665,
2023,PASO23n,Gobernador,JUNTOS POR EL CAMBIO,3602,POSITIVO,18.871193992903702,11.47175421209118,16.394589552238806,13.268156424581006,11.34979702300406,11.958146487294469,16.271186440677965,0.0,8.07799442896936,
2023,PASO23n,Gobernador,JUNTOS POR EL CAMBIO,3603,POSITIVO,26.809142668537007,17.523538156590686,23.484141791044777,21.298882681564248,16.3819350473613,18.423019431988042,21.35593220338983,18.51851851851852,12.534818941504177,
2023,PASO23n,Gobernador,JUSTICIA Y DIGNIDAD PATRIOTICA,3611,POSITIVO,0.05776054129878703,0.07433102081268583,0.18656716417910446,0.0,0.12686062246278756,0.1681614349775785,0.3389830508474576,0.0,0.12999071494893222,
2023,PASO23n,Gobernador,LA LIBERTAD AVANZA,3612,POSITIVO,19.300272299694694,25.526511397423192,24.603544776119403,24.825418994413408,26.919824086603516,26.924514200298955,23.728813559322035,18.51851851851852,27.78087279480037,
2023,PASO23n,Gobernador,LIBER.AR,3004,POSITIVO,0.3465632477927222,0.0,0.0,0.0,0.0,0.01868460388639761,0.0,0.0,0.0,
2023,PASO23n,Gobernador,MOVIMIENTO DE AVANZADA SOCIALISTA,3614,POSITIVO,0.23929367109497482,0.27874132804757185,0.25652985074626866,0.24441340782122906,0.2960081190798376,0.336322869955157,0.0,3.7037037037037033,0.20427112349117918,
2023,PASO23n,Gobernador,MOVIMIENTO DE INTEGRACION FEDERAL (MIF),3140,POSITIVO,0.03300602359930688,0.16105054509415262,0.11660447761194029,0.034916201117318434,0.26217861975642764,0.09342301943198804,0.3389830508474576,0.0,0.22284122562674097,
2023,PASO23n,Gobernador,MOVIMIENTO LIBRES DEL SUR,3019.0,POSITIVO,0.5528508952883902,0.7866699702675917,0.3498134328358209,0.6634078212290503,0.8626522327469555,0.5418535127055307,1.3559322033898304,3.7037037037037033,0.4271123491179201,
2023,PASO23n,Gobernador,POLITICA ABIERTA PARA LA INTEGRIDAD SOCIAL,3116,POSITIVO,0.0,0.0,0.0,0.0,0.008457374830852503,0.0,0.0,0.0,0.0,
2023,PASO23n,Gobernador,POLITICA OBRERA,3020,POSITIVO,0.14852710619688092,0.2849355797819623,0.3731343283582089,0.38407821229050276,0.3721244925575102,0.2428998505231689,0.0,0.0,0.18570102135561745,
2023,PASO23n,Gobernador,PRINCIPIOS Y VALORES,3011.0,POSITIVO,0.6106114365871771,0.7309217046580773,0.4897388059701493,0.6284916201117319,0.8372801082543978,0.952914798206278,1.0169491525423728,3.7037037037037033,0.6128133704735376,
2023,PASO23n,Gobernador,PROYECTO JOVEN,3165.0,POSITIVO,0.23929367109497482,0.1734390485629336,0.13992537313432835,0.13966480446927373,0.13531799729364005,0.18684603886397608,0.0,0.0,0.05571030640668524,
2023,PASO23n,Gobernador,TODOS POR BUENOS AIRES,3620,POSITIVO,0.049509035398960316,0.11149653121902874,0.023320895522388058,0.10474860335195531,0.10994587280108255,0.05605381165919283,0.0,0.0,0.11142061281337048,
2023,PASO23n,Gobernador,UNIDAD SOCIAL,3295,POSITIVO,0.0,0.0061942517343904855,0.0,0.0,0.016914749661705007,0.0,0.0,0.0,0.0,
2023,PASO23n,Gobernador,UNION POR LA PATRIA,3604,POSITIVO,30.076739004868386,39.32730426164519,30.713619402985078,34.986033519553075,38.98004059539919,36.696562032884906,34.23728813559322,51.85185185185185,47.39090064995358,
2023,PASO23n,Gobernador,VOCACION SOCIAL,3621,POSITIVO,0.00825150589982672,0.11769078295341923,0.06996268656716417,0.06983240223463687,0.19451962110960758,0.11210762331838565,0.0,0.0,0.1671309192200557,
2023,PASO23n,Intendente,AUTONOMISTA,3630,POSITIVO,0.10570824524312897,0.17647058823529413,0.13374944271065536,0.06745362563237774,0.24407526966380602,0.20840569642236886,0.37174721189591076,0.0,0.12192997735586135,
2023,PASO23n,Intendente,CORRIENTE DE PENSAMIENTO BONAERENSE,3137.0,POSITIVO,0.1626280696048138,0.1411764705882353,0.11145786892554616,0.16863406408094433,0.25194866545941264,0.20840569642236886,0.7434944237918215,0.0,0.20902281832433375,
2023,PASO23n,Intendente,FRENTE DE IZQUIERDA Y DE TRABAJADORES - UNIDAD,3009.0,POSITIVO,1.1140022767929745,1.4941176470588236,1.1814534106107892,1.6188870151770656,1.5353121801432956,1.198332754428621,0.0,0.0,0.2612785229054172,
2023,PASO23n,Intendente,FRENTE DE IZQUIERDA Y DE TRABAJADORES - UNIDAD,3010,POSITIVO,0.5366726296958855,0.5529411764705883,0.7579135086937138,0.5733558178752108,0.5747578930792852,0.7641542202153525,0.37174721189591076,0.0,0.2612785229054172,
2023,PASO23n,Intendente,FRENTE FEDERAL DE ACCION SOLIDARIA DE LA PROVINCIA DE BUENOS AIRES,3610,POSITIVO,0.01626280696048138,0.1,0.06687472135532768,0.06745362563237774,0.09448074954727974,0.0,0.0,0.0,0.20902281832433375,
2023,PASO23n,Intendente,FRENTE PATRIOTA FEDERAL,3021,POSITIVO,0.1707594730850545,0.18823529411764706,0.06687472135532768,0.1011804384485666,0.18108810329895283,0.13893713094824592,0.37174721189591076,0.0,0.3135342274865006,
2023,PASO23n,Intendente,JUNTOS POR EL CAMBIO,3602,POSITIVO,12.2702878516832,7.688235294117647,10.543914400356664,8.66779089376054,8.04661050310999,8.00625217089267,12.267657992565056,0.0,4.528827730360565,
2023,PASO23n,Intendente,JUNTOS POR EL CAMBIO,3603,POSITIVO,32.67197918360709,21.41764705882353,28.756130182790905,26.880269814502526,19.400047240374775,22.612018061827026,26.022304832713754,17.24137931034483,12.75039191778436,
2023,PASO23n,Intendente,LA LIBERTAD AVANZA,3612,POSITIVO,14.701577492275167,20.676470588235293,19.415960766830135,18.988195615514332,20.431462089599243,20.788468218131296,14.12639405204461,17.24137931034483,19.822330604424316,
2023,PASO23n,Intendente,LIBER.AR,3004,POSITIVO,0.2439421044072207,0.0,0.0,0.0,0.01574679159121329,0.12156998957971517,0.0,0.0,0.0,
2023,PASO23n,Intendente,MOVIMIENTO LIBRES DEL SUR,3019.0,POSITIVO,0.577329647097089,0.7764705882352941,0.28979045920642,0.7419898819561552,0.9999212660420439,0.48627995831886067,1.1152416356877324,3.4482758620689653,0.34837136387388956,
2023,PASO23n,Intendente,PRINCIPIOS Y VALORES,3011.0,POSITIVO,0.5610668401366076,0.8,0.4458314757021846,0.8094435075885328,0.7243524131958113,0.9030913511635985,1.1152416356877324,3.4482758620689653,0.45288277303605645,
2023,PASO23n,Intendente,PROYECTO JOVEN,3165.0,POSITIVO,0.2439421044072207,0.29411764705882354,0.1560410164957646,0.2360876897133221,0.1574679159121329,0.20840569642236886,0.0,0.0,0.03483713638738896,
2023,PASO23n,Intendente,UNION POR LA PATRIA,3604,POSITIVO,19.5234997560579,26.91176470588235,19.170753455193935,23.00168634064081,28.690654279190614,26.15491490100729,24.1635687732342,48.275862068965516,50.37449921616444,
2023,PASO23n,Intendente,UNION POR LA PATRIA,3631,POSITIVO,17.10034151894617,18.78235294117647,18.903254569772628,18.077571669477237,18.652074639792144,18.200764154220213,19.33085501858736,10.344827586206897,10.311792370667131,
2023,PASO23n,Parlamentarios Mercosur Nacionales,FRENTE DE IZQUIERDA Y DE TRABAJADORES - UNIDAD,3009.0,POSITIVO,1.6753926701570683,1.962599518607665,1.7184557438794725,2.0315236427320493,1.4770797962648556,1.759888482313992,0.0,0.0,0.6791483113069016,
2023,PASO23n,Parlamentarios Mercosur Nacionales,FRENTE DE IZQUIERDA Y DE TRABAJADORES - UNIDAD,3010,POSITIVO,0.6195462478184991,0.6109979633401221,0.9416195856873822,0.6304728546409807,0.6451612903225806,0.7666840913051054,0.3952569169960474,0.0,0.3303964757709251,
2023,PASO23n,Parlamentarios Mercosur Nacionales,FRENTE LIBER.AR,3002,POSITIVO,0.10471204188481677,0.3641300993643153,0.09416195856873823,0.14010507880910683,0.22920203735144312,0.15682174594877157,0.7905138339920948,0.0,0.3120411160058737,
2023,PASO23n,Parlamentarios Mercosur Nacionales,FRENTE LIBER.AR,3004,POSITIVO,0.008726003490401396,0.018515089798185523,0.0,0.0,0.5178268251273345,0.017424638438752395,0.0,0.0,0.12848751835535976,
2023,PASO23n,Parlamentarios Mercosur Nacionales,FRENTE PATRIOTA FEDERAL,3021,POSITIVO,0.2181500872600349,0.19749429118064557,0.07062146892655367,0.07005253940455342,0.18675721561969438,0.17424638438752396,0.3952569169960474,0.0,0.34875183553597655,
2023,PASO23n,Parlamentarios Mercosur Nacionales,HACEMOS POR NUESTRO PAIS,3001,POSITIVO,0.5584642233856894,1.0615318150959698,0.6355932203389831,0.7355516637478109,0.7470288624787775,0.7318348144276007,1.9762845849802373,0.0,0.9361233480176211,
2023,PASO23n,Parlamentarios Mercosur Nacionales,JUNTOS POR EL CAMBIO,3007.0,POSITIVO,15.951134380453752,10.220329568598407,14.453860640301318,11.733800350262696,10.229202037351442,11.291165708311553,15.019762845849801,0.0,7.23201174743025,
2023,PASO23n,Parlamentarios Mercosur Nacionales,JUNTOS POR EL CAMBIO,3008.0,POSITIVO,29.432809773123907,18.021354070233908,24.90583804143126,22.80210157618214,17.105263157894736,19.2542254748214,27.66798418972332,17.24137931034483,13.27092511013216,
2023,PASO23n,Parlamentarios Mercosur Nacionales,LA LIBERTAD AVANZA,3016.0,POSITIVO,20.462478184991273,26.927112263161142,25.44726930320151,25.28896672504378,27.09677419354839,26.88621711099495,28.85375494071146,17.24137931034483,27.47797356828194,
2023,PASO23n,Parlamentarios Mercosur Nacionales,MOVIMIENTO AL SOCIALISMO,3017.0,POSITIVO,0.19197207678883071,0.3394433129667346,0.23540489642184556,0.28021015761821366,0.37351443123938877,0.3484927687750479,0.0,3.4482758620689653,0.20190895741556536,
2023,PASO23n,Parlamentarios Mercosur Nacionales,MOVIMIENTO DE ACCION VECINAL,3025,POSITIVO,0.11343804537521816,0.29006974017157316,0.23540489642184556,0.21015761821366027,0.398981324278438,0.2787942150200383,0.0,0.0,0.5139500734214391,
2023,PASO23n,Parlamentarios Mercosur Nacionales,MOVIMIENTO IZQUIERDA JUVENTUD Y DIGNIDAD,3026,POSITIVO,0.026178010471204192,0.1357773251866938,0.09416195856873823,0.07005253940455342,0.16129032258064516,0.17424638438752396,0.3952569169960474,0.0,0.11013215859030838,
2023,PASO23n,Parlamentarios Mercosur Nacionales,MOVIMIENTO IZQUIERDA JUVENTUD Y DIGNIDAD,3027,POSITIVO,0.24432809773123912,0.29624143677096837,0.23540489642184556,0.28021015761821366,0.22920203735144312,0.3484927687750479,0.3952569169960474,3.4482758620689653,0.36710719530102787,
2023,PASO23n,Parlamentarios Mercosur Nacionales,MOVIMIENTO LIBRES DEL SUR,3019.0,POSITIVO,0.4712041884816754,0.8578658273159292,0.3531073446327684,0.6654991243432574,1.0780984719864177,0.5575884300400766,1.5810276679841897,0.0,0.5323054331864905,
2023,PASO23n,Parlamentarios Mercosur Nacionales,POLITICA OBRERA,3020,POSITIVO,0.12216404886561956,0.25303956057520216,0.3531073446327684,0.3852889667250438,0.4244482173174873,0.29621885345879073,0.0,0.0,0.20190895741556536,
2023,PASO23n,Parlamentarios Mercosur Nacionales,PRINCIPIOS Y VALORES,3011.0,POSITIVO,0.6631762652705061,0.8146639511201629,0.6355932203389831,0.7005253940455342,0.865874363327674,0.9409304756926294,2.371541501976284,3.4482758620689653,0.6607929515418502,
2023,PASO23n,Parlamentarios Mercosur Nacionales,PROYECTO JOVEN,3022,POSITIVO,0.22687609075043633,0.20366598778004072,0.14124293785310735,0.14010507880910683,0.14431239388794567,0.22652029970378113,0.0,0.0,0.07342143906020558,
2023,PASO23n,Parlamentarios Mercosur Nacionales,PROYECTO JOVEN,3024,POSITIVO,0.008726003490401396,0.0,0.0,0.0,0.0,0.0,0.0,0.0,0.0,
2023,PASO23n,Parlamentarios Mercosur Nacionales,PROYECTO JOVEN,3028,POSITIVO,0.008726003490401396,0.0,0.0,0.0,0.0,0.0,0.0,0.0,0.0,
2023,PASO23n,Parlamentarios Mercosur Nacionales,UNION POR LA PATRIA,3005,POSITIVO,28.891797556719023,37.425168178732335,29.44915254237288,33.835376532399295,38.08998302207131,35.790207353197424,20.158102766798418,55.172413793103445,46.62261380323054,
2023,PASO23n,Parlamentarios Mercosur Provinciales,BUENOS AIRES PRIMERO (BAP),3288,POSITIVO,0.07948423562660073,0.1302244822026541,0.02369106846718787,0.14169323414806942,0.042531473290234774,0.17841213202497772,0.33333333333333337,0.0,0.056980056980056974,
2023,PASO23n,Parlamentarios Mercosur Provinciales,CONFIANZA PUBLICA,3311.0,POSITIVO,0.017663163472577938,0.07441398983008807,0.04738213693437574,0.0,0.042531473290234774,0.05352363960749331,0.0,0.0,0.13295346628679963,
2023,PASO23n,Parlamentarios Mercosur Provinciales,CONSTRUYENDO PORVENIR,3135.0,POSITIVO,0.02649474520886691,0.11162098474513209,0.02369106846718787,0.035423308537017355,0.12759441987070433,0.2676181980374665,0.33333333333333337,0.0,0.15194681861348527,
2023,PASO23n,Parlamentarios Mercosur Provinciales,CORRIENTE DE PENSAMIENTO BONAERENSE,3137.0,POSITIVO,0.23845270687980216,0.1178221505643061,0.09476427386875148,0.17711654268508678,0.3147329023477373,0.17841213202497772,0.0,0.0,0.15194681861348527,
2023,PASO23n,Parlamentarios Mercosur Provinciales,FRENTE DE IZQUIERDA Y DE TRABAJADORES - UNIDAD,3009.0,POSITIVO,1.660337366422326,1.9285625697631155,1.634683724235963,2.1608218207580587,1.4886015651582172,1.784121320249777,0.0,0.0,0.6837606837606838,
2023,PASO23n,Parlamentarios Mercosur Provinciales,FRENTE DE IZQUIERDA Y DE TRABAJADORES - UNIDAD,3010,POSITIVO,0.6270423032765168,0.6201165819174005,0.9002606017531392,0.7793127878143818,0.6379720993535216,0.856378233719893,0.33333333333333337,0.0,0.3228869895536562,
2023,PASO23n,Parlamentarios Mercosur Provinciales,FRENTE FEDERAL DE ACCION SOLIDARIA DE LA PROVINCIA DE BUENOS AIRES,3272,POSITIVO,0.008831581736288969,0.037206994915044034,0.0,0.035423308537017355,0.03402517863218782,0.01784121320249777,0.0,0.0,0.11396011396011395,
2023,PASO23n,Parlamentarios Mercosur Provinciales,FRENTE FEDERAL DE ACCION SOLIDARIA DE LA PROVINCIA DE BUENOS AIRES,3280,POSITIVO,0.035326326945155875,0.049609326553392036,0.07107320540156362,0.0,0.06805035726437564,0.03568242640499554,0.0,0.0,0.0949667616334283,
2023,PASO23n,Parlamentarios Mercosur Provinciales,FRENTE PATRIOTA FEDERAL,3021,POSITIVO,0.2031263799346463,0.21704080367109016,0.07107320540156362,0.07084661707403471,0.2041510717931269,0.14272970561998216,0.33333333333333337,0.0,0.3418803418803419,
2023,PASO23n,Parlamentarios Mercosur Provinciales,HACEMOS POR NUESTRO PAIS,3001,POSITIVO,0.4945685772321823,1.060399355078755,0.5685856432125089,0.6730428622033299,0.7570602245661789,0.7671721677074042,1.6666666666666667,0.0,0.8736942070275403,
2023,PASO23n,Parlamentarios Mercosur Provinciales,JUNTOS POR EL CAMBIO,3007.0,POSITIVO,16.488563101651504,10.231923601637108,14.498933901918976,11.866808359900814,10.343654304185097,11.525423728813559,12.666666666666668,0.0,7.4074074074074066,
2023,PASO23n,Parlamentarios Mercosur Provinciales,JUNTOS POR EL CAMBIO,3008.0,POSITIVO,28.481851099531923,17.964777378147094,25.11253257521914,22.600070846617072,17.021095610751956,19.44692239072257,22.0,16.129032258064516,13.238366571699906,
2023,PASO23n,Parlamentarios Mercosur Provinciales,JUSTICIA Y DIGNIDAD PATRIOTICA,3231,POSITIVO,0.04415790868144485,0.08681632146843607,0.04738213693437574,0.0,0.0935692412385165,0.12488849241748438,0.0,0.0,0.056980056980056974,
2023,PASO23n,Parlamentarios Mercosur Provinciales,LA LIBERTAD AVANZA,3016.0,POSITIVO,20.4981012099267,26.342552399851172,25.467898602226963,23.98157987956075,27.118067369853694,25.976806422836752,26.0,16.129032258064516,27.597340930674264,
2023,PASO23n,Parlamentarios Mercosur Provinciales,LABORISTA,3167,POSITIVO,0.0,0.0,0.0,0.0,0.0,0.0,0.0,0.0,0.0,
2023,PASO23n,Parlamentarios Mercosur Provinciales,LABORISTA,3195,POSITIVO,0.0,0.0,0.0,0.0,0.0,0.0,0.0,0.0,0.0,
2023,PASO23n,Parlamentarios Mercosur Provinciales,LABORISTA,3259.0,POSITIVO,0.0,0.0062011658191740045,0.0,0.0,0.0,0.0,0.0,0.0,0.0,
2023,PASO23n,Parlamentarios Mercosur Provinciales,LABORISTA,3315,POSITIVO,0.0,0.0062011658191740045,0.0,0.0,0.0,0.0,0.0,0.0,0.0,
2023,PASO23n,Parlamentarios Mercosur Provinciales,LIBERTARIO,3216,POSITIVO,0.008831581736288969,0.018603497457522017,0.0,0.0,0.008506294658046955,0.0,0.0,0.0,0.03798670465337132,
2023,PASO23n,Parlamentarios Mercosur Provinciales,MOVIMIENTO DE AVANZADA SOCIALISTA,3017.0,POSITIVO,0.2031263799346463,0.2418454669477862,0.21321961620469082,0.21253985122210414,0.24668254508336168,0.32114183764495985,0.0,3.225806451612903,0.15194681861348527,
2023,PASO23n,Parlamentarios Mercosur Provinciales,MOVIMIENTO IZQUIERDA JUVENTUD Y DIGNIDAD,3026,POSITIVO,0.017663163472577938,0.12402331638348009,0.07107320540156362,0.07084661707403471,0.11058183055461042,0.08920606601248886,0.33333333333333337,0.0,0.07597340930674264,
2023,PASO23n,Parlamentarios Mercosur Provinciales,MOVIMIENTO LIBRES DEL SUR,3019.0,POSITIVO,0.4769054137596043,0.8247550539501426,0.35536602700781805,0.7084661707403471,0.9782238856753998,0.5709188224799286,1.3333333333333335,0.0,0.4748338081671415,
2023,PASO23n,Parlamentarios Mercosur Provinciales,MOVIMIENTO ORGANIZACION DEMOCRATICA,3289,POSITIVO,0.05298949041773382,0.14262681384100212,0.04738213693437574,0.035423308537017355,0.12759441987070433,0.07136485280999108,0.0,0.0,0.13295346628679963,
2023,PASO23n,Parlamentarios Mercosur Provinciales,NUEVA UNION CELESTE,3122.0,POSITIVO,0.12364214430804557,0.2790524618628302,0.16583747927031509,0.10626992561105207,0.3572643756379721,0.16057091882247992,0.0,0.0,0.2279202279202279,
2023,PASO23n,Parlamentarios Mercosur Provinciales,POLITICA ABIERTA PARA LA INTEGRIDAD SOCIAL,3116,POSITIVO,0.0,0.0,0.0,0.0,0.008506294658046955,0.07136485280999108,0.0,0.0,0.0,
2023,PASO23n,Parlamentarios Mercosur Provinciales,POLITICA OBRERA,3020,POSITIVO,0.13247372604433455,0.24804663276696018,0.35536602700781805,0.4250797024442083,0.4338210275603947,0.2854594112399643,0.0,0.0,0.17094017094017094,
2023,PASO23n,Parlamentarios Mercosur Provinciales,PRINCIPIOS Y VALORES,3011.0,POSITIVO,0.591715976331361,0.6201165819174005,0.4975124378109453,0.5313496280552604,0.7145287512759442,0.7493309545049063,2.0,3.225806451612903,0.5887939221272555,
2023,PASO23n,Parlamentarios Mercosur Provinciales,PRINCIPIOS Y VALORES,3170,POSITIVO,0.0,0.018603497457522017,0.0,0.0,0.008506294658046955,0.0,0.0,3.225806451612903,0.01899335232668566,
2023,PASO23n,Parlamentarios Mercosur Provinciales,PROYECTO JOVEN,3022,POSITIVO,0.2296211251435132,0.18603497457522014,0.14214641080312723,0.14169323414806942,0.11908812521265737,0.19625334522747548,0.0,0.0,0.07597340930674264,
2023,PASO23n,Parlamentarios Mercosur Provinciales,PROYECTO JOVEN,3023,POSITIVO,0.008831581736288969,0.0,0.0,0.0,0.0,0.0,0.0,0.0,0.0,
2023,PASO23n,Parlamentarios Mercosur Provinciales,PROYECTO JOVEN,3165.0,POSITIVO,0.017663163472577938,0.0,0.0,0.0,0.008506294658046955,0.0,0.0,0.0,0.0,
2023,PASO23n,Parlamentarios Mercosur Provinciales,TODOS POR BUENOS AIRES,3284,POSITIVO,0.061821072154022785,0.10541981892595807,0.02369106846718787,0.10626992561105207,0.11908812521265737,0.08920606601248886,0.0,0.0,0.056980056980056974,
2023,PASO23n,Parlamentarios Mercosur Provinciales,UNIDAD SOCIAL,3295,POSITIVO,0.0,0.024804663276696018,0.0,0.0,0.0,0.0,0.0,0.0,0.0,
2023,PASO23n,Parlamentarios Mercosur Provinciales,UNION POR LA PATRIA,3005,POSITIVO,29.1442197297536,38.05655463227087,29.47168917318171,35.06907545164719,38.278325961211294,35.95004460303301,32.666666666666664,58.06451612903226,46.571699905033235,
2023,PASO23n,Parlamentarios Mercosur Provinciales,VOCACION SOCIAL,3312,POSITIVO,0.02649474520886691,0.12402331638348009,0.09476427386875148,0.07084661707403471,0.187138482477033,0.08920606601248886,0.0,0.0,0.1899335232668566,
2023,PASO23n,Presidente,FRENTE DE IZQUIERDA Y DE TRABAJADORES - UNIDAD,3009.0,POSITIVO,1.5878349995799377,1.9065722020620932,1.7055655296229804,1.9135598812273176,1.4569031273836766,1.745718050065876,12.977099236641221,0.0,0.7252487771968291,
2023,PASO23n,Presidente,FRENTE DE IZQUIERDA Y DE TRABAJADORES - UNIDAD,3010,POSITIVO,0.5628833067293959,0.5760036864235931,0.8752244165170557,0.6268558231606731,0.6331045003813883,0.691699604743083,0.2544529262086514,0.0,0.2867262607522348,
2023,PASO23n,Presidente,FRENTE LIBER.AR,3002,POSITIVO,0.10921616399227085,0.3398421749899199,0.08976660682226212,0.13196964698119432,0.21357742181540806,0.14822134387351776,0.5089058524173028,0.0,0.33732501264968795,
2023,PASO23n,Presidente,FRENTE LIBER.AR,3003,POSITIVO,0.09241367722422919,0.28800184321179656,0.17953321364452424,0.23094688221709006,0.41189931350114417,0.18115942028985507,0.2544529262086514,0.0,0.2867262607522348,
2023,PASO23n,Presidente,FRENTE LIBER.AR,3004,POSITIVO,0.0,0.13248084787742642,0.0,0.0,0.007627765064836004,0.016469038208168644,0.0,0.0,0.06746500252993759,
2023,PASO23n,Presidente,FRENTE PATRIOTA FEDERAL,3021,POSITIVO,0.2184323279845417,0.19008121651978574,0.08976660682226212,0.03299241174529858,0.16781083142639205,0.13175230566534915,0.2544529262086514,0.0,0.3204587620172036,
2023,PASO23n,Presidente,HACEMOS POR NUESTRO PAIS,3001,POSITIVO,0.6889019574897084,1.520649732158286,0.7854578096947935,0.8907951171230617,0.7475209763539283,0.872859025032938,1.2722646310432568,0.0,1.0794400404790014,
2023,PASO23n,Presidente,JUNTOS POR EL CAMBIO,3007.0,POSITIVO,15.777535075191128,10.114624733598294,13.779174147217235,11.283404816892114,9.824561403508772,11.380105401844533,11.450381679389313,0.0,7.303086523865744,
2023,PASO23n,Presidente,JUNTOS POR EL CAMBIO,3008.0,POSITIVO,27.9845417121734,16.542825874085594,23.45152603231598,21.016166281755197,15.087719298245613,17.85243741765481,17.8117048346056,18.51851851851852,12.615955473098332,
2023,PASO23n,Presidente,LA LIBERTAD AVANZA,3016.0,POSITIVO,21.792825338150045,28.29906111399113,27.648114901256733,27.317716925107227,28.741418764302058,28.425559947299078,21.62849872773537,18.51851851851852,29.81953111823242,
2023,PASO23n,Presidente,MOVIMIENTO AL SOCIALISMO,3017.0,POSITIVO,0.2100310846005209,0.36288232244686364,0.24685816876122083,0.32992411745298583,0.3661327231121282,0.36231884057971014,0.0,3.7037037037037033,0.21926125822229717,
2023,PASO23n,Presidente,MOVIMIENTO DE ACCION VECINAL,3025,POSITIVO,0.10921616399227085,0.2707217326190888,0.2244165170556553,0.1979544704717915,0.2288329519450801,0.24703557312252966,0.0,0.0,0.47225501770956313,
2023,PASO23n,Presidente,MOVIMIENTO IZQUIERDA JUVENTUD Y DIGNIDAD,3026,POSITIVO,0.03360497353608334,0.14400092160589828,0.06732495511669659,0.06598482349059716,0.14492753623188406,0.16469038208168643,0.2544529262086514,0.0,0.10119750379490638,
2023,PASO23n,Presidente,MOVIMIENTO IZQUIERDA JUVENTUD Y DIGNIDAD,3027,POSITIVO,0.26043854490464585,0.28224180634756063,0.20197486535008974,0.26393929396238863,0.1983218916857361,0.36231884057971014,0.2544529262086514,3.7037037037037033,0.30359251138471915,
2023,PASO23n,Presidente,MOVIMIENTO LIBRES DEL SUR,3019.0,POSITIVO,0.4536671427371251,0.8294453084499741,0.3141831238779174,0.6268558231606731,0.8695652173913043,0.5434782608695652,1.0178117048346056,0.0,0.505987518974532,
2023,PASO23n,Presidente,POLITICA OBRERA,3020,POSITIVO,0.13441989414433336,0.22464143770520134,0.381508078994614,0.3629165291982844,0.2745995423340961,0.27997364953886694,0.0,0.0,0.1855287569573284,
2023,PASO23n,Presidente,PRINCIPIOS Y VALORES,3011.0,POSITIVO,0.8821305553221876,0.8640055296353897,0.8303411131059245,0.9237875288683602,0.7704042715484363,1.1363636363636365,1.5267175572519083,3.7037037037037033,0.8601787822567044,
2023,PASO23n,Presidente,PROYECTO JOVEN,3022,POSITIVO,0.22683357136856255,0.20736132711249353,0.13464991023339318,0.16496205872649292,0.12967200610221205,0.1976284584980237,0.0,0.0,0.05059875189745319,
2023,PASO23n,Presidente,PROYECTO JOVEN,3023,POSITIVO,0.008401243384020835,0.005760036864235932,0.0,0.0,0.007627765064836004,0.0,0.0,0.0,0.0,
2023,PASO23n,Presidente,PROYECTO JOVEN,3024,POSITIVO,0.008401243384020835,0.0,0.0,0.0,0.0,0.0,0.0,0.0,0.0,
2023,PASO23n,Presidente,UNION DEL CENTRO DEMOCRATICO,3018.0,POSITIVO,0.0,0.017280110592707794,0.04488330341113106,0.0,0.015255530129672007,0.0,0.0,0.0,0.0,
2023,PASO23n,Presidente,UNION POR LA PATRIA,3005,POSITIVO,19.835335629673192,26.404008985657505,21.18491921005386,22.33586275156714,27.78032036613272,24.703557312252965,16.793893129770993,37.03703703703704,33.024118738404454,
2023,PASO23n,Presidente,UNION POR LA PATRIA,3006,POSITIVO,9.022935394438376,10.477507056045159,7.764811490125672,11.283404816892114,11.922196796338673,10.556653491436101,13.740458015267176,14.814814814814813,11.435317928824421,
2023,PASO23n,Senador Nacional,BUENOS AIRES PRIMERO (BAP),3288,POSITIVO,0.07790184367696702,0.13483696984555038,0.02359046945034206,0.14069644741470277,0.042162071000927566,0.06995452955578874,0.38022813688212925,0.0,0.07429420505200594,
2023,PASO23n,Senador Nacional,CONFIANZA PUBLICA,3311.0,POSITIVO,0.017311520817103784,0.08580534444716843,0.04718093890068412,0.0,0.0674593136014841,0.05246589716684155,0.0,0.0,0.13001485884101038,
2023,PASO23n,Senador Nacional,CONSTRUYENDO PORVENIR,3135.0,POSITIVO,0.025967281225655673,0.10419220397156166,0.02359046945034206,0.035174111853675694,0.1349186272029682,0.13990905911157747,0.38022813688212925,0.0,0.1485884101040119,
2023,PASO23n,Senador Nacional,CORRIENTE DE PENSAMIENTO BONAERENSE,3137.0,POSITIVO,0.24236129143945295,0.12870801667075263,0.09436187780136825,0.17587055926837847,0.2614048402057509,0.06995452955578874,0.0,0.0,0.16716196136701336,
2023,PASO23n,Senador Nacional,FRENTE DE IZQUIERDA Y DE TRABAJADORES - UNIDAD,3009.0,POSITIVO,1.6272829568077556,1.9367492032360873,1.6513328615239444,2.1104467112205416,1.5094021418332069,1.7488632388947183,0.0,0.0,0.687221396731055,
2023,PASO23n,Senador Nacional,FRENTE DE IZQUIERDA Y DE TRABAJADORES - UNIDAD,3010,POSITIVO,0.6145589890071843,0.6190242706545722,0.9436187780136825,0.6331340133661625,0.640863479214099,0.8394543546694648,0.38022813688212925,0.0,0.3343239227340267,
2023,PASO23n,Senador Nacional,FRENTE FEDERAL DE ACCION SOLIDARIA DE LA PROVINCIA DE BUENOS AIRES,3107,POSITIVO,0.017311520817103784,0.049031625398381955,0.02359046945034206,0.0,0.059026899401298585,0.017488632388947184,0.0,0.0,0.018573551263001486,
2023,PASO23n,Senador Nacional,FRENTE FEDERAL DE ACCION SOLIDARIA DE LA PROVINCIA DE BUENOS AIRES,3272,POSITIVO,0.008655760408551892,0.036773719048786464,0.0,0.035174111853675694,0.042162071000927566,0.017488632388947184,0.0,0.0,0.09286775631500742,
2023,PASO23n,Senador Nacional,FRENTE FEDERAL DE ACCION SOLIDARIA DE LA PROVINCIA DE BUENOS AIRES,3280,POSITIVO,0.03462304163420757,0.05516057857317971,0.07077140835102619,0.0,0.059026899401298585,0.03497726477789437,0.0,0.0,0.09286775631500742,
2023,PASO23n,Senador Nacional,FRENTE PATRIOTA FEDERAL,3021,POSITIVO,0.20773824980524538,0.19612650159352782,0.07077140835102619,0.07034822370735139,0.18551311240408128,0.13990905911157747,0.38022813688212925,0.0,0.3343239227340267,
2023,PASO23n,Senador Nacional,HACEMOS POR NUESTRO PAIS,3001,POSITIVO,0.5453129057387691,1.0664378524148077,0.6605331446095777,0.6331340133661625,0.5818365798128005,0.7345225603357817,1.9011406844106464,0.0,0.9472511144130757,
2023,PASO23n,Senador Nacional,JUNTOS POR EL CAMBIO,3007.0,POSITIVO,16.4805678178828,10.376317724932582,14.437367303609342,12.029546253957088,10.532085336031706,11.420076949982512,14.44866920152091,0.0,7.540861812778603,
2023,PASO23n,Senador Nacional,JUNTOS POR EL CAMBIO,3008.0,POSITIVO,28.667878473123864,17.68815886246629,24.864354800660532,22.265212803376716,16.822666329370097,19.11507520111927,26.996197718631176,16.666666666666664,13.261515601783062,
2023,PASO23n,Senador Nacional,JUSTICIA Y DIGNIDAD PATRIOTICA,3231,POSITIVO,0.06059032285986324,0.08580534444716843,0.04718093890068412,0.0,0.14335104140315372,0.1049317943336831,0.0,0.0,0.09286775631500742,
2023,PASO23n,Senador Nacional,LA LIBERTAD AVANZA,3016.0,POSITIVO,20.22851207478577,26.44643294925227,25.477707006369428,25.25501231093915,27.245130280799394,26.827562084644978,27.376425855513308,16.666666666666664,27.247399702823177,
2023,PASO23n,Senador Nacional,LABORISTA,3167,POSITIVO,0.0,0.0,0.0,0.0,0.0,0.0,0.0,0.0,0.0,
2023,PASO23n,Senador Nacional,LABORISTA,3195,POSITIVO,0.0,0.0,0.0,0.0,0.0,0.0,0.0,0.0,0.0,
2023,PASO23n,Senador Nacional,LABORISTA,3259.0,POSITIVO,0.0,0.006128953174797744,0.0,0.0,0.0,0.0,0.0,0.0,0.0,
2023,PASO23n,Senador Nacional,LABORISTA,3315,POSITIVO,0.0,0.006128953174797744,0.0,0.0,0.0,0.0,0.0,0.0,0.0,
2023,PASO23n,Senador Nacional,LIBERTARIO,3216,POSITIVO,0.008655760408551892,0.018386859524393232,0.0,0.0,0.008432414200185513,0.0,0.0,0.0,0.03714710252600297,
2023,PASO23n,Senador Nacional,MOVIMIENTO DE AVANZADA SOCIALISTA,3017.0,POSITIVO,0.20773824980524538,0.25741603334150526,0.21231422505307856,0.2110446711220542,0.2698372544059364,0.36726128016789084,0.0,3.3333333333333335,0.18573551263001484,
2023,PASO23n,Senador Nacional,MOVIMIENTO IZQUIERDA JUVENTUD Y DIGNIDAD,3026,POSITIVO,0.025967281225655673,0.14096592302034813,0.09436187780136825,0.07034822370735139,0.15178345560333922,0.17488632388947184,0.38022813688212925,0.0,0.11144130757800891,
2023,PASO23n,Senador Nacional,MOVIMIENTO IZQUIERDA JUVENTUD Y DIGNIDAD,3027,POSITIVO,0.24236129143945295,0.288060799215494,0.23590469450342064,0.28139289482940555,0.22767518340500886,0.33228401538999647,0.38022813688212925,3.3333333333333335,0.3714710252600297,
2023,PASO23n,Senador Nacional,MOVIMIENTO LIBRES DEL SUR,3019.0,POSITIVO,0.4674110620618021,0.8519244912968864,0.3538570417551309,0.7034822370735139,1.1130786744244878,0.5596362364463099,1.520912547528517,0.0,0.48291233283803864,
2023,PASO23n,Senador Nacional,MOVIMIENTO ORGANIZACION DEMOCRATICA,3289,POSITIVO,0.051934562451311346,0.1532238293699436,0.04718093890068412,0.035174111853675694,0.1349186272029682,0.05246589716684155,0.0,0.0,0.13001485884101038,
2023,PASO23n,Senador Nacional,NUEVA UNION CELESTE,3122.0,POSITIVO,0.12983640612827838,0.26967393969110076,0.16513328615239442,0.1055223355610271,0.35416139640779154,0.17488632388947184,0.0,0.0,0.24145616641901932,
2023,PASO23n,Senador Nacional,POLITICA ABIERTA PARA LA INTEGRIDAD SOCIAL,3116,POSITIVO,0.0,0.018386859524393232,0.0,0.0,0.008432414200185513,0.06995452955578874,0.0,0.0,0.0,
2023,PASO23n,Senador Nacional,POLITICA OBRERA,3020,POSITIVO,0.12118064571972648,0.25741603334150526,0.3538570417551309,0.38691523039043263,0.44691795260983225,0.3147953830010493,0.0,0.0,0.18573551263001484,
2023,PASO23n,Senador Nacional,PRINCIPIOS Y VALORES,3011.0,POSITIVO,0.5885917077815286,0.6128953174797744,0.5189903279075253,0.4924375659514597,0.7167552070157686,0.7345225603357817,2.2813688212927756,3.3333333333333335,0.5757800891530461,
2023,PASO23n,Senador Nacional,PRINCIPIOS Y VALORES,3170,POSITIVO,0.025967281225655673,0.012257906349595489,0.0,0.0,0.008432414200185513,0.0,0.0,3.3333333333333335,0.018573551263001486,
2023,PASO23n,Senador Nacional,PROYECTO JOVEN,3022,POSITIVO,0.23370553103090105,0.18386859524393234,0.14154281670205238,0.14069644741470277,0.12648621300278268,0.19237495627841902,0.0,0.0,0.07429420505200594,
2023,PASO23n,Senador Nacional,PROYECTO JOVEN,3023,POSITIVO,0.008655760408551892,0.0,0.0,0.0,0.0,0.0,0.0,0.0,0.0,
2023,PASO23n,Senador Nacional,PROYECTO JOVEN,3165.0,POSITIVO,0.008655760408551892,0.0,0.0,0.0,0.025297242600556536,0.0,0.0,0.0,0.0,
2023,PASO23n,Senador Nacional,TODOS POR BUENOS AIRES,3284,POSITIVO,0.06924608326841514,0.10419220397156166,0.02359046945034206,0.1055223355610271,0.1349186272029682,0.08744316194473592,0.0,0.0,0.09286775631500742,
2023,PASO23n,Senador Nacional,UNIDAD SOCIAL,3295,POSITIVO,0.0,0.024515812699190977,0.0,0.0,0.0,0.0,0.0,0.0,0.0,
2023,PASO23n,Senador Nacional,UNION POR LA PATRIA,3005,POSITIVO,28.936207045788976,37.61951458690855,29.32295352677518,33.94301793879704,37.73505354583017,35.53690101434068,23.193916349809886,53.333333333333336,46.13670133729569,
2023,PASO23n,Senador Nacional,VOCACION SOCIAL,3312,POSITIVO,0.017311520817103784,0.16548173571953909,0.09436187780136825,0.14069644741470277,0.21081035500463782,0.06995452955578874,0.0,0.0,0.18573551263001484,
2023,PASO23n,Senador Provincial,BUENOS AIRES PRIMERO (BAP),3288,POSITIVO,0.09341032608695653,0.13848671786478658,0.02365744026496333,0.14260249554367202,0.05092946269416857,0.07366482504604051,0.3389830508474576,0.0,0.05644402634054562,
2023,PASO23n,Senador Provincial,CELESTE PROVIDA,3617,POSITIVO,0.10190217391304347,0.2643837341055017,0.14194464158977999,0.10695187165775401,0.3480179950768186,0.16574585635359115,0.0,0.0,0.20696142991533398,
2023,PASO23n,Senador Provincial,CONFIANZA PUBLICA,3606,POSITIVO,0.025475543478260868,0.08812791136850057,0.04731488052992666,0.0,0.03395297512944572,0.05524861878453039,0.0,0.0,0.1317027281279398,
2023,PASO23n,Senador Provincial,CORRIENTE DE PENSAMIENTO BONAERENSE,3137.0,POSITIVO,0.09341032608695653,0.13219186705275085,0.09462976105985332,0.17825311942959002,0.13581190051778289,0.1289134438305709,0.6779661016949152,0.0,0.11288805268109124,
2023,PASO23n,Senador Provincial,ESPERANZA DEL PUEBLO,3609,POSITIVO,0.008491847826086956,0.006294850812035755,0.0,0.0,0.0,0.0,0.0,0.0,0.0,
2023,PASO23n,Senador Provincial,FRENTE DE IZQUIERDA Y DE TRABAJADORES - UNIDAD,3009.0,POSITIVO,1.6219429347826089,1.8129170338662972,1.5613910574875798,2.2816399286987523,1.5363721246074187,1.6758747697974217,0.0,0.0,0.6020696142991533,
2023,PASO23n,Senador Provincial,FRENTE DE IZQUIERDA Y DE TRABAJADORES - UNIDAD,3010,POSITIVO,0.5859375,0.616895379579504,0.9462976105985333,0.6060606060606061,0.7045242339359986,0.9392265193370166,0.3389830508474576,0.0,0.3198494825964252,
2023,PASO23n,Senador Provincial,FRENTE FEDERAL DE ACCION SOLIDARIA DE LA PROVINCIA DE BUENOS AIRES,3610,POSITIVO,0.016983695652173912,0.1825506735490369,0.09462976105985332,0.07130124777183601,0.09337068160597572,0.0,0.0,0.0,0.20696142991533398,
2023,PASO23n,Senador Provincial,JUNTOS POR EL CAMBIO,3602,POSITIVO,16.77139945652174,10.66347727558857,14.052519517388218,11.942959001782532,10.584839996604703,11.546961325966851,13.559322033898304,0.0,7.187206020696143,
2023,PASO23n,Senador Provincial,JUNTOS POR EL CAMBIO,3603,POSITIVO,29.118546195652172,17.952914515925972,24.958599479536314,22.745098039215687,16.900093370681606,19.447513812154696,23.728813559322035,18.51851851851852,12.944496707431796,
2023,PASO23n,Senador Provincial,JUSTICIA Y DIGNIDAD PATRIOTICA,3611,POSITIVO,0.042459239130434784,0.08812791136850057,0.04731488052992666,0.0,0.11034716917069859,0.14732965009208102,0.3389830508474576,0.0,0.09407337723424271,
2023,PASO23n,Senador Provincial,LA LIBERTAD AVANZA,3612,POSITIVO,19.599184782608695,25.575978849301272,24.79299739768157,25.062388591800357,26.169255581020284,26.169429097605896,23.389830508474578,18.51851851851852,26.67920978363123,
2023,PASO23n,Senador Provincial,LIBER.AR,3004,POSITIVO,0.3226902173913043,0.0,0.0,0.0,0.0,0.0,0.0,0.0,0.0,
2023,PASO23n,Senador Provincial,MOVIMIENTO DE AVANZADA SOCIALISTA,3614,POSITIVO,0.22078804347826086,0.24549918166939444,0.23657440264963334,0.24955436720142604,0.30557677616501144,1.4180478821362799,0.0,3.7037037037037033,0.22577610536218248,
2023,PASO23n,Senador Provincial,MOVIMIENTO DE INTEGRACION FEDERAL (MIF),3140,POSITIVO,0.033967391304347824,0.15737127030089387,0.09462976105985332,0.035650623885918005,0.2546473134708429,0.09208103130755065,0.0,0.0,0.20696142991533398,
2023,PASO23n,Senador Provincial,MOVIMIENTO LIBRES DEL SUR,3019.0,POSITIVO,0.602921195652174,0.7553820974442906,0.35486160397444994,0.7843137254901961,1.1034716917069858,0.5893186003683241,1.3559322033898304,3.7037037037037033,0.41392285983066796,
2023,PASO23n,Senador Provincial,POLITICA OBRERA,3020,POSITIVO,0.15285326086956522,0.2706785849175375,0.3785190442394133,0.42780748663101603,0.41592394533571003,0.34990791896869244,0.0,0.0,0.16933207902163688,
2023,PASO23n,Senador Provincial,PRINCIPIOS Y VALORES,3011.0,POSITIVO,0.6368885869565217,0.7050232909480045,0.5204636858291932,0.6417112299465241,0.7639419404125287,0.9392265193370166,1.694915254237288,3.7037037037037033,0.6020696142991533,
2023,PASO23n,Senador Provincial,PROYECTO JOVEN,3165.0,POSITIVO,0.24626358695652176,0.1825506735490369,0.16560208185474332,0.17825311942959002,0.1443001443001443,0.22099447513812157,0.0,0.0,0.03762935089369708,
2023,PASO23n,Senador Provincial,TODOS POR BUENOS AIRES,3620,POSITIVO,0.050951086956521736,0.10701246380460783,0.02365744026496333,0.14260249554367202,0.11034716917069859,0.036832412523020254,0.0,0.0,0.09407337723424271,
2023,PASO23n,Senador Provincial,UNION POR LA PATRIA,3604,POSITIVO,29.645040760869566,39.9471232531789,31.393423231606338,34.33155080213904,40.039045921398866,35.91160220994475,34.57627118644068,51.85185185185185,49.52022577610536,
2023,PASO23n,Senador Provincial,VOCACION SOCIAL,3621,POSITIVO,0.008491847826086956,0.10701246380460783,0.07097232079488999,0.07130124777183601,0.19522960699431288,0.09208103130755065,0.0,0.0,0.18814675446848542,
